title,ref,details,status,CELEX number:,Languages:,Form:,Author:,Date of document:,link,page,Number of pages:,Latest consolidated version:,hash_id
"Regulation (EU) 2024/1244 of the European Parliament and of the Council of 24 April 2024 on reporting of environmental data from industrial installations, establishing an Industrial Emissions Portal and repealing Regulation (EC) No 166/2006 (Text with EEA relevance)",PE/101/2023/REV/1,"OJ L, 2024/1244,  2.5.2024, ELI:http://data.europa.eu/eli/reg/2024/1244/oj(BG, ES, CS, DA, DE, ET, EL, EN, FR, GA, HR, IT, LV, LT, HU, MT, NL, PL, PT, RO, SK, SL, FI, SV)",In force,32024R1244,"BG, ES, CS, DA, DE, ET, EL, EN, FR, GA, HR, IT, LV, LT, HU, MT, NL, PL, PT, RO, SK, SL, FI, SV",Regulation,"European Parliament, Council of the European Union",24/04/2024,https://eur-lex.europa.eu/legal-content/AUTO/?uri=CELEX:32024R1244,1,,,47bd3fa7f4dcf9c05c75e13473c58201023b4b6ebb078eaabd4f475ecd2bc5ff
"Regulation (EU) 2024/1157 of the European Parliament and of the Council of 11 April 2024 on shipments of waste, amending Regulations (EU) No 1257/2013 and (EU) 2020/1056 and repealing Regulation (EC) No 1013/2006 (Text with EEA relevance)",PE/84/2023/REV/1,"OJ L, 2024/1157,  30.4.2024, ELI:http://data.europa.eu/eli/reg/2024/1157/oj(BG, ES, CS, DA, DE, ET, EL, EN, FR, GA, HR, IT, LV, LT, HU, MT, NL, PL, PT, RO, SK, SL, FI, SV)",In force,32024R1157,"BG, ES, CS, DA, DE, ET, EL, EN, FR, GA, HR, IT, LV, LT, HU, MT, NL, PL, PT, RO, SK, SL, FI, SV",Regulation,"European Parliament, Council of the European Union",11/04/2024,https://eur-lex.europa.eu/legal-content/AUTO/?uri=CELEX:32024R1157,1,,09/01/2025,57ba52cf0fef78af55c69d1eabbee47696e3ebc7d5f01e1fdf058f787a04fb72
Regulation (EU) 2024/1991 of the European Parliament and of the Council of 24 June 2024 on nature restoration and amending Regulation (EU) 2022/869 (Text with EEA relevance),PE/74/2023/REV/1,"OJ L, 2024/1991,  29.7.2024, ELI:http://data.europa.eu/eli/reg/2024/1991/oj(BG, ES, CS, DA, DE, ET, EL, EN, FR, GA, HR, IT, LV, LT, HU, MT, NL, PL, PT, RO, SK, SL, FI, SV)",In force,32024R1991,"BG, ES, CS, DA, DE, ET, EL, EN, FR, GA, HR, IT, LV, LT, HU, MT, NL, PL, PT, RO, SK, SL, FI, SV",Regulation,"European Parliament, Council of the European Union",24/06/2024,https://eur-lex.europa.eu/legal-content/AUTO/?uri=CELEX:32024R1991,1,,,50c96d004fde33d9fd8bd6f75d3eda254f578fb3c5bb2cebef346c397784cb53
"Regulation (EU) 2025/40 of the European Parliament and of the Council of 19 December 2024 on packaging and packaging waste, amending Regulation (EU) 2019/1020 and Directive (EU) 2019/904, and repealing Directive 94/62/EC (Text with EEA relevance)",PE/73/2024/REV/1,"OJ L, 2025/40,  22.1.2025, ELI:http://data.europa.eu/eli/reg/2025/40/oj(BG, ES, CS, DA, DE, ET, EL, EN, FR, GA, HR, IT, LV, LT, HU, MT, NL, PL, PT, RO, SK, SL, FI, SV)",In force,32025R0040,"BG, ES, CS, DA, DE, ET, EL, EN, FR, GA, HR, IT, LV, LT, HU, MT, NL, PL, PT, RO, SK, SL, FI, SV",Regulation,"European Parliament, Council of the European Union",19/12/2024,https://eur-lex.europa.eu/legal-content/AUTO/?uri=CELEX:32025R0040,1,,,6b1960790783fb7725fee69e9b65a0139dc873daa00ad324ed9078a148bbdac9
Directive (EU) 2024/3019 of the European Parliament and of the Council of 27 November 2024 concerning urban wastewater treatment (recast) (Text with EEA relevance),PE/85/2024/REV/1,"OJ L, 2024/3019,  12.12.2024, ELI:http://data.europa.eu/eli/dir/2024/3019/oj(BG, ES, CS, DA, DE, ET, EL, EN, FR, GA, HR, IT, LV, LT, HU, MT, NL, PL, PT, RO, SK, SL, FI, SV)",In force,32024L3019,"BG, ES, CS, DA, DE, ET, EL, EN, FR, GA, HR, IT, LV, LT, HU, MT, NL, PL, PT, RO, SK, SL, FI, SV",Directive,"European Parliament, Council of the European Union",27/11/2024,https://eur-lex.europa.eu/legal-content/AUTO/?uri=CELEX:32024L3019,2,,12/12/2024,6963b53b503d6a80975aa95f79f441f133e8bc7334dd0faacd14edba04a5d684
Directive (EU) 2024/1203 of the European Parliament and of the Council of 11 April 2024 on the protection of the environment through criminal law and replacing Directives 2008/99/EC and 2009/123/EC,PE/82/2023/REV/1,"OJ L, 2024/1203,  30.4.2024, ELI:http://data.europa.eu/eli/dir/2024/1203/oj(BG, ES, CS, DA, DE, ET, EL, EN, FR, GA, HR, IT, LV, LT, HU, MT, NL, PL, PT, RO, SK, SL, FI, SV)",In force,32024L1203,"BG, ES, CS, DA, DE, ET, EL, EN, FR, GA, HR, IT, LV, LT, HU, MT, NL, PL, PT, RO, SK, SL, FI, SV",Directive,"European Parliament, Council of the European Union",11/04/2024,https://eur-lex.europa.eu/legal-content/AUTO/?uri=CELEX:32024L1203,2,,30/04/2024,7eed3733fa0356ef46f9ee91bc213add5ad7f541cb24454bb0da80b6302570fd
Directive (EU) 2024/1760 of the European Parliament and of the Council of 13 June 2024 on corporate sustainability due diligence and amending Directive (EU) 2019/1937 and Regulation (EU) 2023/2859 (Text with EEA relevance),PE/9/2024/REV/1,"OJ L, 2024/1760,  5.7.2024, ELI:http://data.europa.eu/eli/dir/2024/1760/oj(BG, ES, CS, DA, DE, ET, EL, EN, FR, GA, HR, IT, LV, LT, HU, MT, NL, PL, PT, RO, SK, SL, FI, SV)",In force,32024L1760,"BG, ES, CS, DA, DE, ET, EL, EN, FR, GA, HR, IT, LV, LT, HU, MT, NL, PL, PT, RO, SK, SL, FI, SV",Directive,"European Parliament, Council of the European Union",13/06/2024,https://eur-lex.europa.eu/legal-content/AUTO/?uri=CELEX:32024L1760,2,,17/04/2025,16925169b0ae9b62a732e0336aa04a6ba1e067ee5b6abbf13f7f4452d9208c44
"Regulation (EU) 2024/3012 of the European Parliament and of the Council of 27 November 2024 establishing a Union certification framework for permanent carbon removals, carbon farming and carbon storage in products",PE/92/2024/REV/1,"OJ L, 2024/3012,  6.12.2024, ELI:http://data.europa.eu/eli/reg/2024/3012/oj(BG, ES, CS, DA, DE, ET, EL, EN, FR, GA, HR, IT, LV, LT, HU, MT, NL, PL, PT, RO, SK, SL, FI, SV)",In force,32024R3012,"BG, ES, CS, DA, DE, ET, EL, EN, FR, GA, HR, IT, LV, LT, HU, MT, NL, PL, PT, RO, SK, SL, FI, SV",Regulation,"European Parliament, Council of the European Union",27/11/2024,https://eur-lex.europa.eu/legal-content/AUTO/?uri=CELEX:32024R3012,3,,,b9474b7daad4ab20f377bcd0e986c0d12b2594c03a006dbf66d162e65eb6a203
"Regulation (EU) 2024/573 of the European Parliament and of the Council of 7 February 2024 on fluorinated greenhouse gases, amending Directive (EU) 2019/1937 and repealing Regulation (EU) No 517/2014 (Text with EEA relevance)",PE/60/2023/REV/1,"OJ L, 2024/573,  20.2.2024, ELI:http://data.europa.eu/eli/reg/2024/573/oj(BG, ES, CS, DA, DE, ET, EL, EN, FR, GA, HR, IT, LV, LT, HU, MT, NL, PL, PT, RO, SK, SL, FI, SV)",In force,32024R0573,"BG, ES, CS, DA, DE, ET, EL, EN, FR, GA, HR, IT, LV, LT, HU, MT, NL, PL, PT, RO, SK, SL, FI, SV",Regulation,"European Parliament, Council of the European Union",07/02/2024,https://eur-lex.europa.eu/legal-content/AUTO/?uri=CELEX:32024R0573,3,,20/02/2024,bd266bded910ea069774cbf6b66c8c4ded60368c45dcadc3fe34d9f124c595a8
"Regulation (EU) 2024/590 of the European Parliament and of the Council of 7 February 2024 on substances that deplete the ozone layer, and repealing Regulation (EC) No 1005/2009 (Text with EEA relevance)",PE/61/2023/REV/1,"OJ L, 2024/590,  20.2.2024, ELI:http://data.europa.eu/eli/reg/2024/590/oj(BG, ES, CS, DA, DE, ET, EL, EN, FR, GA, HR, IT, LV, LT, HU, MT, NL, PL, PT, RO, SK, SL, FI, SV)",In force,32024R0590,"BG, ES, CS, DA, DE, ET, EL, EN, FR, GA, HR, IT, LV, LT, HU, MT, NL, PL, PT, RO, SK, SL, FI, SV",Regulation,"European Parliament, Council of the European Union",07/02/2024,https://eur-lex.europa.eu/legal-content/AUTO/?uri=CELEX:32024R0590,4,,,4b1092de815245918a8aadf4db3baff15af77f617fa24547e5f070271837f097
Regulation (EU) 2024/2803 of the European Parliament and of the Council of 23 October 2024 on the implementation of the Single European Sky (recast) (Text with EEA relevance),PE/97/2024/INIT,"OJ L, 2024/2803,  11.11.2024, ELI:http://data.europa.eu/eli/reg/2024/2803/oj(BG, ES, CS, DA, DE, ET, EL, EN, FR, GA, HR, IT, LV, LT, HU, MT, NL, PL, PT, RO, SK, SL, FI, SV)",In force,32024R2803,"BG, ES, CS, DA, DE, ET, EL, EN, FR, GA, HR, IT, LV, LT, HU, MT, NL, PL, PT, RO, SK, SL, FI, SV",Regulation,"European Parliament, Council of the European Union",23/10/2024,https://eur-lex.europa.eu/legal-content/AUTO/?uri=CELEX:32024R2803,5,,,843f9e9f3d8a7dfe7549974812e3a8575610aadb0f4c07beb9859174b24dffb2
Council Decision (EU) 2025/1259 of 19 June 2025 on the position to be taken on behalf of the European Union within the Commission established by the Convention for the Protection of the Marine Environment of the North-East Atlantic at its 28th meeting,ST/9662/2025/INIT,"OJ L, 2025/1259,  26.6.2025, ELI:http://data.europa.eu/eli/dec/2025/1259/oj(BG, ES, CS, DA, DE, ET, EL, EN, FR, GA, HR, IT, LV, LT, HU, MT, NL, PL, PT, RO, SK, SL, FI, SV)",In force,32025D1259,"BG, ES, CS, DA, DE, ET, EL, EN, FR, GA, HR, IT, LV, LT, HU, MT, NL, PL, PT, RO, SK, SL, FI, SV",Decision,Council of the European Union,19/06/2025; Date of adoption,https://eur-lex.europa.eu/legal-content/AUTO/?uri=CELEX:32025D1259,10,,,14ef74ba7eed27b86bc4b0c5c91115f0a6acf34cd3d25cb1756ac7fc06a3d2ce
"Commission Delegated Regulation (EU) 2025/192 of 9 September 2024 on procedures for the accreditation of verifiers pursuant to Regulation (EU) 2023/1805 of the European Parliament and of the Council on the use of renewable and low-carbon fuels in maritime transport, and amending Directive 2009/16/EC of the European Parliament and of the Council",C/2024/6218,"OJ L, 2025/192,  29.1.2025, ELI:http://data.europa.eu/eli/reg_del/2025/192/oj(BG, ES, CS, DA, DE, ET, EL, EN, FR, GA, HR, IT, LV, LT, HU, MT, NL, PL, PT, RO, SK, SL, FI, SV)",In force,32025R0192,"BG, ES, CS, DA, DE, ET, EL, EN, FR, GA, HR, IT, LV, LT, HU, MT, NL, PL, PT, RO, SK, SL, FI, SV",Delegated regulation,"European Commission, Directorate-General for Mobility and Transport",09/09/2024; Date of adoption,https://eur-lex.europa.eu/legal-content/AUTO/?uri=CELEX:32025R0192,13,,,84f6c0557a250ffcbafa34bc087a053239d3a6b39d9596df2410538229ce80d2
"Commission Implementing Regulation (EU) 2024/2031 of 26 July 2024 on the template for monitoring plans pursuant to Regulation (EU) 2023/1805 of the European Parliament and of the Council on the use of renewable and low-carbon fuels in maritime transport, and amending Directive 2009/16/EC",C/2024/5221,"OJ L, 2024/2031,  29.7.2024, ELI:http://data.europa.eu/eli/reg_impl/2024/2031/oj(BG, ES, CS, DA, DE, ET, EL, EN, FR, GA, HR, IT, LV, LT, HU, MT, NL, PL, PT, RO, SK, SL, FI, SV)",In force,32024R2031,"BG, ES, CS, DA, DE, ET, EL, EN, FR, GA, HR, IT, LV, LT, HU, MT, NL, PL, PT, RO, SK, SL, FI, SV",Implementing regulation,"European Commission, Directorate-General for Mobility and Transport",26/07/2024; Date of adoption,https://eur-lex.europa.eu/legal-content/AUTO/?uri=CELEX:32024R2031,14,,,ce33dfd0eda1f1c424574ad8800614cc4795ac9b27726312ac7b5fcbfb001be1
"Commission Decision (EU) 2024/721 of 27 February 2024 establishing, pursuant to Directive 2000/60/EC of the European Parliament and of the Council, the values of the Member State monitoring system classifications as a result of the intercalibration exercise and repealing Commission Decision (EU) 2018/229 (notified under document C(2024) 1113)",C/2024/1113,"OJ L, 2024/721,  8.3.2024, ELI:http://data.europa.eu/eli/dec/2024/721/oj(BG, ES, CS, DA, DE, ET, EL, EN, FR, GA, HR, IT, LV, LT, HU, MT, NL, PL, PT, RO, SK, SL, FI, SV)",In force,32024D0721,"BG, ES, CS, DA, DE, ET, EL, EN, FR, GA, HR, IT, LV, LT, HU, MT, NL, PL, PT, RO, SK, SL, FI, SV",Decision,"European Commission, Directorate-General for Environment",27/02/2024; Date of adoption,https://eur-lex.europa.eu/legal-content/AUTO/?uri=CELEX:32024D0721,14,,,36d880fd2deccaf3a4a38706f2409f725719c46e25a1cea54dc1d9f652c60e64
"Commission Implementing Regulation (EU) 2024/2027 of 26 July 2024 on verification activities pursuant to Regulation (EU) 2023/1805 of the European Parliament and of the Council on the use of renewable and low-carbon fuels in maritime transport, and amending Directive 2009/16/EC",C/2024/5225,"OJ L, 2024/2027,  29.7.2024, ELI:http://data.europa.eu/eli/reg_impl/2024/2027/oj(BG, ES, CS, DA, DE, ET, EL, EN, FR, GA, HR, IT, LV, LT, HU, MT, NL, PL, PT, RO, SK, SL, FI, SV)",In force,32024R2027,"BG, ES, CS, DA, DE, ET, EL, EN, FR, GA, HR, IT, LV, LT, HU, MT, NL, PL, PT, RO, SK, SL, FI, SV",Implementing regulation,"European Commission, Directorate-General for Mobility and Transport",26/07/2024; Date of adoption,https://eur-lex.europa.eu/legal-content/AUTO/?uri=CELEX:32024R2027,17,,,26dacb2f54e133910fc7b600dcbc6f11aab2fe2287e6e3cd1fcef82d3192c9b1
Commission Implementing Regulation (EU) 2025/912 of 19 May 2025 laying down rules for the application of Regulation (EU) 2024/1991 of the European Parliament and of the Council as regards a uniform format for the national restoration plan,C/2025/3045,"OJ L, 2025/912,  20.5.2025, ELI:http://data.europa.eu/eli/reg_impl/2025/912/oj(BG, ES, CS, DA, DE, ET, EL, EN, FR, GA, HR, IT, LV, LT, HU, MT, NL, PL, PT, RO, SK, SL, FI, SV)",In force,32025R0912,"BG, ES, CS, DA, DE, ET, EL, EN, FR, GA, HR, IT, LV, LT, HU, MT, NL, PL, PT, RO, SK, SL, FI, SV",Implementing regulation,"European Commission, Directorate-General for Environment",19/05/2025; Date of adoption,https://eur-lex.europa.eu/legal-content/AUTO/?uri=CELEX:32025R0912,19,,,11a099d0b2f1212e6e62e356653160bc50f0aca0a7e904855ad3c497657cc59c
"Commission Implementing Regulation (EU) 2024/1281 of 7 May 2024 amending Implementing Regulation (EU) 2020/1208 on structure, format, submission processes and review of information reported by Member States pursuant to Regulation (EU) 2018/1999 of the European Parliament and of the Council",C/2024/2848,"OJ L, 2024/1281,  17.5.2024, ELI:http://data.europa.eu/eli/reg_impl/2024/1281/oj(BG, ES, CS, DA, DE, ET, EL, EN, FR, GA, HR, IT, LV, LT, HU, MT, NL, PL, PT, RO, SK, SL, FI, SV)",In force,32024R1281,"BG, ES, CS, DA, DE, ET, EL, EN, FR, GA, HR, IT, LV, LT, HU, MT, NL, PL, PT, RO, SK, SL, FI, SV",Implementing regulation,"European Commission, Directorate-General for Climate Action",07/05/2024; Date of adoption,https://eur-lex.europa.eu/legal-content/AUTO/?uri=CELEX:32024R1281,22,,,e7115f35179e17a5891c4d3a4317ee544bf77e151659e5b6bbafbcb3190d2995
"Commission Implementing Decision (EU) 2024/2489 of 11 September 2024 on the request for registration, pursuant to Regulation (EU) 2019/788 of the European Parliament and of the Council, of the European citizens’ initiative entitled ECI for a Water-Smart and Resilient Europe (notified under document C(2024) 6087)",C/2024/6087,"OJ L, 2024/2489,  19.9.2024, ELI:http://data.europa.eu/eli/dec_impl/2024/2489/oj(BG, ES, CS, DA, DE, ET, EL, EN, FR, GA, HR, IT, LV, LT, HU, MT, NL, PL, PT, RO, SK, SL, FI, SV)",In force,32024D2489,"BG, ES, CS, DA, DE, ET, EL, EN, FR, GA, HR, IT, LV, LT, HU, MT, NL, PL, PT, RO, SK, SL, FI, SV",Implementing decision,"European Commission, Secretariat-General",11/09/2024; Date of adoption,https://eur-lex.europa.eu/legal-content/AUTO/?uri=CELEX:32024D2489,24,,,ce14b3378fabfcbad792ed8d9340895853ec686572a706c533f12d7506b6be8a
Commission Implementing Regulation (EU) 2025/772 of 16 April 2025 amending and correcting Implementing Regulation (EU) 2019/1842 laying down rules for the application of Directive 2003/87/EC of the European Parliament and of the Council as regards further arrangements for the adjustments to free allocation of emission allowances due to activity level changes,C/2025/2263,"OJ L, 2025/772,  22.4.2025, ELI:http://data.europa.eu/eli/reg_impl/2025/772/oj(BG, ES, CS, DA, DE, ET, EL, EN, FR, GA, HR, IT, LV, LT, HU, MT, NL, PL, PT, RO, SK, SL, FI, SV)",In force,32025R0772,"BG, ES, CS, DA, DE, ET, EL, EN, FR, GA, HR, IT, LV, LT, HU, MT, NL, PL, PT, RO, SK, SL, FI, SV",Implementing regulation,"European Commission, Directorate-General for Climate Action",16/04/2025; Date of adoption,https://eur-lex.europa.eu/legal-content/AUTO/?uri=CELEX:32025R0772,27,,,c7702a86e6e8f8b16c3e314f6d95a353a376a21de39bbd30af2acaca4694ce8e
"Commission Decision of 24 March 2025 instructing the Central Administrator of the Union Registry to enter changes to the national allocation tables of Belgium, Denmark, Germany, Ireland, Spain, France, Croatia, Italy, Luxembourg, Hungary, the Netherlands, Austria, Poland, Romania, Finland and Sweden into the Union Registry",C/2025/1875,"OJ C, C/2025/2755,  26.5.2025, ELI:http://data.europa.eu/eli/C/2025/2755/oj(BG, ES, CS, DA, DE, ET, EL, EN, FR, GA, HR, IT, LV, LT, HU, MT, NL, PL, PT, RO, SK, SL, FI, SV)",In force,32025D02755,"BG, ES, CS, DA, DE, ET, EL, EN, FR, GA, HR, IT, LV, LT, HU, MT, NL, PL, PT, RO, SK, SL, FI, SV",Decision,"European Commission, Directorate-General for Climate Action",24/03/2025; Date of adoption,https://eur-lex.europa.eu/legal-content/AUTO/?uri=CELEX:32025D02755,30,,,4cd6f1dc38990ae84d528e87d0a587d34a91a9d796c75f5448c297019c5d2eb3
"Commission Decision of 7 March 2025 instructing the central administrator to enter changes to the national allocation tables of Czechia, Germany, Croatia, Italy and Slovakia into the Union Registry",C/2025/1586,"OJ C, C/2025/2619,  7.5.2025, ELI:http://data.europa.eu/eli/C/2025/2619/oj(BG, ES, CS, DA, DE, ET, EL, EN, FR, GA, HR, IT, LV, LT, HU, MT, NL, PL, PT, RO, SK, SL, FI, SV)",In force,32025D02619,"BG, ES, CS, DA, DE, ET, EL, EN, FR, GA, HR, IT, LV, LT, HU, MT, NL, PL, PT, RO, SK, SL, FI, SV",Decision,"European Commission, Directorate-General for Climate Action",07/03/2025; Date of adoption,https://eur-lex.europa.eu/legal-content/AUTO/?uri=CELEX:32025D02619,30,,,2714a61a1b5bde3d56296499618312707cdd69258ef90d3ff703119727cdc5a7
"Commission Decision of 12 December 2024 instructing the Central Administrator of the Union Registry to enter corrections to the national allocation tables of Bulgaria, Germany, Spain, France, Italy and Luxembourg into the Union Registry",C/2024/8951,"OJ C, C/2025/1377,  27.2.2025, ELI:http://data.europa.eu/eli/C/2025/1377/oj(BG, ES, CS, DA, DE, ET, EL, EN, FR, GA, HR, IT, LV, LT, HU, MT, NL, PL, PT, RO, SK, SL, FI, SV)",In force,32025D01377,"BG, ES, CS, DA, DE, ET, EL, EN, FR, GA, HR, IT, LV, LT, HU, MT, NL, PL, PT, RO, SK, SL, FI, SV",Decision,"European Commission, Directorate-General for Climate Action",12/12/2024; Date of adoption,https://eur-lex.europa.eu/legal-content/AUTO/?uri=CELEX:32025D01377,30,,,7b0dea56450106d799b87745f9f7f148f3bcc1b0c8a7ff9adae944ff070be6bf
"Commission Decision of 20 December 2024 instructing the Central Administrator of the Union Registry to enter changes to the national allocation tables of Belgium, Bulgaria, Denmark, Germany, Estonia, Ireland, Spain, France, Italy, Hungary, the Netherlands, Austria, Poland, Portugal, Romania, Slovenia, Finland and Sweden into the Union Registry",C/2024/9186,"OJ C, C/2025/1257,  20.2.2025, ELI:http://data.europa.eu/eli/C/2025/1257/oj(BG, ES, CS, DA, DE, ET, EL, EN, FR, GA, HR, IT, LV, LT, HU, MT, NL, PL, PT, RO, SK, SL, FI, SV)",In force,32025D01257,"BG, ES, CS, DA, DE, ET, EL, EN, FR, GA, HR, IT, LV, LT, HU, MT, NL, PL, PT, RO, SK, SL, FI, SV",Decision,"European Commission, Directorate-General for Climate Action",20/12/2024; Date of adoption,https://eur-lex.europa.eu/legal-content/AUTO/?uri=CELEX:32025D01257,30,,,d78da90e3dba1878866ab17bff4cef69813961b734c94f016f9e6b2c3c40d19e
"Commission Decision of 12 September 2024 instructing the Central Administrator of the Union Registry to enter changes to the national allocation tables of Belgium, Czechia, Denmark, Germany, Estonia, Ireland, Greece, Spain, France, Croatia, Cyprus, Latvia, Lithuania, Hungary, Austria, Poland, Portugal, Romania and Slovenia into the Union Registry",C/2024/6536,"OJ C, C/2024/6955,  15.11.2024, ELI:http://data.europa.eu/eli/C/2024/6955/oj(BG, ES, CS, DA, DE, ET, EL, EN, FR, GA, HR, IT, LV, LT, HU, MT, NL, PL, PT, RO, SK, SL, FI, SV)",In force,32024D06955,"BG, ES, CS, DA, DE, ET, EL, EN, FR, GA, HR, IT, LV, LT, HU, MT, NL, PL, PT, RO, SK, SL, FI, SV",Decision,"European Commission, Directorate-General for Climate Action",12/09/2024; Date of adoption,https://eur-lex.europa.eu/legal-content/AUTO/?uri=CELEX:32024D06955,30,,,c71e9cb528c4bda56f0abadd66fe5ec4a952a60308cb43cc83e14b8e9f660b26
"Commission Decision of 25 July 2024 instructing the Central Administrator of the Union Registry to enter corrections to the national allocation tables of Denmark, Germany, France, Croatia, Italy, Lithuania, Austria and Portugal into the Union Registry",C/2024/5483,"OJ C, C/2024/5877,  30.9.2024, ELI:http://data.europa.eu/eli/C/2024/5877/oj(BG, ES, CS, DA, DE, ET, EL, EN, FR, GA, HR, IT, LV, LT, HU, MT, NL, PL, PT, RO, SK, SL, FI, SV)",In force,32024D05877,"BG, ES, CS, DA, DE, ET, EL, EN, FR, GA, HR, IT, LV, LT, HU, MT, NL, PL, PT, RO, SK, SL, FI, SV",Decision,"European Commission, Directorate-General for Climate Action",25/07/2024; Date of adoption,https://eur-lex.europa.eu/legal-content/AUTO/?uri=CELEX:32024D05877,30,,,7f1aa206a748584aace9895bc2b0340b368218565b97034e5648fb1deb42a20c
Commission Decision of 5 July 2024 on instructing the central administrator of the Union Registry to enter the national aviation allocation tables for 2024 and 2025 into the Union Registry,C/2024/4781,"OJ C, C/2024/5383,  4.9.2024, ELI:http://data.europa.eu/eli/C/2024/5383/oj(BG, ES, CS, DA, DE, ET, EL, EN, FR, GA, HR, IT, LV, LT, HU, MT, NL, PL, PT, RO, SK, SL, FI, SV)",In force,32024D05383,"BG, ES, CS, DA, DE, ET, EL, EN, FR, GA, HR, IT, LV, LT, HU, MT, NL, PL, PT, RO, SK, SL, FI, SV",Decision,"European Commission, Directorate-General for Climate Action",05/07/2024; Date of adoption,https://eur-lex.europa.eu/legal-content/AUTO/?uri=CELEX:32024D05383,30,,,cd59dc2394ad60871a87a612f9313d19d25f3167c30ef52c23786a1595f06b1a
"Commission Decision of 12 June 2024 instructing the Central Administrator of the European Union Transaction Log to enter changes to the national allocation tables of Belgium, Bulgaria, Czechia, Denmark, Germany, Estonia, Spain, France, Croatia, Italy, Latvia, Luxembourg, Hungary, the Netherlands, Austria, Poland, Romania and Finland into the European Union Transaction Log",C/2024/3972,"OJ C, C/2024/5174,  21.8.2024, ELI:http://data.europa.eu/eli/C/2024/5174/oj(BG, ES, CS, DA, DE, ET, EL, EN, FR, GA, HR, IT, LV, LT, HU, MT, NL, PL, PT, RO, SK, SL, FI, SV)",In force,32024D05174,"BG, ES, CS, DA, DE, ET, EL, EN, FR, GA, HR, IT, LV, LT, HU, MT, NL, PL, PT, RO, SK, SL, FI, SV",Decision,"European Commission, Directorate-General for Climate Action",12/06/2024; Date of adoption,https://eur-lex.europa.eu/legal-content/AUTO/?uri=CELEX:32024D05174,30,,,2e8525147a0ee6b16e0929861bf3b7e7c2b5a872a5897771501d9b7e9e3b8c77
"Commission Decision of 13 June 2024 instructing the central administrator to enter changes to the national allocation tables of Germany, Austria, Romania and Finland into the European Union Transaction Log",C/2024/3819,"OJ C, C/2024/5013,  13.8.2024, ELI:http://data.europa.eu/eli/C/2024/5013/oj(BG, ES, CS, DA, DE, ET, EL, EN, FR, GA, HR, IT, LV, LT, HU, MT, NL, PL, PT, RO, SK, SL, FI, SV)",In force,32024D05013,"BG, ES, CS, DA, DE, ET, EL, EN, FR, GA, HR, IT, LV, LT, HU, MT, NL, PL, PT, RO, SK, SL, FI, SV",Decision,"European Commission, Directorate-General for Climate Action",13/06/2024; Date of adoption,https://eur-lex.europa.eu/legal-content/AUTO/?uri=CELEX:32024D05013,31,,,8edcf856ccdc05eac1b57f88cc573bf618974d8d6dfadb4f2c0141b9178fc29d
"Commission Decision of 12 March 2024 instructing the Central Administrator of the European Union Transaction Log to enter changes to the national allocation tables of Czechia, Denmark, Germany, Ireland, Spain, France, Croatia, Italy, Hungary, Austria, Poland, Slovenia, Slovakia, Finland and Sweden into the European Union Transaction Log",C/2024/1644,"OJ C, C/2024/2809,  15.5.2024, ELI:http://data.europa.eu/eli/C/2024/2809/oj(BG, ES, CS, DA, DE, ET, EL, EN, FR, GA, HR, IT, LV, LT, HU, MT, NL, PL, PT, RO, SK, SL, FI, SV)",In force,32024D02809,"BG, ES, CS, DA, DE, ET, EL, EN, FR, GA, HR, IT, LV, LT, HU, MT, NL, PL, PT, RO, SK, SL, FI, SV",Decision,"European Commission, Directorate-General for Climate Action",12/03/2024; Date of adoption,https://eur-lex.europa.eu/legal-content/AUTO/?uri=CELEX:32024D02809,31,,,385087e1a4a5750cb8a26df8f77038b0441097bb6a1d6bde09da86687b7d5098
Commission Implementing Decision (EU) 2024/3098 of 12 December 2024 specifying the values relating to the performance of manufacturers and pools of manufacturers of new passenger cars and new light commercial vehicles for the calendar year 2023 pursuant to Regulation (EU) 2019/631 of the European Parliament and of the Council (notified under document C(2024) 6468),C/2024/8678,"OJ L, 2024/3098,  16.12.2024, ELI:http://data.europa.eu/eli/dec_impl/2024/3098/oj(BG, ES, CS, DA, DE, ET, EL, EN, FR, GA, HR, IT, LV, LT, HU, MT, NL, PL, PT, RO, SK, SL, FI, SV)",In force,32024D3098,"BG, ES, CS, DA, DE, ET, EL, EN, FR, GA, HR, IT, LV, LT, HU, MT, NL, PL, PT, RO, SK, SL, FI, SV",Implementing decision,"European Commission, Directorate-General for Climate Action",12/12/2024; Date of adoption,https://eur-lex.europa.eu/legal-content/AUTO/?uri=CELEX:32024D3098,35,,,3f54d7a1cc8ab3ce67a36fd4fa928209dcd95811ba8a719027d8bd9dcf998b95
Commission Implementing Decision (EU) 2024/865 of 18 March 2024 specifying the values relating to the performance of manufacturers and pools of manufacturers of new passenger cars and new light commercial vehicles for the calendar year 2022 pursuant to Regulation (EU) 2019/631 of the European Parliament and of the Council (notified under document C(2024) 1653),C/2024/1653,"OJ L, 2024/865,  20.3.2024, ELI:http://data.europa.eu/eli/dec_impl/2024/865/oj(BG, ES, CS, DA, DE, ET, EL, EN, FR, GA, HR, IT, LV, LT, HU, MT, NL, PL, PT, RO, SK, SL, FI, SV)",In force,32024D0865,"BG, ES, CS, DA, DE, ET, EL, EN, FR, GA, HR, IT, LV, LT, HU, MT, NL, PL, PT, RO, SK, SL, FI, SV",Implementing decision,"European Commission, Directorate-General for Climate Action",18/03/2024; Date of adoption,https://eur-lex.europa.eu/legal-content/AUTO/?uri=CELEX:32024D0865,35,,,e905362cff4a175cd6d6f98b7324e6acb7bfaef0479ca5eafa44945ab7e2eef0
"Commission Decision (EU) 2024/2951 of 29 November 2024 on the Union-wide quantity of allowances to be issued under the EU ETS for buildings, road transport and additional sectors for 2027",C/2024/8334,"OJ L, 2024/2951,  3.12.2024, ELI:http://data.europa.eu/eli/dec/2024/2951/oj(BG, ES, CS, DA, DE, ET, EL, EN, FR, GA, HR, IT, LV, LT, HU, MT, NL, PL, PT, RO, SK, SL, FI, SV)",In force,32024D2951,"BG, ES, CS, DA, DE, ET, EL, EN, FR, GA, HR, IT, LV, LT, HU, MT, NL, PL, PT, RO, SK, SL, FI, SV",Decision,"European Commission, Directorate-General for Climate Action",29/11/2024; Date of adoption,https://eur-lex.europa.eu/legal-content/AUTO/?uri=CELEX:32024D2951,40,,,18421e568e2b68ecc8a0f1833bb222b46e3b9c3972b889c3f36e9d3e6e9b502a
Commission Implementing Regulation (EU) 2024/1879 of 9 July 2024 laying down rules for the application of Directive 2003/87/EC of the European Parliament and of the Council as regards the calculation of offsetting requirements for the purpose of CORSIA,C/2024/4687,"OJ L, 2024/1879,  10.7.2024, ELI:http://data.europa.eu/eli/reg_impl/2024/1879/oj(BG, ES, CS, DA, DE, ET, EL, EN, FR, GA, HR, IT, LV, LT, HU, MT, NL, PL, PT, RO, SK, SL, FI, SV)",In force,32024R1879,"BG, ES, CS, DA, DE, ET, EL, EN, FR, GA, HR, IT, LV, LT, HU, MT, NL, PL, PT, RO, SK, SL, FI, SV",Implementing regulation,"European Commission, Directorate-General for Climate Action",09/07/2024; Date of adoption,https://eur-lex.europa.eu/legal-content/AUTO/?uri=CELEX:32024R1879,40,,,17dc31936b1d3afd0f00f681057f5febdbb62fb16f9e92b315fbc4f9d771646c
Commission Delegated Regulation (EU) 2024/2555 of 21 March 2024 amending Regulation (EU) 2019/1021 of the European Parliament and of the Council as regards hexabromocyclododecane,C/2024/1652,"OJ L, 2024/2555,  27.9.2024, ELI:http://data.europa.eu/eli/reg_del/2024/2555/oj(BG, ES, CS, DA, DE, ET, EL, EN, FR, GA, HR, IT, LV, LT, HU, MT, NL, PL, PT, RO, SK, SL, FI, SV)",In force,32024R2555,"BG, ES, CS, DA, DE, ET, EL, EN, FR, GA, HR, IT, LV, LT, HU, MT, NL, PL, PT, RO, SK, SL, FI, SV",Delegated regulation,"European Commission, Directorate-General for Environment",21/03/2024; Date of adoption,https://eur-lex.europa.eu/legal-content/AUTO/?uri=CELEX:32024R2555,46,,,19425d18e9bd30090e4479671aa361f4f0967e7e26b61b3602e9a70aa309640b
Commission Delegated Regulation (EU) 2024/2570 of 22 July 2024 amending Regulation (EU) 2019/1021 of the European Parliament and of the Council as regards methoxychlor,C/2024/5049,"OJ L, 2024/2570,  27.9.2024, ELI:http://data.europa.eu/eli/reg_del/2024/2570/oj(BG, ES, CS, DA, DE, ET, EL, EN, FR, GA, HR, IT, LV, LT, HU, MT, NL, PL, PT, RO, SK, SL, FI, SV)",In force,32024R2570,"BG, ES, CS, DA, DE, ET, EL, EN, FR, GA, HR, IT, LV, LT, HU, MT, NL, PL, PT, RO, SK, SL, FI, SV",Delegated regulation,"European Commission, Directorate-General for Environment",22/07/2024; Date of adoption,https://eur-lex.europa.eu/legal-content/AUTO/?uri=CELEX:32024R2570,46,,,9051e6b140762052207d5eaa2ab282e928c7faa7761b8950c5c12bdf1aedef81
Commission Implementing Decision (EU) 2024/2165 of 1 July 2024 on the publication of a list indicating certain CO2 emissions values per manufacturer as well as average specific CO2 emissions of all new heavy-duty vehicles registered in the Union pursuant to Regulation (EU) 2019/1242 of the European Parliament and of the Council for the reporting period of the year 2021 (notified under document C(2024) 4474),C/2024/4474,"OJ L, 2024/2165,  21.8.2024, ELI:http://data.europa.eu/eli/dec_impl/2024/2165/oj(BG, ES, CS, DA, DE, ET, EL, EN, FR, GA, HR, IT, LV, LT, HU, MT, NL, PL, PT, RO, SK, SL, FI, SV)",In force,32024D2165,"BG, ES, CS, DA, DE, ET, EL, EN, FR, GA, HR, IT, LV, LT, HU, MT, NL, PL, PT, RO, SK, SL, FI, SV",Implementing decision,"European Commission, Directorate-General for Climate Action",01/07/2024; Date of adoption,https://eur-lex.europa.eu/legal-content/AUTO/?uri=CELEX:32024D2165,47,,,735ec45f54f2062f21efcb010393d534d50fef1cf82b9206e185ecc2c3b35723
"Commission Delegated Regulation (EU) 2025/927 of 20 May 2025 supplementing Directive 2003/87/EC of the European Parliament and of the Council as regards measures adopted by the International Civil Aviation Organization for the monitoring, reporting and verification of aviation emissions for the purpose of implementing a global market-based measure and repealing Commission Delegated Regulation (EU) 2019/1603",C/2025/3075,"OJ L, 2025/927,  31.7.2025, ELI:http://data.europa.eu/eli/reg_del/2025/927/oj(BG, ES, CS, DA, DE, ET, EL, EN, FR, GA, HR, IT, LV, LT, HU, MT, NL, PL, PT, RO, SK, SL, FI, SV)",In force,32025R0927,"BG, ES, CS, DA, DE, ET, EL, EN, FR, GA, HR, IT, LV, LT, HU, MT, NL, PL, PT, RO, SK, SL, FI, SV",Delegated regulation,"European Commission, Directorate-General for Climate Action",20/05/2025; Date of adoption,https://eur-lex.europa.eu/legal-content/AUTO/?uri=CELEX:32025R0927,53,,,1cd9da5ea1e610bcf165e22995b993611887e203826c0c0ea38d2d1e2bf5286f
Commission Delegated Regulation (EU) 2024/873 of 30 January 2024 amending Delegated Regulation (EU) 2019/331 as regards transitional Union-wide rules for harmonised free allocation of emission allowances,C/2024/441,"OJ L, 2024/873,  4.4.2024, ELI:http://data.europa.eu/eli/reg_del/2024/873/oj(BG, ES, CS, DA, DE, ET, EL, EN, FR, GA, HR, IT, LV, LT, HU, MT, NL, PL, PT, RO, SK, SL, FI, SV)",In force,32024R0873,"BG, ES, CS, DA, DE, ET, EL, EN, FR, GA, HR, IT, LV, LT, HU, MT, NL, PL, PT, RO, SK, SL, FI, SV",Delegated regulation,"European Commission, Directorate-General for Climate Action",30/01/2024; Date of adoption,https://eur-lex.europa.eu/legal-content/AUTO/?uri=CELEX:32024R0873,53,,,e9a47f899b7d323cf2836d310683deacaad513429122984c6a356f6f8ce95abf
"Council Decision (EU) 2024/1830 of 17 June 2024 on the conclusion, on behalf of the European Union, of the Agreement under the United Nations Convention on the Law of the Sea on the conservation and sustainable use of marine biological diversity of areas beyond national jurisdiction",ST/7577/2024/INIT,"OJ L, 2024/1830,  19.7.2024, ELI:http://data.europa.eu/eli/dec/2024/1830/oj(BG, ES, CS, DA, DE, ET, EL, EN, FR, GA, HR, IT, LV, LT, HU, MT, NL, PL, PT, RO, SK, SL, FI, SV)",In force,32024D1830,"BG, ES, CS, DA, DE, ET, EL, EN, FR, GA, HR, IT, LV, LT, HU, MT, NL, PL, PT, RO, SK, SL, FI, SV",Decision,Council of the European Union,17/06/2024; Date of adoption,https://eur-lex.europa.eu/legal-content/AUTO/?uri=CELEX:32024D1830,61,,,57288b1fd23729b1ce0232f3000f4ce6b1d1bcb1cccc06aeb5b72cbe5978e041
Commission Implementing Regulation (EU) 2024/2195 of 4 September 2024 determining the format for submitting the reports of data referred to in Article 26 of Regulation (EU) 2024/573 of the European Parliament and of the Council on fluorinated greenhouse gases and repealing Commission Implementing Regulation (EU) No 1191/2014,C/2024/6116,"OJ L, 2024/2195,  5.9.2024, ELI:http://data.europa.eu/eli/reg_impl/2024/2195/oj(BG, ES, CS, DA, DE, ET, EL, EN, FR, GA, HR, IT, LV, LT, HU, MT, NL, PL, PT, RO, SK, SL, FI, SV)",In force,32024R2195,"BG, ES, CS, DA, DE, ET, EL, EN, FR, GA, HR, IT, LV, LT, HU, MT, NL, PL, PT, RO, SK, SL, FI, SV",Implementing regulation,"European Commission, Directorate-General for Climate Action",04/09/2024; Date of adoption,https://eur-lex.europa.eu/legal-content/AUTO/?uri=CELEX:32024R2195,62,,,87d1dbad3522deb46df2dfa3ed851c5d1d3783d1f0397fa4a292f3b6097c6230
Commission Implementing Decision (EU) 2024/1884 of 10 July 2024 amending Commission Implementing Decision (EU) 2020/2126 as regards the total quantities of cancelled EU ETS allowances that may be taken into account for certain Member States’ compliance under Regulation (EU) 2018/842 of the European Parliament and of the Council,C/2024/4726,"OJ L, 2024/1884,  11.7.2024, ELI:http://data.europa.eu/eli/dec_impl/2024/1884/oj(BG, ES, CS, DA, DE, ET, EL, EN, FR, GA, HR, IT, LV, LT, HU, MT, NL, PL, PT, RO, SK, SL, FI, SV)",In force,32024D1884,"BG, ES, CS, DA, DE, ET, EL, EN, FR, GA, HR, IT, LV, LT, HU, MT, NL, PL, PT, RO, SK, SL, FI, SV",Implementing decision,"European Commission, Directorate-General for Climate Action",10/07/2024; Date of adoption,https://eur-lex.europa.eu/legal-content/AUTO/?uri=CELEX:32024D1884,64,,,9b862ceadc37acfd68203ef57a24a4c7958c1536c7c1001323286a9601e5b329
Directive (EU) 2024/1785 of the European Parliament and of the Council of 24 April 2024 amending Directive 2010/75/EU of the European Parliament and of the Council on industrial emissions (integrated pollution prevention and control) and Council Directive 1999/31/EC on the landfill of waste (Text with EEA relevance),PE/87/2023/REV/1,"OJ L, 2024/1785,  15.7.2024, ELI:http://data.europa.eu/eli/dir/2024/1785/oj(BG, ES, CS, DA, DE, ET, EL, EN, FR, GA, HR, IT, LV, LT, HU, MT, NL, PL, PT, RO, SK, SL, FI, SV)",In force,32024L1785,"BG, ES, CS, DA, DE, ET, EL, EN, FR, GA, HR, IT, LV, LT, HU, MT, NL, PL, PT, RO, SK, SL, FI, SV",Directive,"European Parliament, Council of the European Union",24/04/2024,https://eur-lex.europa.eu/legal-content/AUTO/?uri=CELEX:32024L1785,66,,,2cd4a404a46752bcd3672c488124f4d92e7a05bec2984bbab85543fafbe5d6ca
"Commission Implementing Decision (EU) 2024/2767 of 30 October 2024 determining, pursuant to Regulation (EU) 2024/573 of the European Parliament and of the Council, reference values for the period from 1 January 2025 to 31 December 2026 for each producer or importer which has lawfully placed hydrofluorocarbons on the Union market from 1 January 2021 to 31 December 2023 (notified under document C(2024) 8500)",C/2024/8500,"OJ L, 2024/2767,  15.11.2024, ELI:http://data.europa.eu/eli/dec_impl/2024/2767/oj(BG, ES, CS, DA, DE, ET, EL, EN, FR, GA, HR, IT, LV, LT, HU, MT, NL, PL, PT, RO, SK, SL, FI, SV)",In force,32024D2767,"BG, ES, CS, DA, DE, ET, EL, EN, FR, GA, HR, IT, LV, LT, HU, MT, NL, PL, PT, RO, SK, SL, FI, SV",Implementing decision,"European Commission, Directorate-General for Climate Action",30/10/2024; Date of adoption,https://eur-lex.europa.eu/legal-content/AUTO/?uri=CELEX:32024D2767,66,,01/01/2025,618e607e926d6ff41841998cfaa148c03e909acd291555374db50704d79bf72d
Commission Delegated Regulation (EU) 2025/718 of 14 April 2025 amending Regulation (EU) 2019/1021 of the European Parliament and of the Council as regards perfluorooctane sulfonic acid and its derivatives,C/2025/2189,"OJ L, 2025/718,  27.6.2025, ELI:http://data.europa.eu/eli/reg_del/2025/718/oj(BG, ES, CS, DA, DE, ET, EL, EN, FR, GA, HR, IT, LV, LT, HU, MT, NL, PL, PT, RO, SK, SL, FI, SV)",In force,32025R0718,"BG, ES, CS, DA, DE, ET, EL, EN, FR, GA, HR, IT, LV, LT, HU, MT, NL, PL, PT, RO, SK, SL, FI, SV",Delegated regulation,"European Commission, Directorate-General for Environment",14/04/2025; Date of adoption,https://eur-lex.europa.eu/legal-content/AUTO/?uri=CELEX:32025R0718,67,,,87fbf99c9eeb86ba139f28dc82b453ae93512be640ef07f3e37e9623699741ba
Commission Delegated Regulation (EU) 2025/371 of 16 December 2024 amending Regulation (EU) 2019/631 of the European Parliament and of the Council as regards the adjustment of the TM0 values for new passenger cars and new light commercial vehicles,C/2024/8671,"OJ L, 2025/371,  21.2.2025, ELI:http://data.europa.eu/eli/reg_del/2025/371/oj(BG, ES, CS, DA, DE, ET, EL, EN, FR, GA, HR, IT, LV, LT, HU, MT, NL, PL, PT, RO, SK, SL, FI, SV)",In force,32025R0371,"BG, ES, CS, DA, DE, ET, EL, EN, FR, GA, HR, IT, LV, LT, HU, MT, NL, PL, PT, RO, SK, SL, FI, SV",Delegated regulation,"European Commission, Directorate-General for Climate Action",16/12/2024; Date of adoption,https://eur-lex.europa.eu/legal-content/AUTO/?uri=CELEX:32025R0371,67,,,2986792b434af62c96a28234185845a145e48c5e62280567eb7e9c646bde712c
Commission Decision of 31 January 2024 instructing the central administrator to enter changes to the national allocation table of Finland into the European Union Transaction Log,C/2024/727,"OJ C, C/2024/2213,  5.4.2024, ELI:http://data.europa.eu/eli/C/2024/2213/oj(BG, ES, CS, DA, DE, ET, EL, EN, FR, GA, HR, IT, LV, LT, HU, MT, NL, PL, PT, RO, SK, SL, FI, SV)",In force,32024D02213,"BG, ES, CS, DA, DE, ET, EL, EN, FR, GA, HR, IT, LV, LT, HU, MT, NL, PL, PT, RO, SK, SL, FI, SV",Decision,"European Commission, Directorate-General for Climate Action",31/01/2024; Date of adoption,https://eur-lex.europa.eu/legal-content/AUTO/?uri=CELEX:32024D02213,68,,,397c26ce16c5976afbc9d0fce8cbb4c175d482c7d38a6462ce40da61053ee3f4
"Commission Delegated Decision (EU) 2025/318 of 27 November 2024 on the unilateral inclusion of sectors by Sweden in the emissions trading system within the Union for buildings, road transport and additional sectors pursuant to Article 30j of Directive 2003/87/EC of the European Parliament and of the Council",C/2024/8160,"OJ L, 2025/318,  14.2.2025, ELI:http://data.europa.eu/eli/dec_del/2025/318/oj(BG, ES, CS, DA, DE, ET, EL, EN, FR, GA, HR, IT, LV, LT, HU, MT, NL, PL, PT, RO, SK, SL, FI, SV)",In force,32025D0318,"BG, ES, CS, DA, DE, ET, EL, EN, FR, GA, HR, IT, LV, LT, HU, MT, NL, PL, PT, RO, SK, SL, FI, SV",Delegated decision,"European Commission, Directorate-General for Climate Action",27/11/2024; Date of adoption,https://eur-lex.europa.eu/legal-content/AUTO/?uri=CELEX:32025D0318,69,,,d20a5f53e3a997f8995dacd43ee9c2b2dc97aa3ba5e34ebfb06cc4bce4f7841c
Commission Implementing Decision (EU) 2024/3180 of 19 December 2024 on the recognition of the CertifHy voluntary scheme for demonstrating compliance with the requirements for renewable fuels of non-biological origin set out in Directive (EU) 2018/2001 of the European Parliament and of the Council,C/2024/8933,"OJ L, 2024/3180,  20.12.2024, ELI:http://data.europa.eu/eli/dec_impl/2024/3180/oj(BG, ES, CS, DA, DE, ET, EL, EN, FR, GA, HR, IT, LV, LT, HU, MT, NL, PL, PT, RO, SK, SL, FI, SV)",In force,32024D3180,"BG, ES, CS, DA, DE, ET, EL, EN, FR, GA, HR, IT, LV, LT, HU, MT, NL, PL, PT, RO, SK, SL, FI, SV",Implementing decision,"European Commission, Directorate-General for Energy",19/12/2024; Date of adoption,https://eur-lex.europa.eu/legal-content/AUTO/?uri=CELEX:32024D3180,70,,,86228daefd1be9f8a5b4afc96a371c0a4c39aade82e5c26000510efc7db70a7d
Commission Implementing Decision (EU) 2024/3181 of 19 December 2024 on the recognition of the Programme for the Endorsement of Forest Certification -PEFC voluntary scheme for demonstrating compliance with the requirements for biomass fuels set out in Directive (EU) 2018/2001 of the European Parliament and of the Council,C/2024/8934,"OJ L, 2024/3181,  20.12.2024, ELI:http://data.europa.eu/eli/dec_impl/2024/3181/oj(BG, ES, CS, DA, DE, ET, EL, EN, FR, GA, HR, IT, LV, LT, HU, MT, NL, PL, PT, RO, SK, SL, FI, SV)",In force,32024D3181,"BG, ES, CS, DA, DE, ET, EL, EN, FR, GA, HR, IT, LV, LT, HU, MT, NL, PL, PT, RO, SK, SL, FI, SV",Implementing decision,"European Commission, Directorate-General for Energy",19/12/2024; Date of adoption,https://eur-lex.europa.eu/legal-content/AUTO/?uri=CELEX:32024D3181,70,,,f3226790acf393de3c7ba2fd1972c162803d58c1a922bbaa52362bd89625210e
"Commission Implementing Decision (EU) 2024/3191 of 19 December 2024 on the recognition of the Sustainable Biomass Program voluntary scheme for demonstrating compliance with the requirements for biomass fuels set in Directive (EU) 2018/2001 of the European Parliament and of the Council, and repealing Implementing Decision (EU) 2022/1657",C/2024/8919,"OJ L, 2024/3191,  20.12.2024, ELI:http://data.europa.eu/eli/dec_impl/2024/3191/oj(BG, ES, CS, DA, DE, ET, EL, EN, FR, GA, HR, IT, LV, LT, HU, MT, NL, PL, PT, RO, SK, SL, FI, SV)",In force,32024D3191,"BG, ES, CS, DA, DE, ET, EL, EN, FR, GA, HR, IT, LV, LT, HU, MT, NL, PL, PT, RO, SK, SL, FI, SV",Implementing decision,"European Commission, Directorate-General for Energy",19/12/2024; Date of adoption,https://eur-lex.europa.eu/legal-content/AUTO/?uri=CELEX:32024D3191,70,,,c138d16255d81c7c044ec3fe7e2ebf1f6c8a1a066eee814758e0762f90ca68e6
"Commission Implementing Decision (EU) 2024/3194 of 19 December 2024 on the recognition of the REDcert-EU voluntary scheme for demonstrating compliance with the requirements for biofuels, bioliquids, biomass fuels, renewable fuels of non-biological origin and recycled carbon fuels set out in Directive (EU) 2018/2001 of the European Parliament and of the Council, and repealing Commission Implementing Decision (EU) 2022/605",C/2024/8920,"OJ L, 2024/3194,  20.12.2024, ELI:http://data.europa.eu/eli/dec_impl/2024/3194/oj(BG, ES, CS, DA, DE, ET, EL, EN, FR, GA, HR, IT, LV, LT, HU, MT, NL, PL, PT, RO, SK, SL, FI, SV)",In force,32024D3194,"BG, ES, CS, DA, DE, ET, EL, EN, FR, GA, HR, IT, LV, LT, HU, MT, NL, PL, PT, RO, SK, SL, FI, SV",Implementing decision,"European Commission, Directorate-General for Energy",19/12/2024; Date of adoption,https://eur-lex.europa.eu/legal-content/AUTO/?uri=CELEX:32024D3194,70,,,0b6e2dd572d42127f8c06b2384f4c37f9212ec2eb306216f61c376f0b8d6aa4c
Commission Implementing Decision (EU) 2024/411 of 30 January 2024 on the list of shipping companies specifying the administering authority in respect of a shipping company in accordance with Directive 2003/87/EC of the European Parliament and of the Council,C/2024/481,"OJ L, 2024/411,  31.1.2024, ELI:http://data.europa.eu/eli/dec_impl/2024/411/oj(BG, ES, CS, DA, DE, ET, EL, EN, FR, GA, HR, IT, LV, LT, HU, MT, NL, PL, PT, RO, SK, SL, FI, SV)",In force,32024D0411,"BG, ES, CS, DA, DE, ET, EL, EN, FR, GA, HR, IT, LV, LT, HU, MT, NL, PL, PT, RO, SK, SL, FI, SV",Implementing decision,"European Commission, Directorate-General for Climate Action",30/01/2024; Date of adoption,https://eur-lex.europa.eu/legal-content/AUTO/?uri=CELEX:32024D0411,71,,,5531ffc5188e76a2209f4f3fa8d32ce5031baa1e26276230df972b464a008a8d
"Council Decision (EU) 2024/2669 of 26 September 2024 on the submission, on behalf of the European Union, of a proposal for the amendment of Appendices II and III to the Convention on the conservation of European wildlife and natural habitats and on the position to be adopted, on behalf of the Union, at the 44th meeting of the Standing Committee to that Convention",ST/13258/2024/INIT,"OJ L, 2024/2669,  10.10.2024, ELI:http://data.europa.eu/eli/dec/2024/2669/oj(BG, ES, CS, DA, DE, ET, EL, EN, FR, GA, HR, IT, LV, LT, HU, MT, NL, PL, PT, RO, SK, SL, FI, SV)",In force,32024D2669,"BG, ES, CS, DA, DE, ET, EL, EN, FR, GA, HR, IT, LV, LT, HU, MT, NL, PL, PT, RO, SK, SL, FI, SV",Decision,Council of the European Union,26/09/2024; Date of adoption,https://eur-lex.europa.eu/legal-content/AUTO/?uri=CELEX:32024D2669,75,,,a5588ae537aed9ab3db319a7aa090b1faa178d1f27f8b2cc45f9920acd59ccc9
"Commission Delegated Decision (EU) 2025/737 of 15 April 2025 on the unilateral inclusion of sectors by Finland in the emissions trading system within the Union for buildings, road transport and additional sectors pursuant to Article 30j of Directive 2003/87/EC of the European Parliament and of the Council",C/2025/2232,"OJ L, 2025/737,  26.6.2025, ELI:http://data.europa.eu/eli/dec_del/2025/737/oj(BG, ES, CS, DA, DE, ET, EL, EN, FR, GA, HR, IT, LV, LT, HU, MT, NL, PL, PT, RO, SK, SL, FI, SV)",In force,32025D0737,"BG, ES, CS, DA, DE, ET, EL, EN, FR, GA, HR, IT, LV, LT, HU, MT, NL, PL, PT, RO, SK, SL, FI, SV",Delegated decision,"European Commission, Directorate-General for Climate Action",15/04/2025; Date of adoption,https://eur-lex.europa.eu/legal-content/AUTO/?uri=CELEX:32025D0737,76,,,de0d7adf1d9cb2ed4c6db7f7f9982ab91320b94d791689540c87f27d67878d54
"Commission Delegated Regulation (EU) 2025/870 of 28 February 2025 amending Regulation (EU) 2018/1139 of the European Parliament and of the Council, as regards the references to the provisions of the Chicago Convention",C/2025/10,"OJ L, 2025/870,  5.5.2025, ELI:http://data.europa.eu/eli/reg_del/2025/870/oj(BG, ES, CS, DA, DE, ET, EL, EN, FR, GA, HR, IT, LV, LT, HU, MT, NL, PL, PT, RO, SK, SL, FI, SV)",In force,32025R0870,"BG, ES, CS, DA, DE, ET, EL, EN, FR, GA, HR, IT, LV, LT, HU, MT, NL, PL, PT, RO, SK, SL, FI, SV",Delegated regulation,"European Commission, Directorate-General for Mobility and Transport",28/02/2025; Date of adoption,https://eur-lex.europa.eu/legal-content/AUTO/?uri=CELEX:32025R0870,80,,,94defe5e7bbad16cd2d3094d4fcd29c1ac75d0699ce9ce3630677fcc20287bc4
Commission Implementing Regulation (EU) 2025/35 of 13 January 2025 implementing Regulation (EU) 2019/1242 of the European Parliament and of the Council by determining the procedures for the in-service verification of the CO2 emissions of heavy-duty vehicles,C/2025/35,"OJ L, 2025/35,  14.1.2025, ELI:http://data.europa.eu/eli/reg_impl/2025/35/oj(BG, ES, CS, DA, DE, ET, EL, EN, FR, GA, HR, IT, LV, LT, HU, MT, NL, PL, PT, RO, SK, SL, FI, SV)",In force,32025R0035,"BG, ES, CS, DA, DE, ET, EL, EN, FR, GA, HR, IT, LV, LT, HU, MT, NL, PL, PT, RO, SK, SL, FI, SV",Implementing regulation,"European Commission, Directorate-General for Climate Action",13/01/2025; Date of adoption,https://eur-lex.europa.eu/legal-content/AUTO/?uri=CELEX:32025R0035,80,,,6185989f273c95efee43b3dd1fd2c4c21d6537eda36aaeaf4e128685d5903f71
"Commission Implementing Regulation (EU) 2024/3170 of 18 December 2024 laying down detailed provisions concerning the voluntary environmental labelling scheme for the estimation of the environmental performance of flights, established pursuant to Article 14 of Regulation (EU) 2023/2405 of the European Parliament and of the Council (Flight Emissions Label)",C/2024/8795,"OJ L, 2024/3170,  31.12.2024, ELI:http://data.europa.eu/eli/reg_impl/2024/3170/oj(BG, ES, CS, DA, DE, ET, EL, EN, FR, GA, HR, IT, LV, LT, HU, MT, NL, PL, PT, RO, SK, SL, FI, SV)",In force,32024R3170,"BG, ES, CS, DA, DE, ET, EL, EN, FR, GA, HR, IT, LV, LT, HU, MT, NL, PL, PT, RO, SK, SL, FI, SV",Implementing regulation,"European Commission, Directorate-General for Mobility and Transport",18/12/2024; Date of adoption,https://eur-lex.europa.eu/legal-content/AUTO/?uri=CELEX:32024R3170,81,,,14233fec8cea56957248931f37e04777a40ee6951a103327274ba89390a71204
Commission Regulation (EU) 2024/1030 of 27 March 2024 amending Regulation (EC) No 748/2009 as regards the update of the list of aircraft operators performing an aviation activity listed in Annex I to Directive 2003/87/EC of the European Parliament and of the Council,C/2024/2075,"OJ L, 2024/1030,  5.4.2024, ELI:http://data.europa.eu/eli/reg/2024/1030/oj(BG, ES, CS, DA, DE, ET, EL, EN, FR, GA, HR, IT, LV, LT, HU, MT, NL, PL, PT, RO, SK, SL, FI, SV)",In force,32024R1030,"BG, ES, CS, DA, DE, ET, EL, EN, FR, GA, HR, IT, LV, LT, HU, MT, NL, PL, PT, RO, SK, SL, FI, SV",Regulation,"European Commission, Directorate-General for Climate Action",27/03/2024; Date of adoption,https://eur-lex.europa.eu/legal-content/AUTO/?uri=CELEX:32024R1030,90,,,4ddae715079c7863f01d7f5f597d5e308e9eb4304415471779b138677625ba05
"Commission Implementing Regulation (EU) 2025/311 of 14 February 2025 on measures to eradicate and to prevent the establishment and spread within the Union territory of fruit flies of the species Bactrocera dorsalis (Hendel), Bactrocera latifrons (Hendel) and Bactrocera zonata (Saunders)",C/2025/913,"OJ L, 2025/311,  17.2.2025, ELI:http://data.europa.eu/eli/reg_impl/2025/311/oj(BG, ES, CS, DA, DE, ET, EL, EN, FR, GA, HR, IT, LV, LT, HU, MT, NL, PL, PT, RO, SK, SL, FI, SV)",In force,32025R0311,"BG, ES, CS, DA, DE, ET, EL, EN, FR, GA, HR, IT, LV, LT, HU, MT, NL, PL, PT, RO, SK, SL, FI, SV",Implementing regulation,"European Commission, Directorate-General for Health and Food Safety",14/02/2025; Date of adoption,https://eur-lex.europa.eu/legal-content/AUTO/?uri=CELEX:32025R0311,90,,,a0255432f5f6393c077807a97a0e6a35c5e9cca87464a484fb9ae39c1c9f34ca
Commission Delegated Regulation (EU) 2025/723 of 6 February 2025 supplementing Directive 2003/87/EC of the European Parliament and of the Council by laying down detailed rules for the yearly calculation of price differences between eligible aviation fuels and fossil kerosene and for the EU ETS allocation of allowances for the use of eligible aviation fuels,C/2025/681,"OJ L, 2025/723,  16.4.2025, ELI:http://data.europa.eu/eli/reg_del/2025/723/oj(BG, ES, CS, DA, DE, ET, EL, EN, FR, GA, HR, IT, LV, LT, HU, MT, NL, PL, PT, RO, SK, SL, FI, SV)",In force,32025R0723,"BG, ES, CS, DA, DE, ET, EL, EN, FR, GA, HR, IT, LV, LT, HU, MT, NL, PL, PT, RO, SK, SL, FI, SV",Delegated regulation,"European Commission, Directorate-General for Climate Action",06/02/2025; Date of adoption,https://eur-lex.europa.eu/legal-content/AUTO/?uri=CELEX:32025R0723,91,,,9f7562f27a55ce5ab74f4f517ddc633199f24c98bfca7b813ea18d4ec6a258af
Council Decision (EU) 2024/1814 of 21 June 2024 establishing the position to be taken on behalf of the European Union regarding the decision of the Participants to the Arrangement on Officially Supported Export Credits on amendments to the Sector Understanding on Export Credits for Climate Change contained in Annex I to that Arrangement,ST/10886/2024/INIT,"OJ L, 2024/1814,  5.7.2024, ELI:http://data.europa.eu/eli/dec/2024/1814/oj(BG, ES, CS, DA, DE, ET, EL, EN, FR, GA, HR, IT, LV, LT, HU, MT, NL, PL, PT, RO, SK, SL, FI, SV)",In force,32024D1814,"BG, ES, CS, DA, DE, ET, EL, EN, FR, GA, HR, IT, LV, LT, HU, MT, NL, PL, PT, RO, SK, SL, FI, SV",Decision,Council of the European Union,21/06/2024; Date of adoption,https://eur-lex.europa.eu/legal-content/AUTO/?uri=CELEX:32024D1814,92,,,a738b40963cf57477b26d3addf1c3e2de40b37ca5731eebd86c348011dd364e0
Commission Delegated Regulation (EU) 2024/3214 of 16 October 2024 amending Regulation (EU) 2015/757 of the European Parliament and of the Council as regards the rules for the monitoring of greenhouse gas emissions from offshore ships and the zero-rating of sustainable fuels,C/2024/7210,"OJ L, 2024/3214,  27.12.2024, ELI:http://data.europa.eu/eli/reg_del/2024/3214/oj(BG, ES, CS, DA, DE, ET, EL, EN, FR, GA, HR, IT, LV, LT, HU, MT, NL, PL, PT, RO, SK, SL, FI, SV)",In force,32024R3214,"BG, ES, CS, DA, DE, ET, EL, EN, FR, GA, HR, IT, LV, LT, HU, MT, NL, PL, PT, RO, SK, SL, FI, SV",Delegated regulation,"European Commission, Directorate-General for Climate Action",16/10/2024; Date of adoption,https://eur-lex.europa.eu/legal-content/AUTO/?uri=CELEX:32024R3214,95,,,d64a838801b0969bf66b90fcdb2d5c13d9bb916f4ccb5af2e006a0d34b6db2a9
Commission Implementing Regulation (EU) 2024/889 of 15 March 2024 correcting the Dutch language version of Implementing Regulation (EU) 2023/2866 implementing Regulation (EU) 2019/631 of the European Parliament and of the Council by determining the procedures for performing the verification of the CO2 emission and fuel consumption values of passenger cars and light commercial vehicles in-service (in-service verification),C/2024/1619,"OJ L, 2024/889,  18.3.2024, ELI:http://data.europa.eu/eli/reg_impl/2024/889/oj(BG, ES, CS, DA, DE, ET, EL, EN, FR, GA, HR, IT, LV, LT, HU, MT, NL, PL, PT, RO, SK, SL, FI, SV)",In force,32024R0889,"BG, ES, CS, DA, DE, ET, EL, EN, FR, GA, HR, IT, LV, LT, HU, MT, NL, PL, PT, RO, SK, SL, FI, SV",Implementing regulation,"European Commission, Directorate-General for Translation",15/03/2024; Date of adoption,https://eur-lex.europa.eu/legal-content/AUTO/?uri=CELEX:32024R0889,95,,,70c48cb0de984063d26ff243139b614086df08b647f2adc7496d1b9df57dd424
Council Decision (EU) 2025/1315 of 17 June 2025 on the position to be taken on behalf of the European Union concerning the nomination of a Union representative to the Board of the Fund for Responding to Loss and Damage,ST/7586/2025/INIT,"OJ L, 2025/1315,  2.7.2025, ELI:http://data.europa.eu/eli/dec/2025/1315/oj(BG, ES, CS, DA, DE, ET, EL, EN, FR, GA, HR, IT, LV, LT, HU, MT, NL, PL, PT, RO, SK, SL, FI, SV)",In force,32025D1315,"BG, ES, CS, DA, DE, ET, EL, EN, FR, GA, HR, IT, LV, LT, HU, MT, NL, PL, PT, RO, SK, SL, FI, SV",Decision,Council of the European Union,17/06/2025; Date of adoption,https://eur-lex.europa.eu/legal-content/AUTO/?uri=CELEX:32025D1315,96,,,0ab263efb7bd545c276cf6d5df0d0632170e16ce9387fb30c2d229c457961d46
Council Decision (EU) 2025/1315 of 17 June 2025 on the position to be taken on behalf of the European Union concerning the nomination of a Union representative to the Board of the Fund for Responding to Loss and Damage,ST/7586/2025/INIT,"OJ L, 2025/1315,  2.7.2025, ELI:http://data.europa.eu/eli/dec/2025/1315/oj(BG, ES, CS, DA, DE, ET, EL, EN, FR, GA, HR, IT, LV, LT, HU, MT, NL, PL, PT, RO, SK, SL, FI, SV)",In force,32025D1315,"BG, ES, CS, DA, DE, ET, EL, EN, FR, GA, HR, IT, LV, LT, HU, MT, NL, PL, PT, RO, SK, SL, FI, SV",Decision,Council of the European Union,17/06/2025; Date of adoption,https://eur-lex.europa.eu/legal-content/AUTO/?uri=CELEX:32025D1315,97,,,0ab263efb7bd545c276cf6d5df0d0632170e16ce9387fb30c2d229c457961d46
"Council Decision (EU) 2025/1293 of 19 June 2025 authorising the Commission to participate, on behalf of the European Union, in the negotiations on an amendment to Article 1, point (a), of the Convention for the Protection of the Marine Environment of the North-East Atlantic",ST/9656/2025/INIT,"OJ L, 2025/1293,  30.6.2025, ELI:http://data.europa.eu/eli/dec/2025/1293/oj(BG, ES, CS, DA, DE, ET, EL, EN, FR, GA, HR, IT, LV, LT, HU, MT, NL, PL, PT, RO, SK, SL, FI, SV)",In force,32025D1293,"BG, ES, CS, DA, DE, ET, EL, EN, FR, GA, HR, IT, LV, LT, HU, MT, NL, PL, PT, RO, SK, SL, FI, SV",Decision,Council of the European Union,19/06/2025; Date of adoption,https://eur-lex.europa.eu/legal-content/AUTO/?uri=CELEX:32025D1293,100,,,0554c4cb3dba08b635c65db6bbb1666303b5d6fd9746b4090e6eac54fcc03dfa
Commission Implementing Decision (EU) 2025/322 of 18 February 2025 amending Implementing Decision (EU) 2016/2323 establishing the European List of ship recycling facilities pursuant to Regulation (EU) No 1257/2013 of the European Parliament and of the Council on ship recycling,C/2025/956,"OJ L, 2025/322,  19.2.2025, ELI:http://data.europa.eu/eli/dec_impl/2025/322/oj(BG, ES, CS, DA, DE, ET, EL, EN, FR, GA, HR, IT, LV, LT, HU, MT, NL, PL, PT, RO, SK, SL, FI, SV)",In force,32025D0322,"BG, ES, CS, DA, DE, ET, EL, EN, FR, GA, HR, IT, LV, LT, HU, MT, NL, PL, PT, RO, SK, SL, FI, SV",Implementing decision,"European Commission, Directorate-General for Environment",18/02/2025; Date of adoption,https://eur-lex.europa.eu/legal-content/AUTO/?uri=CELEX:32025D0322,101,,,7e773b5e43dd1a97b65ee62dc4ab948e2076e8956ff861f8cb7bdfe2f4eb00ea
Commission Implementing Regulation (EU) 2024/2850 of 11 November 2024 on the list of States which are considered to be applying CORSIA for the purposes of Directive 2003/87/EC of the European Parliament and of the Council for emissions in 2024,C/2024/7783,"OJ L, 2024/2850,  12.11.2024, ELI:http://data.europa.eu/eli/reg_impl/2024/2850/oj(BG, ES, CS, DA, DE, ET, EL, EN, FR, GA, HR, IT, LV, LT, HU, MT, NL, PL, PT, RO, SK, SL, FI, SV)",In force,32024R2850,"BG, ES, CS, DA, DE, ET, EL, EN, FR, GA, HR, IT, LV, LT, HU, MT, NL, PL, PT, RO, SK, SL, FI, SV",Implementing regulation,"European Commission, Directorate-General for Climate Action",11/11/2024; Date of adoption,https://eur-lex.europa.eu/legal-content/AUTO/?uri=CELEX:32024R2850,102,,,11e947158472a5342a007ac8957cc5f94d6ce07429f8391ded8431f41aeab3d5
Commission Implementing Regulation (EU) 2024/622 of 22 February 2024 on the list of States which are considered to be applying CORSIA for the purposes of Directive 2003/87/EC of the European Parliament and of the Council for emissions in 2023,C/2024/1054,"OJ L, 2024/622,  23.2.2024, ELI:http://data.europa.eu/eli/reg_impl/2024/622/oj(BG, ES, CS, DA, DE, ET, EL, EN, FR, GA, HR, IT, LV, LT, HU, MT, NL, PL, PT, RO, SK, SL, FI, SV)",In force,32024R0622,"BG, ES, CS, DA, DE, ET, EL, EN, FR, GA, HR, IT, LV, LT, HU, MT, NL, PL, PT, RO, SK, SL, FI, SV",Implementing regulation,"European Commission, Directorate-General for Climate Action",22/02/2024; Date of adoption,https://eur-lex.europa.eu/legal-content/AUTO/?uri=CELEX:32024R0622,102,,,0a78ec3a9534f17f481296045352bc26cba4c23fea2e9fa7ea36c3aeaf6c631f
"Commission Implementing Decision (EU) 2024/367 of 23 January 2024 laying down rules for the application of Directive (EU) 2020/2184 of the European Parliament and of the Council by establishing the European positive lists of starting substances, compositions and constituents authorised for use in the manufacture of materials or products that come into contact with water intended for human consumption",C/2024/237,"OJ L, 2024/367,  23.4.2024, ELI:http://data.europa.eu/eli/dec_impl/2024/367/oj(BG, ES, CS, DA, DE, ET, EL, EN, FR, GA, HR, IT, LV, LT, HU, MT, NL, PL, PT, RO, SK, SL, FI, SV)",In force,32024D0367,"BG, ES, CS, DA, DE, ET, EL, EN, FR, GA, HR, IT, LV, LT, HU, MT, NL, PL, PT, RO, SK, SL, FI, SV",Implementing decision,"European Commission, Directorate-General for Environment",23/01/2024; Date of adoption,https://eur-lex.europa.eu/legal-content/AUTO/?uri=CELEX:32024D0367,110,,,91bba3163413e79364076de02484c461d152a47f09beffc5a3e696dd5fb75fd3
Commission Delegated Regulation (EU) 2024/3230 of 18 October 2024 amending Regulation (EU) 2024/1157 of the European Parliament and of the Council as regards changes on shipments of electrical and electronic waste agreed under the Basel Convention,C/2024/7199,"OJ L, 2024/3230,  20.12.2024, ELI:http://data.europa.eu/eli/reg_del/2024/3230/oj(BG, ES, CS, DA, DE, ET, EL, EN, FR, GA, HR, IT, LV, LT, HU, MT, NL, PL, PT, RO, SK, SL, FI, SV)",In force,32024R3230,"BG, ES, CS, DA, DE, ET, EL, EN, FR, GA, HR, IT, LV, LT, HU, MT, NL, PL, PT, RO, SK, SL, FI, SV",Delegated regulation,"European Commission, Directorate-General for Environment",18/10/2024; Date of adoption,https://eur-lex.europa.eu/legal-content/AUTO/?uri=CELEX:32024R3230,110,,,12f62f7c155fd4e6f44aca9b9e279b5b371d5de612422caff0be205c7293948d
"Commission Implementing Decision (EU) 2024/1316 of 13 May 2024 on the request for registration, pursuant to Regulation (EU) 2019/788 of the European Parliament and of the Council, of the European citizens’ initiative entitled Save the Planet by shifting taxation from labour to greenhouse gas emissions (notified under document C(2024) 2938)",C/2024/2938,"OJ L, 2024/1316,  14.5.2024, ELI:http://data.europa.eu/eli/dec_impl/2024/1316/oj(BG, ES, CS, DA, DE, ET, EL, EN, FR, GA, HR, IT, LV, LT, HU, MT, NL, PL, PT, RO, SK, SL, FI, SV)",In force,32024D1316,"BG, ES, CS, DA, DE, ET, EL, EN, FR, GA, HR, IT, LV, LT, HU, MT, NL, PL, PT, RO, SK, SL, FI, SV",Implementing decision,"European Commission, Secretariat-General",13/05/2024; Date of adoption,https://eur-lex.europa.eu/legal-content/AUTO/?uri=CELEX:32024D1316,111,,,5553bfecab73106f992184575be7925b69d0024632577df87d63c4e02835e4fe
Commission Implementing Regulation (EU) 2024/917 of 22 March 2024 amending Implementing Regulation (EU) 2022/92 as regards certain reporting requirements for passively fished waste,C/2024/1735,"OJ L, 2024/917,  25.3.2024, ELI:http://data.europa.eu/eli/reg_impl/2024/917/oj(BG, ES, CS, DA, DE, ET, EL, EN, FR, GA, HR, IT, LV, LT, HU, MT, NL, PL, PT, RO, SK, SL, FI, SV)",In force,32024R0917,"BG, ES, CS, DA, DE, ET, EL, EN, FR, GA, HR, IT, LV, LT, HU, MT, NL, PL, PT, RO, SK, SL, FI, SV",Implementing regulation,"European Commission, Directorate-General for Mobility and Transport",22/03/2024; Date of adoption,https://eur-lex.europa.eu/legal-content/AUTO/?uri=CELEX:32024R0917,112,,,2157708ba633def2152fc2f4fd3c5a1f706369366dd78ef967b073c3d8850eb5
Commission Implementing Regulation (EU) 2025/842 of 6 May 2025 correcting certain language versions of Implementing Regulation (EU) 2018/2066 on the monitoring and reporting of greenhouse gas emissions pursuant to Directive 2003/87/EC of the European Parliament and of the Council,C/2025/2617,"OJ L, 2025/842,  7.5.2025, ELI:http://data.europa.eu/eli/reg_impl/2025/842/oj(BG, ES, CS, DA, DE, ET, EL, EN, FR, GA, HR, IT, LV, LT, HU, MT, NL, PL, PT, RO, SK, SL, FI, SV)",In force,32025R0842,"BG, ES, CS, DA, DE, ET, EL, EN, FR, GA, HR, IT, LV, LT, HU, MT, NL, PL, PT, RO, SK, SL, FI, SV",Implementing regulation,"European Commission, Directorate-General for Translation",06/05/2025; Date of adoption,https://eur-lex.europa.eu/legal-content/AUTO/?uri=CELEX:32025R0842,115,,,52cae7213ecf7573326bde5415bb7f9c42c99ebb30870cf3aa80e143069d491b
Commission Implementing Regulation (EU) 2024/2493 of 23 September 2024 amending Implementing Regulation (EU) 2018/2066 as regards updating the monitoring and reporting of greenhouse gas emissions pursuant to Directive 2003/87/EC of the European Parliament and of the Council,C/2024/6542,"OJ L, 2024/2493,  27.9.2024, ELI:http://data.europa.eu/eli/reg_impl/2024/2493/oj(BG, ES, CS, DA, DE, ET, EL, EN, FR, GA, HR, IT, LV, LT, HU, MT, NL, PL, PT, RO, SK, SL, FI, SV)",In force,32024R2493,"BG, ES, CS, DA, DE, ET, EL, EN, FR, GA, HR, IT, LV, LT, HU, MT, NL, PL, PT, RO, SK, SL, FI, SV",Implementing regulation,"European Commission, Directorate-General for Climate Action",23/09/2024; Date of adoption,https://eur-lex.europa.eu/legal-content/AUTO/?uri=CELEX:32024R2493,115,,,63691e3d264bdca3ce45c89fb147d0a43d00999b1049e9fc2e0e591af03efa7a
"Commission Implementing Regulation (EU) 2024/3120 of 16 December 2024 authorising an exemption pursuant to Regulation (EU) 2024/573 of the European Parliament and of the Council, with regard to the use of fluorinated greenhouse gases with a GWP of 150 or more in mechanical cryogenic freezers (– 150 oC)",C/2024/8744,"OJ L, 2024/3120,  17.12.2024, ELI:http://data.europa.eu/eli/reg_impl/2024/3120/oj(BG, ES, CS, DA, DE, ET, EL, EN, FR, GA, HR, IT, LV, LT, HU, MT, NL, PL, PT, RO, SK, SL, FI, SV)",In force,32024R3120,"BG, ES, CS, DA, DE, ET, EL, EN, FR, GA, HR, IT, LV, LT, HU, MT, NL, PL, PT, RO, SK, SL, FI, SV",Implementing regulation,"European Commission, Directorate-General for Climate Action",16/12/2024; Date of publication,https://eur-lex.europa.eu/legal-content/AUTO/?uri=CELEX:32024R3120,117,,,ad45db51076c498493115c584bb144e242b370d82d944453a7d24ed3d6c304a7
"Commission Implementing Regulation (EU) 2024/2729 of 22 October 2024 authorising an exemption pursuant to Regulation (EU) 2024/573 of the European Parliament and of the Council, with regard to the use of fluorinated greenhouse gases in certain environmental simulation devices, laboratory spray-drying or freeze-drying equipment, and laboratory centrifuges",C/2024/7249,"OJ L, 2024/2729,  23.10.2024, ELI:http://data.europa.eu/eli/reg_impl/2024/2729/oj(BG, ES, CS, DA, DE, ET, EL, EN, FR, GA, HR, IT, LV, LT, HU, MT, NL, PL, PT, RO, SK, SL, FI, SV)",In force,32024R2729,"BG, ES, CS, DA, DE, ET, EL, EN, FR, GA, HR, IT, LV, LT, HU, MT, NL, PL, PT, RO, SK, SL, FI, SV",Implementing regulation,"European Commission, Directorate-General for Climate Action",22/10/2024; Date of adoption,https://eur-lex.europa.eu/legal-content/AUTO/?uri=CELEX:32024R2729,117,,,44e1a1f3f9f5ce41e5aba427c8a11de2ca41476e17a8942a42b294b1f3841328
Council Decision (EU) 2025/868 of 23 April 2025 on the position to be taken on behalf of the European Union at the twelfth meeting of the Conference of the Parties to the Stockholm Convention on Persistent Organic Pollutants as regards the requests for extension of specific exemptions and the proposals for amendment of Annex A to that Convention,ST/7111/2025/REV/1,"OJ L, 2025/868,  12.5.2025, ELI:http://data.europa.eu/eli/dec/2025/868/oj(BG, ES, CS, DA, DE, ET, EL, EN, FR, GA, HR, IT, LV, LT, HU, MT, NL, PL, PT, RO, SK, SL, FI, SV)",In force,32025D0868,"BG, ES, CS, DA, DE, ET, EL, EN, FR, GA, HR, IT, LV, LT, HU, MT, NL, PL, PT, RO, SK, SL, FI, SV",Decision,Council of the European Union,23/04/2025; Date of adoption,https://eur-lex.europa.eu/legal-content/AUTO/?uri=CELEX:32025D0868,118,,,10c7e39b3facdc532916c0b750aa37cff8aaa400056dcffbb6fd2d735d44c1bb
Commission Implementing Decision (EU) 2024/2053 of 30 July 2024 allocating rights to produce hydrofluorocarbons pursuant to Article 14 of Regulation (EU) 2024/573 of the European Parliament and of the Council on fluorinated greenhouse gases to producers that produced such substances in 2022 (notified under document C(2024) 5212),C/2024/5212,"OJ L, 2024/2053,  1.8.2024, ELI:http://data.europa.eu/eli/dec_impl/2024/2053/oj(BG, ES, CS, DA, DE, ET, EL, EN, FR, GA, HR, IT, LV, LT, HU, MT, NL, PL, PT, RO, SK, SL, FI, SV)",In force,32024D2053,"BG, ES, CS, DA, DE, ET, EL, EN, FR, GA, HR, IT, LV, LT, HU, MT, NL, PL, PT, RO, SK, SL, FI, SV",Implementing decision,"European Commission, Directorate-General for Climate Action",30/07/2024; Date of adoption,https://eur-lex.europa.eu/legal-content/AUTO/?uri=CELEX:32024D2053,118,,,588fa5d27b1d8714c2d5836d1a5c1089193114cc5c34055f4a236219f8dc3944
Commission Implementing Decision (EU) 2024/861 of 15 March 2024 on the recognition of the report including information on the typical greenhouse gas emissions from the cultivation of canola oilseed (rapeseed) in Canada under Article 31(3) and (4) of Directive (EU) 2018/2001 of the European Parliament and of the Council,C/2024/1534,"OJ L, 2024/861,  19.3.2024, ELI:http://data.europa.eu/eli/dec_impl/2024/861/oj(BG, ES, CS, DA, DE, ET, EL, EN, FR, GA, HR, IT, LV, LT, HU, MT, NL, PL, PT, RO, SK, SL, FI, SV)",In force,32024D0861,"BG, ES, CS, DA, DE, ET, EL, EN, FR, GA, HR, IT, LV, LT, HU, MT, NL, PL, PT, RO, SK, SL, FI, SV",Implementing decision,"European Commission, Directorate-General for Energy",15/03/2024; Date of adoption,https://eur-lex.europa.eu/legal-content/AUTO/?uri=CELEX:32024D0861,118,,,deef652f18651cdf46308ba0bcc81dedbd3db1d1046c20ee05281fbc9f275fa5
Commission Delegated Regulation (EU) 2024/370 of 23 January 2024 supplementing Directive (EU) 2020/2184 of the European Parliament and of the Council by laying down conformity assessment procedures for products that come into contact with water intended for human consumption and the rules for the designation of conformity assessment bodies involved in those procedures,C/2024/241,"OJ L, 2024/370,  23.4.2024, ELI:http://data.europa.eu/eli/reg_del/2024/370/oj(BG, ES, CS, DA, DE, ET, EL, EN, FR, GA, HR, IT, LV, LT, HU, MT, NL, PL, PT, RO, SK, SL, FI, SV)",In force,32024R0370,"BG, ES, CS, DA, DE, ET, EL, EN, FR, GA, HR, IT, LV, LT, HU, MT, NL, PL, PT, RO, SK, SL, FI, SV",Delegated regulation,"European Commission, Directorate-General for Environment",23/01/2024; Date of adoption,https://eur-lex.europa.eu/legal-content/AUTO/?uri=CELEX:32024R0370,121,,,64fb2fae133c5bd1f7563dd076c3dc80a6a101c59e95177d1d98f1511330a3bf
Commission Delegated Regulation (EU) 2024/371 of 23 January 2024 supplementing Directive (EU) 2020/2184 of the European Parliament and of the Council by establishing harmonised specifications for the marking of products that come into contact with water intended for human consumption,C/2024/242,"OJ L, 2024/371,  23.4.2024, ELI:http://data.europa.eu/eli/reg_del/2024/371/oj(BG, ES, CS, DA, DE, ET, EL, EN, FR, GA, HR, IT, LV, LT, HU, MT, NL, PL, PT, RO, SK, SL, FI, SV)",In force,32024R0371,"BG, ES, CS, DA, DE, ET, EL, EN, FR, GA, HR, IT, LV, LT, HU, MT, NL, PL, PT, RO, SK, SL, FI, SV",Delegated regulation,"European Commission, Directorate-General for Environment",23/01/2024; Date of adoption,https://eur-lex.europa.eu/legal-content/AUTO/?uri=CELEX:32024R0371,121,,,f3dc629cb86a70cc1bfecd7cd164b6bb970a044d8a354b2a6bfb7bc6df679d53
Commission Implementing Decision (EU) 2024/368 of 23 January 2024 laying down rules for the application of Directive (EU) 2020/2184 of the European Parliament and of the Council as regards the procedures and methods for testing and accepting final materials as used in products that come into contact with water intended for human consumption,C/2024/238,"OJ L, 2024/368,  23.4.2024, ELI:http://data.europa.eu/eli/dec_impl/2024/368/oj(BG, ES, CS, DA, DE, ET, EL, EN, FR, GA, HR, IT, LV, LT, HU, MT, NL, PL, PT, RO, SK, SL, FI, SV)",In force,32024D0368,"BG, ES, CS, DA, DE, ET, EL, EN, FR, GA, HR, IT, LV, LT, HU, MT, NL, PL, PT, RO, SK, SL, FI, SV",Implementing decision,"European Commission, Directorate-General for Environment",23/01/2024; Date of adoption,https://eur-lex.europa.eu/legal-content/AUTO/?uri=CELEX:32024D0368,121,,,5d56725dbc0e104c154cbc04e341d281c444a68001a79a709ce3cde6495b01b5
"Commission Delegated Regulation (EU) 2024/2943 of 17 September 2024 amending Delegated Regulation (EU) 2017/117 as regards fisheries conservation measures in the Baltic Sea areas of Fehmarnbelt, Kadetrinne, Westliche Rönnebank, Adlergrund and Pommersche Bucht mit Oderbank",C/2024/6432,"OJ L, 2024/2943,  28.11.2024, ELI:http://data.europa.eu/eli/reg_del/2024/2943/oj(BG, ES, CS, DA, DE, ET, EL, EN, FR, GA, HR, IT, LV, LT, HU, MT, NL, PL, PT, RO, SK, SL, FI, SV)",In force,32024R2943,"BG, ES, CS, DA, DE, ET, EL, EN, FR, GA, HR, IT, LV, LT, HU, MT, NL, PL, PT, RO, SK, SL, FI, SV",Delegated regulation,"European Commission, Directorate-General for Maritime Affairs and Fisheries",17/09/2024; Date of adoption,https://eur-lex.europa.eu/legal-content/AUTO/?uri=CELEX:32024R2943,123,,,52023e943b7f28e3893fcf1712c1110a12da36a06332843ae68d64f705a80771
Commission Implementing Regulation (EU) 2025/358 of 21 February 2025 amending Implementing Regulation (EU) 2022/1630 as regards the list of demarcated areas for containment of Grapevine flavescence dorée phytoplasma,C/2025/1035,"OJ L, 2025/358,  24.2.2025, ELI:http://data.europa.eu/eli/reg_impl/2025/358/oj(BG, ES, CS, DA, DE, ET, EL, EN, FR, GA, HR, IT, LV, LT, HU, MT, NL, PL, PT, RO, SK, SL, FI, SV)",In force,32025R0358,"BG, ES, CS, DA, DE, ET, EL, EN, FR, GA, HR, IT, LV, LT, HU, MT, NL, PL, PT, RO, SK, SL, FI, SV",Implementing regulation,"European Commission, Directorate-General for Health and Food Safety",21/02/2025; Date of adoption,https://eur-lex.europa.eu/legal-content/AUTO/?uri=CELEX:32025R0358,124,,,b457960e04d645324ea6e49b2d4ca543f3498e59c15a2ced518aa69f329fef30
"Commission Implementing Decision (EU) 2025/387 of 27 February 2025 recognising under Article 31(2) and (4) of Directive (EU) 2018/2001 that the report contains accurate data for the purposes of measuring the greenhouse gas emissions associated with the cultivation of wheat, rye, winter barley, spring barley, triticale, rapeseed, grain maize, sunflower, soybean, sugar beet, potato and silage maize in Austria",C/2025/1221,"OJ L, 2025/387,  4.3.2025, ELI:http://data.europa.eu/eli/dec_impl/2025/387/oj(BG, ES, CS, DA, DE, ET, EL, EN, FR, GA, HR, IT, LV, LT, HU, MT, NL, PL, PT, RO, SK, SL, FI, SV)",In force,32025D0387,"BG, ES, CS, DA, DE, ET, EL, EN, FR, GA, HR, IT, LV, LT, HU, MT, NL, PL, PT, RO, SK, SL, FI, SV",Implementing decision,"European Commission, Directorate-General for Energy",27/02/2025; Date of adoption,https://eur-lex.europa.eu/legal-content/AUTO/?uri=CELEX:32025D0387,126,,,b2ade22f71f210a71445dcb52bdfe98d940726f5f1ee00e3cbaddd8c7a21c55f
"Commission Implementing Decision (EU) 2025/387 of 27 February 2025 recognising under Article 31(2) and (4) of Directive (EU) 2018/2001 that the report contains accurate data for the purposes of measuring the greenhouse gas emissions associated with the cultivation of wheat, rye, winter barley, spring barley, triticale, rapeseed, grain maize, sunflower, soybean, sugar beet, potato and silage maize in Austria",C/2025/1221,"OJ L, 2025/387,  4.3.2025, ELI:http://data.europa.eu/eli/dec_impl/2025/387/oj(BG, ES, CS, DA, DE, ET, EL, EN, FR, GA, HR, IT, LV, LT, HU, MT, NL, PL, PT, RO, SK, SL, FI, SV)",In force,32025D0387,"BG, ES, CS, DA, DE, ET, EL, EN, FR, GA, HR, IT, LV, LT, HU, MT, NL, PL, PT, RO, SK, SL, FI, SV",Implementing decision,"European Commission, Directorate-General for Energy",27/02/2025; Date of adoption,https://eur-lex.europa.eu/legal-content/AUTO/?uri=CELEX:32025D0387,127,,,b2ade22f71f210a71445dcb52bdfe98d940726f5f1ee00e3cbaddd8c7a21c55f
Commission Implementing Decision (EU) 2024/428 of 2 February 2024 adopting the eighth update of the list of sites of Community importance for the Black Sea biogeographical region (notified under document C(2024) 526),C/2024/526,"OJ L, 2024/428,  9.2.2024, ELI:http://data.europa.eu/eli/dec_impl/2024/428/oj(BG, ES, CS, DA, DE, ET, EL, EN, FR, GA, HR, IT, LV, LT, HU, MT, NL, PL, PT, RO, SK, SL, FI, SV)",In force,32024D0428,"BG, ES, CS, DA, DE, ET, EL, EN, FR, GA, HR, IT, LV, LT, HU, MT, NL, PL, PT, RO, SK, SL, FI, SV",Implementing decision,"European Commission, Directorate-General for Environment",02/02/2024; Date of adoption,https://eur-lex.europa.eu/legal-content/AUTO/?uri=CELEX:32024D0428,130,,,c83b1760d45212beecc6faf9f4d6646f4c81a47224aac9879a3f66f3b3dffe9b
Commission Delegated Regulation (EU) 2025/1131 of 26 March 2025 amending Regulation (EU) No 691/2011 of the European Parliament and of the Council as regards investments on climate change mitigation and introducing the classification of environmental purposes,C/2025/1777,"OJ L, 2025/1131,  4.6.2025, ELI:http://data.europa.eu/eli/reg_del/2025/1131/oj(BG, ES, CS, DA, DE, ET, EL, EN, FR, GA, HR, IT, LV, LT, HU, MT, NL, PL, PT, RO, SK, SL, FI, SV)",In force,32025R1131,"BG, ES, CS, DA, DE, ET, EL, EN, FR, GA, HR, IT, LV, LT, HU, MT, NL, PL, PT, RO, SK, SL, FI, SV",Delegated regulation,"European Commission, Eurostat",26/03/2025; Date of adoption,https://eur-lex.europa.eu/legal-content/AUTO/?uri=CELEX:32025R1131,131,,,d740b336e4e85a8736556fc7ba25eb1150036c1e5ac9f3a72745bf5be37da6b6
"Commission Implementing Regulation (EU) 2025/1290 of 2 July 2025 laying down rules for the application of Regulation (EU) 2024/1157 of the European Parliament and of the Council as regards the requirements necessary for the interoperability between the central system for the electronic submission and exchange of information and documents related to shipments of waste and other systems or software, as well as other technical and organisational requirements necessary for the practical implementation of such electronic submission and exchange of information and documents",C/2025/3932,"OJ L, 2025/1290,  14.7.2025, ELI:http://data.europa.eu/eli/reg_impl/2025/1290/oj(BG, ES, CS, DA, DE, ET, EL, EN, FR, GA, HR, IT, LV, LT, HU, MT, NL, PL, PT, RO, SK, SL, FI, SV)",In force,32025R1290,"BG, ES, CS, DA, DE, ET, EL, EN, FR, GA, HR, IT, LV, LT, HU, MT, NL, PL, PT, RO, SK, SL, FI, SV",Implementing regulation,"European Commission, Directorate-General for Environment",02/07/2025; Date of adoption,https://eur-lex.europa.eu/legal-content/AUTO/?uri=CELEX:32025R1290,132,,,f40f4c1b384a9460df327eb85e4228fb64f21007408fed6ea506a98aad57e195
Commission Delegated Regulation (EU) 2024/1127 of 8 February 2024 supplementing Regulation (EU) 2019/1242 of the European Parliament and of the Council by setting out the guiding principles and criteria for defining the procedures for the verification of the CO2 emissions and fuel consumption values of heavy-duty vehicles in-service (in-service verification),C/2024/726,"OJ L, 2024/1127,  16.4.2024, ELI:http://data.europa.eu/eli/reg_del/2024/1127/oj(BG, ES, CS, DA, DE, ET, EL, EN, FR, GA, HR, IT, LV, LT, HU, MT, NL, PL, PT, RO, SK, SL, FI, SV)",In force,32024R1127,"BG, ES, CS, DA, DE, ET, EL, EN, FR, GA, HR, IT, LV, LT, HU, MT, NL, PL, PT, RO, SK, SL, FI, SV",Delegated regulation,"European Commission, Directorate-General for Climate Action",08/02/2024; Date of adoption,https://eur-lex.europa.eu/legal-content/AUTO/?uri=CELEX:32024R1127,132,,,c66cbfa7c6317b83fe0597f370a79aa0b0b01b61dbf4ce5e5da362bebe5e4872
"Commission Implementing Regulation (EU) 2025/1093 of 22 May 2025 laying down rules for the application of Regulation (EU) 2023/1115 of the European Parliament and of the Council as regards a list of countries that present a low or high risk of producing relevant commodities for which the relevant products do not comply with Article 3, point (a)",C/2025/3279,"OJ L, 2025/1093,  23.5.2025, ELI:http://data.europa.eu/eli/reg_impl/2025/1093/oj(BG, ES, CS, DA, DE, ET, EL, EN, FR, GA, HR, IT, LV, LT, HU, MT, NL, PL, PT, RO, SK, SL, FI, SV)",In force,32025R1093,"BG, ES, CS, DA, DE, ET, EL, EN, FR, GA, HR, IT, LV, LT, HU, MT, NL, PL, PT, RO, SK, SL, FI, SV",Implementing regulation,"European Commission, Directorate-General for Environment",22/05/2025; Date of adoption,https://eur-lex.europa.eu/legal-content/AUTO/?uri=CELEX:32025R1093,135,,,064f645dcefd629653a4b41d67e2445d908d4721199c61dfef52a920bd3862ad
"Commission Implementing Decision (EU) 2025/1046 of 26 May 2025 recognising that the report submitted by Sweden under Article 31(2) of Directive (EU) 2018/2001 of the European Parliament and of the Council contains accurate data for the purposes of measuring the greenhouse gas emissions associated with the cultivation of barley, faba bean, rapeseed, rye, triticale, wheat and yellow pea in that Member State",C/2025/2880,"OJ L, 2025/1046,  28.5.2025, ELI:http://data.europa.eu/eli/dec_impl/2025/1046/oj(BG, ES, CS, DA, DE, ET, EL, EN, FR, GA, HR, IT, LV, LT, HU, MT, NL, PL, PT, RO, SK, SL, FI, SV)",In force,32025D1046,"BG, ES, CS, DA, DE, ET, EL, EN, FR, GA, HR, IT, LV, LT, HU, MT, NL, PL, PT, RO, SK, SL, FI, SV",Implementing decision,"European Commission, Directorate-General for Energy",26/05/2025; Date of adoption,https://eur-lex.europa.eu/legal-content/AUTO/?uri=CELEX:32025D1046,137,,,2a1b90aa1521bd14c57b6bebe13a6a5907dd8cce87dcd76d50f4e03e9c5926d7
Commission Implementing Decision (EU) 2024/2630 of 8 October 2024 recognising under Article 31(2) and (4) of Directive (EU) 2018/2001 that the report contains accurate data for the purposes of measuring the greenhouse gas emissions associated with the cultivation of rapeseed in Denmark,C/2024/6847,"OJ L, 2024/2630,  9.10.2024, ELI:http://data.europa.eu/eli/dec_impl/2024/2630/oj(BG, ES, CS, DA, DE, ET, EL, EN, FR, GA, HR, IT, LV, LT, HU, MT, NL, PL, PT, RO, SK, SL, FI, SV)",In force,32024D2630,"BG, ES, CS, DA, DE, ET, EL, EN, FR, GA, HR, IT, LV, LT, HU, MT, NL, PL, PT, RO, SK, SL, FI, SV",Implementing decision,"European Commission, Directorate-General for Energy",08/10/2024; Date of adoption,https://eur-lex.europa.eu/legal-content/AUTO/?uri=CELEX:32024D2630,137,,,c043b084fd35694a74959134fe0dfd2c3413cb134bc82ba4615ba39038e69b82
"Commission Implementing Decision (EU) 2024/3176 of 19 December 2024 amending Implementing Decision (EU) 2022/602 as regards the recognition of the International Sustainability &amp; Carbon Certification – ISCC EU voluntary scheme for forest biomass, renewable fuels of non-biological origin and recycled carbon fuels",C/2024/8978,"OJ L, 2024/3176,  20.12.2024, ELI:http://data.europa.eu/eli/dec_impl/2024/3176/oj(BG, ES, CS, DA, DE, ET, EL, EN, FR, GA, HR, IT, LV, LT, HU, MT, NL, PL, PT, RO, SK, SL, FI, SV)",In force,32024D3176,"BG, ES, CS, DA, DE, ET, EL, EN, FR, GA, HR, IT, LV, LT, HU, MT, NL, PL, PT, RO, SK, SL, FI, SV",Implementing decision,"European Commission, Directorate-General for Energy",19/12/2024; Date of adoption,https://eur-lex.europa.eu/legal-content/AUTO/?uri=CELEX:32024D3176,141,,,4f9687fbb6b79af7b53bbdacf44b965e04fd7b92b908762865ead3f01263e6e5
Commission Delegated Regulation (EU) 2024/3215 of 28 June 2024 correcting certain language versions of Delegated Regulation (EU) 2021/2139 supplementing Regulation (EU) 2020/852 of the European Parliament and of the Council by establishing the technical screening criteria for determining the conditions under which an economic activity qualifies as contributing substantially to climate change mitigation or climate change adaptation and for determining whether that economic activity causes no significant harm to any of the other environmental objectives,C/2024/4352,"OJ L, 2024/3215,  19.12.2024, ELI:http://data.europa.eu/eli/reg_del/2024/3215/oj(BG, ES, CS, DA, DE, ET, EL, EN, FR, GA, HR, IT, LV, LT, HU, MT, NL, PL, PT, RO, SK, SL, FI, SV)",In force,32024R3215,"BG, ES, CS, DA, DE, ET, EL, EN, FR, GA, HR, IT, LV, LT, HU, MT, NL, PL, PT, RO, SK, SL, FI, SV",Delegated regulation,"European Commission, Directorate-General for Translation",28/06/2024; Date of adoption,https://eur-lex.europa.eu/legal-content/AUTO/?uri=CELEX:32024R3215,142,,,cf1373b09d5a7077fef504585ac810c51bc1e62b030430683a1e2a4ffd0c7185
Commission Implementing Decision (EU) 2024/2624 of 8 October 2024 recognising under Article 31(2) and (4) of Directive (EU) 2018/2001 that the report contains accurate data for the purposes of measuring the greenhouse gas emissions associated with the cultivation of rapeseed in Czechia,C/2024/6806,"OJ L, 2024/2624,  9.10.2024, ELI:http://data.europa.eu/eli/dec_impl/2024/2624/oj(BG, ES, CS, DA, DE, ET, EL, EN, FR, GA, HR, IT, LV, LT, HU, MT, NL, PL, PT, RO, SK, SL, FI, SV)",In force,32024D2624,"BG, ES, CS, DA, DE, ET, EL, EN, FR, GA, HR, IT, LV, LT, HU, MT, NL, PL, PT, RO, SK, SL, FI, SV",Implementing decision,"European Commission, Directorate-General for Energy",08/10/2024; Date of adoption,https://eur-lex.europa.eu/legal-content/AUTO/?uri=CELEX:32024D2624,152,,,122117bc90a0443586edc09d017425cb3e483e1483ae319107658f3c2cf42350
Council Decision (EU) 2025/869 of 14 April 2025 on the position to be taken on behalf of the European Union at the seventeenth Conference of the Parties to the Basel Convention on the Control of Transboundary Movements of Hazardous Wastes and their Disposal with regard to certain amendments to the Convention and the Annexes thereto,ST/7112/2025/INIT,"OJ L, 2025/869,  12.5.2025, ELI:http://data.europa.eu/eli/dec/2025/869/oj(BG, ES, CS, DA, DE, ET, EL, EN, FR, GA, HR, IT, LV, LT, HU, MT, NL, PL, PT, RO, SK, SL, FI, SV)",In force,32025D0869,"BG, ES, CS, DA, DE, ET, EL, EN, FR, GA, HR, IT, LV, LT, HU, MT, NL, PL, PT, RO, SK, SL, FI, SV",Decision,Council of the European Union,14/04/2025; Date of adoption,https://eur-lex.europa.eu/legal-content/AUTO/?uri=CELEX:32025D0869,160,,,f2bbcc285a56bd4a6d097336751574ffc38b368ff8d104c4811d2ea016391836
Commission Implementing Regulation (EU) 2024/2507 of 26 September 2024 amending and correcting Implementing Regulation (EU) 2020/1201 as regards measures to prevent the introduction into and spread within the Union of Xylella fastidiosa (Wells et al.) and amending Implementing Regulation (EU) 2020/1770 as regards the list of plant species not exempted from the traceability code requirement for plant passports,C/2024/6650,"OJ L, 2024/2507,  27.9.2024, ELI:http://data.europa.eu/eli/reg_impl/2024/2507/oj(BG, ES, CS, DA, DE, ET, EL, EN, FR, GA, HR, IT, LV, LT, HU, MT, NL, PL, PT, RO, SK, SL, FI, SV)",In force,32024R2507,"BG, ES, CS, DA, DE, ET, EL, EN, FR, GA, HR, IT, LV, LT, HU, MT, NL, PL, PT, RO, SK, SL, FI, SV",Implementing regulation,"European Commission, Directorate-General for Health and Food Safety",26/09/2024; Date of adoption,https://eur-lex.europa.eu/legal-content/AUTO/?uri=CELEX:32024R2507,163,,,36e126e07f9434f55827df37ab2fe73b389706a7bda2280b49b33228eb2efb1e
"Commission Implementing Decision (EU) 2025/658 of 3 April 2025 recognising that the report submitted by France under Article 31(2) of Directive (EU) 2018/2001 of the European Parliament and of the Council contains accurate data for the purposes of measuring the greenhouse gas emissions associated with the cultivation of sugar beet, common wheat, grain maize, rapeseed and sunflower in that Member State",C/2025/1968,"OJ L, 2025/658,  4.4.2025, ELI:http://data.europa.eu/eli/dec_impl/2025/658/oj(BG, ES, CS, DA, DE, ET, EL, EN, FR, GA, HR, IT, LV, LT, HU, MT, NL, PL, PT, RO, SK, SL, FI, SV)",In force,32025D0658,"BG, ES, CS, DA, DE, ET, EL, EN, FR, GA, HR, IT, LV, LT, HU, MT, NL, PL, PT, RO, SK, SL, FI, SV",Implementing decision,"European Commission, Directorate-General for Energy",03/04/2025; Date of adoption,https://eur-lex.europa.eu/legal-content/AUTO/?uri=CELEX:32025D0658,165,,,56ad698e5c2e0b711dbd544bd9cb494a881b6d3fcaf8da55f4b8f803395ef372
"Commission Implementing Decision (EU) 2025/473 of 12 March 2025 recognising that the report submitted by Czechia under Article 31(2) of Directive (EU) 2018/2001 of the European Parliament and of the Council contains accurate data for the purposes of measuring the greenhouse gas emissions associated with the cultivation of winter wheat grain, sugar beet, maize grain, maize silage, spring barley grain and winter barley grain in that Member State",C/2025/1494,"OJ L, 2025/473,  14.3.2025, ELI:http://data.europa.eu/eli/dec_impl/2025/473/oj(BG, ES, CS, DA, DE, ET, EL, EN, FR, GA, HR, IT, LV, LT, HU, MT, NL, PL, PT, RO, SK, SL, FI, SV)",In force,32025D0473,"BG, ES, CS, DA, DE, ET, EL, EN, FR, GA, HR, IT, LV, LT, HU, MT, NL, PL, PT, RO, SK, SL, FI, SV",Implementing decision,"European Commission, Directorate-General for Energy",12/03/2025; Date of adoption,https://eur-lex.europa.eu/legal-content/AUTO/?uri=CELEX:32025D0473,165,,,f74335c5817a667ed22cdd922eaccc69d627a41a911e7bac0fafffeab525ba9b
Commission Implementing Decision (EU) 2025/478 of 12 March 2025 recognising that the report submitted by Slovakia under Article 31(2) of Directive (EU) 2018/2001 of the European Parliament and of the Council contains accurate data for the purposes of measuring greenhouse gas emissions associated with the cultivation of rapeseed and maize grain in that Member State,C/2025/1475,"OJ L, 2025/478,  13.3.2025, ELI:http://data.europa.eu/eli/dec_impl/2025/478/oj(BG, ES, CS, DA, DE, ET, EL, EN, FR, GA, HR, IT, LV, LT, HU, MT, NL, PL, PT, RO, SK, SL, FI, SV)",In force,32025D0478,"BG, ES, CS, DA, DE, ET, EL, EN, FR, GA, HR, IT, LV, LT, HU, MT, NL, PL, PT, RO, SK, SL, FI, SV",Implementing decision,"European Commission, Directorate-General for Energy",12/03/2025; Date of adoption,https://eur-lex.europa.eu/legal-content/AUTO/?uri=CELEX:32025D0478,165,,,6cb59f96f62734f48697ba4f8a4e542fde9bf429ecb3ca4241f5c6d5ba9e069b
Council Decision (EU) 2024/364 of 16 January 2024 on the position to be taken on behalf of the European Union in the Western Central Atlantic Fishery Commission and repealing Decision (EU) 2019/1563,ST/13475/2023/INIT,"OJ L, 2024/364,  19.1.2024, ELI:http://data.europa.eu/eli/dec/2024/364/oj(BG, ES, CS, DA, DE, ET, EL, EN, FR, GA, HR, IT, LV, LT, HU, MT, NL, PL, PT, RO, SK, SL, FI, SV)",In force,32024D0364,"BG, ES, CS, DA, DE, ET, EL, EN, FR, GA, HR, IT, LV, LT, HU, MT, NL, PL, PT, RO, SK, SL, FI, SV",Decision,Council of the European Union,16/01/2024; Date of publication,https://eur-lex.europa.eu/legal-content/AUTO/?uri=CELEX:32024D0364,168,,,600625c6908ff84a4d9e3e2264151ae43ca7a4967b9b143802eeec07b0e3a131
Commission Delegated Regulation (EU) 2024/3229 of 18 October 2024 amending Regulation (EC) No 1013/2006 of the European Parliament and of the Council as regards changes on shipments of electrical and electronic waste agreed under the Basel Convention,C/2024/7198,"OJ L, 2024/3229,  20.12.2024, ELI:http://data.europa.eu/eli/reg_del/2024/3229/oj(BG, ES, CS, DA, DE, ET, EL, EN, FR, GA, HR, IT, LV, LT, HU, MT, NL, PL, PT, RO, SK, SL, FI, SV)",In force,32024R3229,"BG, ES, CS, DA, DE, ET, EL, EN, FR, GA, HR, IT, LV, LT, HU, MT, NL, PL, PT, RO, SK, SL, FI, SV",Delegated regulation,"European Commission, Directorate-General for Environment",18/10/2024; Date of adoption,https://eur-lex.europa.eu/legal-content/AUTO/?uri=CELEX:32024R3229,170,,,88119714c18a0c42862b2466a32e16d1a6a8259ab628efd276368bb0126cbf40
Commission Implementing Decision (EU) 2024/766 of 1 March 2024 amending Implementing Decision (EU) 2019/1119 as regards the calculation of the CO2 savings and of the statistical margin for certain not off-vehicle charging hybrid electric passenger cars,C/2024/1263,"OJ L, 2024/766,  5.3.2024, ELI:http://data.europa.eu/eli/dec_impl/2024/766/oj(BG, ES, CS, DA, DE, ET, EL, EN, FR, GA, HR, IT, LV, LT, HU, MT, NL, PL, PT, RO, SK, SL, FI, SV)",In force,32024D0766,"BG, ES, CS, DA, DE, ET, EL, EN, FR, GA, HR, IT, LV, LT, HU, MT, NL, PL, PT, RO, SK, SL, FI, SV",Implementing decision,"European Commission, Directorate-General for Climate Action",01/03/2024; Date of adoption,https://eur-lex.europa.eu/legal-content/AUTO/?uri=CELEX:32024D0766,172,,,9fd497631f3f5eda32bafb0775cc338be237e1ea7bc0d441d99174502070b775
Commission Implementing Decision (EU) 2025/108 of 22 January 2025 amending Implementing Decision (EU) 2024/2666 as regards the data recognised as accurate for the purposes of measuring greenhouse gas emissions associated with the cultivation of agricultural raw material in Germany on organic soils,C/2025/14,"OJ L, 2025/108,  23.1.2025, ELI:http://data.europa.eu/eli/dec_impl/2025/108/oj(BG, ES, CS, DA, DE, ET, EL, EN, FR, GA, HR, IT, LV, LT, HU, MT, NL, PL, PT, RO, SK, SL, FI, SV)",In force,32025D0108,"BG, ES, CS, DA, DE, ET, EL, EN, FR, GA, HR, IT, LV, LT, HU, MT, NL, PL, PT, RO, SK, SL, FI, SV",Implementing decision,"European Commission, Directorate-General for Energy",22/01/2025; Date of adoption,https://eur-lex.europa.eu/legal-content/AUTO/?uri=CELEX:32025D0108,179,,,b3e7a7088e1597705fe2b70b5c308c064cffbf748ad0b20a2e3e2f62b5afbae2
"Commission Implementing Decision (EU) 2024/2666 of 14 October 2024 recognising under Article 31(2) and (4) of Directive (EU) 2018/2001 that the report contains accurate data for the purposes of measuring the greenhouse gas emissions associated with the cultivation of wheat, rye, maize, barley, triticale, sugar beet, rapeseed, field grass and grassland cuttings in Germany",C/2024/6893,"OJ L, 2024/2666,  15.10.2024, ELI:http://data.europa.eu/eli/dec_impl/2024/2666/oj(BG, ES, CS, DA, DE, ET, EL, EN, FR, GA, HR, IT, LV, LT, HU, MT, NL, PL, PT, RO, SK, SL, FI, SV)",In force,32024D2666,"BG, ES, CS, DA, DE, ET, EL, EN, FR, GA, HR, IT, LV, LT, HU, MT, NL, PL, PT, RO, SK, SL, FI, SV",Implementing decision,"European Commission, Directorate-General for Energy",14/10/2024; Date of adoption,https://eur-lex.europa.eu/legal-content/AUTO/?uri=CELEX:32024D2666,179,,04/11/2024,7747c80b7257682bbb188de3d142d268a26abad2484589f09fbd979e28ed8186
Commission Delegated Regulation (EU) 2025/843 of 5 May 2025 amending Annex I to Regulation (EU) 2019/1021 of the European Parliament and of the Council as regards UV-328,C/2025/2567,"OJ L, 2025/843,  15.7.2025, ELI:http://data.europa.eu/eli/reg_del/2025/843/oj(BG, ES, CS, DA, DE, ET, EL, EN, FR, GA, HR, IT, LV, LT, HU, MT, NL, PL, PT, RO, SK, SL, FI, SV)",In force,32025R0843,"BG, ES, CS, DA, DE, ET, EL, EN, FR, GA, HR, IT, LV, LT, HU, MT, NL, PL, PT, RO, SK, SL, FI, SV",Delegated regulation,"European Commission, Directorate-General for Environment",05/05/2025; Date of adoption,https://eur-lex.europa.eu/legal-content/AUTO/?uri=CELEX:32025R0843,189,,,2b0a246894995c101ffb819960350664cdfa2c32938845f7e4f938118c2e306d
"Commission Delegated Regulation (EU) 2025/1399 of 5 May 2025 amending Annex I to Regulation (EU) 2019/1021 of the European Parliament and of the Council as regards perfluorooctanoic acid (PFOA), its salts and PFOA-related compounds",C/2025/2566,"OJ L, 2025/1399,  14.7.2025, ELI:http://data.europa.eu/eli/reg_del/2025/1399/oj(BG, ES, CS, DA, DE, ET, EL, EN, FR, GA, HR, IT, LV, LT, HU, MT, NL, PL, PT, RO, SK, SL, FI, SV)",In force,32025R1399,"BG, ES, CS, DA, DE, ET, EL, EN, FR, GA, HR, IT, LV, LT, HU, MT, NL, PL, PT, RO, SK, SL, FI, SV",Delegated regulation,"European Commission, Directorate-General for Environment",05/05/2025; Date of adoption,https://eur-lex.europa.eu/legal-content/AUTO/?uri=CELEX:32025R1399,189,,,fbaf884fd025faf57b5d9a037a279e6a0c2c7e4f914d6a2447357adc739c031a
Council Implementing Decision (EU) 2024/2680 of 8 October 2024 amending Implementing Decision (EU) 2021/1778 authorising Germany to continue to apply a special measure derogating from Article 193 of Directive 2006/112/EC on the common system of value added tax,ST/13160/2024/INIT,"OJ L, 2024/2680,  11.10.2024, ELI:http://data.europa.eu/eli/dec_impl/2024/2680/oj(BG, ES, CS, DA, DE, ET, EL, EN, FR, GA, HR, IT, LV, LT, HU, MT, NL, PL, PT, RO, SK, SL, FI, SV)",In force,32024D2680,"BG, ES, CS, DA, DE, ET, EL, EN, FR, GA, HR, IT, LV, LT, HU, MT, NL, PL, PT, RO, SK, SL, FI, SV",Implementing decision,Council of the European Union,08/10/2024; Date of adoption,https://eur-lex.europa.eu/legal-content/AUTO/?uri=CELEX:32024D2680,195,,,9991b5691ce1fb78b9c7b4fb3ef71ca3f590846d17aafd8d7cb8e27e76f8f88a
"Commission Implementing Decision (EU) 2025/18 of 9 January 2025 recognising under Article 31(2) and (4) of Directive (EU) 2018/2001 that the report contains accurate data for the purposes of measuring the greenhouse gas emissions associated with the cultivation of wheat, maize, sunflower, soybean and rapeseed in Hungary",C/2025/13,"OJ L, 2025/18,  10.1.2025, ELI:http://data.europa.eu/eli/dec_impl/2025/18/oj(BG, ES, CS, DA, DE, ET, EL, EN, FR, GA, HR, IT, LV, LT, HU, MT, NL, PL, PT, RO, SK, SL, FI, SV)",In force,32025D0018,"BG, ES, CS, DA, DE, ET, EL, EN, FR, GA, HR, IT, LV, LT, HU, MT, NL, PL, PT, RO, SK, SL, FI, SV",Implementing decision,"European Commission, Directorate-General for Energy",09/01/2025; Date of adoption,https://eur-lex.europa.eu/legal-content/AUTO/?uri=CELEX:32025D0018,196,,,62b13e76629f0e22359b669969ac2d2ca32b98da47d30f10d8b3679be93936c3
Commission Implementing Regulation (EU) 2024/2013 of 23 July 2024 on measures to prevent the establishment and spread within the Union territory and to eradicate Pomacea (Perry) and repealing Implementing Decision 2012/697/EU,C/2024/5055,"OJ L, 2024/2013,  26.7.2024, ELI:http://data.europa.eu/eli/reg_impl/2024/2013/oj(BG, ES, CS, DA, DE, ET, EL, EN, FR, GA, HR, IT, LV, LT, HU, MT, NL, PL, PT, RO, SK, SL, FI, SV)",In force,32024R2013,"BG, ES, CS, DA, DE, ET, EL, EN, FR, GA, HR, IT, LV, LT, HU, MT, NL, PL, PT, RO, SK, SL, FI, SV",Implementing regulation,"European Commission, Directorate-General for Health and Food Safety",23/07/2024; Date of adoption,https://eur-lex.europa.eu/legal-content/AUTO/?uri=CELEX:32024R2013,201,,,bf06b3d937314f86e702ebe0eb1a6aaa344b56df50bdb1357c9af48aba4c5efc
Commission Implementing Regulation (EU) 2024/2649 of 10 October 2024 correcting the Swedish language version of Implementing Regulation (EU) 2023/1773 laying down the rules for the application of Regulation (EU) 2023/956 of the European Parliament and of the Council as regards reporting obligations for the purposes of the carbon border adjustment mechanism during the transitional period,C/2024/7012,"OJ L, 2024/2649,  11.10.2024, ELI:http://data.europa.eu/eli/reg_impl/2024/2649/oj(BG, ES, CS, DA, DE, ET, EL, EN, FR, GA, HR, IT, LV, LT, HU, MT, NL, PL, PT, RO, SK, SL, FI, SV)",In force,32024R2649,"BG, ES, CS, DA, DE, ET, EL, EN, FR, GA, HR, IT, LV, LT, HU, MT, NL, PL, PT, RO, SK, SL, FI, SV",Implementing regulation,"European Commission, Directorate-General for Translation",10/10/2024; Date of adoption,https://eur-lex.europa.eu/legal-content/AUTO/?uri=CELEX:32024R2649,201,,,83ebf7d50204bd720da8bfaade4f7cb9c561ab891cd535eb0b858d2218ef0a3f
Commission Implementing Regulation (EU) 2025/217 of 6 February 2025 correcting the Croatian language version of Implementing Regulation (EU) 2019/2072 establishing uniform conditions for the implementation of Regulation (EU) 2016/2031 of the European Parliament and the Council as regards protective measures against pests of plants,C/2025/709,"OJ L, 2025/217,  7.2.2025, ELI:http://data.europa.eu/eli/reg_impl/2025/217/oj(BG, ES, CS, DA, DE, ET, EL, EN, FR, GA, HR, IT, LV, LT, HU, MT, NL, PL, PT, RO, SK, SL, FI, SV)",In force,32025R0217,"BG, ES, CS, DA, DE, ET, EL, EN, FR, GA, HR, IT, LV, LT, HU, MT, NL, PL, PT, RO, SK, SL, FI, SV",Implementing regulation,"European Commission, Directorate-General for Translation",06/02/2025; Date of adoption,https://eur-lex.europa.eu/legal-content/AUTO/?uri=CELEX:32025R0217,202,,,5a0a131c1a1c036b432985c773d65ea7e119aec71204f6cd3531d464dc64d331
Commission Implementing Decision (EU) 2024/1113 of 18 April 2024 amending Implementing Decision (EU) 2023/2895 as regards the list of islands and ports referred to in Article 12(3-d) of Directive 2003/87/EC of the European Parliament and of the Council,C/2024/2457,"OJ L, 2024/1113,  22.4.2024, ELI:http://data.europa.eu/eli/dec_impl/2024/1113/oj(BG, ES, CS, DA, DE, ET, EL, EN, FR, GA, HR, IT, LV, LT, HU, MT, NL, PL, PT, RO, SK, SL, FI, SV)",In force,32024D1113,"BG, ES, CS, DA, DE, ET, EL, EN, FR, GA, HR, IT, LV, LT, HU, MT, NL, PL, PT, RO, SK, SL, FI, SV",Implementing decision,"European Commission, Directorate-General for Climate Action",18/04/2024; Date of adoption,https://eur-lex.europa.eu/legal-content/AUTO/?uri=CELEX:32024D1113,204,,,8d877e6baa4c13bac50acdc158ab0b49382c7283205417b79e0e51fb7fc5c2a2
Commission Implementing Decision (EU) 2024/1113 of 18 April 2024 amending Implementing Decision (EU) 2023/2895 as regards the list of islands and ports referred to in Article 12(3-d) of Directive 2003/87/EC of the European Parliament and of the Council,C/2024/2457,"OJ L, 2024/1113,  22.4.2024, ELI:http://data.europa.eu/eli/dec_impl/2024/1113/oj(BG, ES, CS, DA, DE, ET, EL, EN, FR, GA, HR, IT, LV, LT, HU, MT, NL, PL, PT, RO, SK, SL, FI, SV)",In force,32024D1113,"BG, ES, CS, DA, DE, ET, EL, EN, FR, GA, HR, IT, LV, LT, HU, MT, NL, PL, PT, RO, SK, SL, FI, SV",Implementing decision,"European Commission, Directorate-General for Climate Action",18/04/2024; Date of adoption,https://eur-lex.europa.eu/legal-content/AUTO/?uri=CELEX:32024D1113,205,,,8d877e6baa4c13bac50acdc158ab0b49382c7283205417b79e0e51fb7fc5c2a2
Commission Delegated Regulation (EU) 2024/1294 of 1 March 2024 correcting certain language versions of Delegated Regulation (EU) 2023/2867 supplementing Regulation (EU) 2019/631 of the European Parliament and of the Council by setting out the guiding principles and criteria for defining the procedures for the verification of the CO2 emissions and fuel consumption values of passenger cars and light commercial vehicles in-service (in-service verification),C/2024/1265,"OJ L, 2024/1294,  6.5.2024, ELI:http://data.europa.eu/eli/reg_del/2024/1294/oj(BG, ES, CS, DA, DE, ET, EL, EN, FR, GA, HR, IT, LV, LT, HU, MT, NL, PL, PT, RO, SK, SL, FI, SV)",In force,32024R1294,"BG, ES, CS, DA, DE, ET, EL, EN, FR, GA, HR, IT, LV, LT, HU, MT, NL, PL, PT, RO, SK, SL, FI, SV",Delegated regulation,"European Commission, Directorate-General for Translation",01/03/2024; Date of adoption,https://eur-lex.europa.eu/legal-content/AUTO/?uri=CELEX:32024R1294,209,,,534cb5bc02db746b811dbf23d2d17ad69091c38070dc03958fa3ffbe616dc0c2
Commission Implementing Regulation (EU) 2025/6 of 6 January 2025 prohibiting the introduction into the Union of specimens of certain species of wild fauna and flora in accordance with Council Regulation (EC) No 338/97 on the protection of species of wild fauna and flora by regulating trade therein and repealing Commission Implementing Regulation (EU) 2023/2770,C/2025/15,"OJ L, 2025/6,  7.1.2025, ELI:http://data.europa.eu/eli/reg_impl/2025/6/oj(BG, ES, CS, DA, DE, ET, EL, EN, FR, GA, HR, IT, LV, LT, HU, MT, NL, PL, PT, RO, SK, SL, FI, SV)",In force,32025R0006,"BG, ES, CS, DA, DE, ET, EL, EN, FR, GA, HR, IT, LV, LT, HU, MT, NL, PL, PT, RO, SK, SL, FI, SV",Implementing regulation,"European Commission, Directorate-General for Environment",06/01/2025; Date of adoption,https://eur-lex.europa.eu/legal-content/AUTO/?uri=CELEX:32025R0006,213,,,e1746b75cb28fff573349551d5e19117a006dcde1c242d1ed29e99daceac54e5
"Commission Implementing Regulation (EU) 2024/574 of 15 February 2024 specifying the technical formats for reporting by the Member States pursuant to Regulation (EU) No 1143/2014 of the European Parliament and of the Council, and repealing Commission Implementing Regulation (EU) 2017/1454",C/2024/863,"OJ L, 2024/574,  16.2.2024, ELI:http://data.europa.eu/eli/reg_impl/2024/574/oj(BG, ES, CS, DA, DE, ET, EL, EN, FR, GA, HR, IT, LV, LT, HU, MT, NL, PL, PT, RO, SK, SL, FI, SV)",In force,32024R0574,"BG, ES, CS, DA, DE, ET, EL, EN, FR, GA, HR, IT, LV, LT, HU, MT, NL, PL, PT, RO, SK, SL, FI, SV",Implementing regulation,"European Commission, Directorate-General for Environment",15/02/2024; Date of adoption,https://eur-lex.europa.eu/legal-content/AUTO/?uri=CELEX:32024R0574,214,,,a85a11716a44765007edec9907fffb23b25663229807be74dd3f171565f4a1aa
Commission Delegated Directive (EU) 2024/1416 of 13 March 2024 amending Directive 2011/65/EU of the European Parliament and of the Council as regards an exemption for cadmium in downshifting quantum dots directly deposited on LED semiconductor chips,C/2024/1573,"OJ L, 2024/1416,  21.5.2024, ELI:http://data.europa.eu/eli/dir_del/2024/1416/oj(BG, ES, CS, DA, DE, ET, EL, EN, FR, GA, HR, IT, LV, LT, HU, MT, NL, PL, PT, RO, SK, SL, FI, SV)",In force,32024L1416,"BG, ES, CS, DA, DE, ET, EL, EN, FR, GA, HR, IT, LV, LT, HU, MT, NL, PL, PT, RO, SK, SL, FI, SV",Delegated directive,"European Commission, Directorate-General for Environment",13/03/2024; Date of adoption,https://eur-lex.europa.eu/legal-content/AUTO/?uri=CELEX:32024L1416,219,,,95e530dfdaf0bc1ebf89725e0cf77e24cdda8313167229bcba50ea3159c5a150
Commission Implementing Regulation (EU) 2025/831 of 5 May 2025 granting a Union authorisation for the biocidal product family AWPF Calcium Hypochlorite BPF in accordance with Regulation (EU) No 528/2012 of the European Parliament and of the Council,C/2025/2577,"OJ L, 2025/831,  6.5.2025, ELI:http://data.europa.eu/eli/reg_impl/2025/831/oj(BG, ES, CS, DA, DE, ET, EL, EN, FR, GA, HR, IT, LV, LT, HU, MT, NL, PL, PT, RO, SK, SL, FI, SV)",In force,32025R0831,"BG, ES, CS, DA, DE, ET, EL, EN, FR, GA, HR, IT, LV, LT, HU, MT, NL, PL, PT, RO, SK, SL, FI, SV",Implementing regulation,"European Commission, Directorate-General for Health and Food Safety",05/05/2025; Date of adoption,https://eur-lex.europa.eu/legal-content/AUTO/?uri=CELEX:32025R0831,222,,,d73994b926ec33d47fc94eb90e948340e185fbfc1579ad70337728a5fbad5ec0
Commission Delegated Regulation (EU) 2024/2571 of 19 July 2024 supplementing Regulation (EU) 2024/1157 of the European Parliament and of the Council by establishing the information to be provided in the certificate confirming the completion of a subsequent interim or non-interim recovery operation or a subsequent interim or non-interim disposal operation,C/2024/5017,"OJ L, 2024/2571,  27.9.2024, ELI:http://data.europa.eu/eli/reg_del/2024/2571/oj(BG, ES, CS, DA, DE, ET, EL, EN, FR, GA, HR, IT, LV, LT, HU, MT, NL, PL, PT, RO, SK, SL, FI, SV)",In force,32024R2571,"BG, ES, CS, DA, DE, ET, EL, EN, FR, GA, HR, IT, LV, LT, HU, MT, NL, PL, PT, RO, SK, SL, FI, SV",Delegated regulation,"European Commission, Directorate-General for Environment",19/07/2024; Date of adoption,https://eur-lex.europa.eu/legal-content/AUTO/?uri=CELEX:32024R2571,229,,,89d95c5dc78065403a7baedd8566613954d147a1e1c6d0cea4ce727d0ca2a711
Commission Regulation (EU) 2025/130 of 28 January 2025 amending Regulation (EC) No 865/2006 as regards developments in the framework of the Convention on International Trade in Endangered Species of Wild Fauna and Flora and the possibility to issue retrospective permits,C/2025/448,"OJ L, 2025/130,  29.1.2025, ELI:http://data.europa.eu/eli/reg/2025/130/oj(BG, ES, CS, DA, DE, ET, EL, EN, FR, GA, HR, IT, LV, LT, HU, MT, NL, PL, PT, RO, SK, SL, FI, SV)",In force,32025R0130,"BG, ES, CS, DA, DE, ET, EL, EN, FR, GA, HR, IT, LV, LT, HU, MT, NL, PL, PT, RO, SK, SL, FI, SV",Regulation,"European Commission, Directorate-General for Environment",28/01/2025; Date of adoption,https://eur-lex.europa.eu/legal-content/AUTO/?uri=CELEX:32025R0130,237,,,e564fb3abe66dfa3f2ee1750f24ea6ea065040781965da12845a9d4b4941491d
"Commission Implementing Decision (EU) 2024/1823 of 19 June 2024 on the request for registration, pursuant to Regulation (EU) 2019/788 of the European Parliament and of the Council, of the European citizens’ initiative entitled Air-Quotas (notified under document C(2024) 3817)",C/2024/3817,"OJ L, 2024/1823,  28.6.2024, ELI:http://data.europa.eu/eli/dec_impl/2024/1823/oj(BG, ES, CS, DA, DE, ET, EL, EN, FR, GA, HR, IT, LV, LT, HU, MT, NL, PL, PT, RO, SK, SL, FI, SV)",In force,32024D1823,"BG, ES, CS, DA, DE, ET, EL, EN, FR, GA, HR, IT, LV, LT, HU, MT, NL, PL, PT, RO, SK, SL, FI, SV",Implementing decision,"European Commission, Secretariat-General",19/06/2024; Date of adoption,https://eur-lex.europa.eu/legal-content/AUTO/?uri=CELEX:32024D1823,241,,,1da4f2b3a6e861d04a6fcf6e8e533fbe8f866493dc187d81c5a9eb37f391b91b
Council Decision (EU) 2024/1873 of 24 June 2024 on the position to be taken on behalf of the European Union within the Joint Committee established by the Agreement between the European Union and the Swiss Confederation on the linking of their greenhouse gas emissions trading systems as regards the amendment of Annex II to the Agreement and of the Common Operational Procedures and the Linking Technical StandardsText with EEA relevance.,ST/10038/2024/INIT,"OJ L, 2024/1873,  5.7.2024, ELI:http://data.europa.eu/eli/dec/2024/1873/oj(BG, ES, CS, DA, DE, ET, EL, EN, FR, GA, HR, IT, LV, LT, HU, MT, NL, PL, PT, RO, SK, SL, FI, SV)",In force,32024D1873,"BG, ES, CS, DA, DE, ET, EL, EN, FR, GA, HR, IT, LV, LT, HU, MT, NL, PL, PT, RO, SK, SL, FI, SV",Decision,Council of the European Union,24/06/2024; Date of adoption,https://eur-lex.europa.eu/legal-content/AUTO/?uri=CELEX:32024D1873,241,,,6e7775939616459e25daa732920ee6e0e13561ba115506d7be7b2425d0ec8a84
Commission Implementing Regulation (EU) 2024/3210 of 18 December 2024 laying down rules for the application of Regulation (EU) 2023/956 of the European Parliament and of the Council as regards the CBAM registry,C/2024/9104,"OJ L, 2024/3210,  30.12.2024, ELI:http://data.europa.eu/eli/reg_impl/2024/3210/oj(BG, ES, CS, DA, DE, ET, EL, EN, FR, GA, HR, IT, LV, LT, HU, MT, NL, PL, PT, RO, SK, SL, FI, SV)",In force,32024R3210,"BG, ES, CS, DA, DE, ET, EL, EN, FR, GA, HR, IT, LV, LT, HU, MT, NL, PL, PT, RO, SK, SL, FI, SV",Implementing regulation,"European Commission, Directorate-General for Taxation and Customs Union",18/12/2024; Date of adoption,https://eur-lex.europa.eu/legal-content/AUTO/?uri=CELEX:32024R3210,242,,,961a3ef9543f5adf3998c106bd6ebf766fb2443d3cd3e5025aab0bd4e9b78b82
"Commission Implementing Regulation (EU) 2024/1054 of 10 April 2024 concerning the authorisation of a preparation of Weizmannia faecalis DSM 32016 as a feed additive for use in feed and in water for drinking for all poultry species reared for laying or breeding and for use in water for drinking for all poultry species for fattening, ornamental birds, suckling and weaned Suidae piglets (holder of the authorisation: Biochem Zusatzstoffe Handels- und Produktionsges. mbH), and amending Implementing Regulation (EU) 2020/1755 as regards the terms of the authorisation of that preparation",C/2024/2286,"OJ L, 2024/1054,  11.4.2024, ELI:http://data.europa.eu/eli/reg_impl/2024/1054/oj(BG, ES, CS, DA, DE, ET, EL, EN, FR, GA, HR, IT, LV, LT, HU, MT, NL, PL, PT, RO, SK, SL, FI, SV)",In force,32024R1054,"BG, ES, CS, DA, DE, ET, EL, EN, FR, GA, HR, IT, LV, LT, HU, MT, NL, PL, PT, RO, SK, SL, FI, SV",Implementing regulation,"European Commission, Directorate-General for Health and Food Safety",10/04/2024; Date of adoption,https://eur-lex.europa.eu/legal-content/AUTO/?uri=CELEX:32024R1054,242,,,0857bd3ccafdff9513481f4c4aeb6113fff365118f7c2fd699b5b57c9d57d5c6
Commission Implementing Regulation (EU) 2025/834 of 5 May 2025 granting a Union authorisation for the single biocidal product Chlorine in accordance with Regulation (EU) No 528/2012 of the European Parliament and of the Council,C/2025/2582,"OJ L, 2025/834,  6.5.2025, ELI:http://data.europa.eu/eli/reg_impl/2025/834/oj(BG, ES, CS, DA, DE, ET, EL, EN, FR, GA, HR, IT, LV, LT, HU, MT, NL, PL, PT, RO, SK, SL, FI, SV)",In force,32025R0834,"BG, ES, CS, DA, DE, ET, EL, EN, FR, GA, HR, IT, LV, LT, HU, MT, NL, PL, PT, RO, SK, SL, FI, SV",Implementing regulation,"European Commission, Directorate-General for Health and Food Safety",05/05/2025; Date of adoption,https://eur-lex.europa.eu/legal-content/AUTO/?uri=CELEX:32025R0834,248,,,ff92015d45b93b26359e8af67be22ddc826abd7d5aba0a14d607df58e6ad60f0
Council Decision (CFSP) 2025/334 of 14 February 2025 amending Decision (CFSP) 2024/583 on a European Union maritime security operation to safeguard freedom of navigation in relation to the Red Sea crisis (EUNAVFOR ASPIDES),ST/5526/2025/INIT,"OJ L, 2025/334,  17.2.2025, ELI:http://data.europa.eu/eli/dec/2025/334/oj(BG, ES, CS, DA, DE, ET, EL, EN, FR, GA, HR, IT, LV, LT, HU, MT, NL, PL, PT, RO, SK, SL, FI, SV)",In force,32025D0334,"BG, ES, CS, DA, DE, ET, EL, EN, FR, GA, HR, IT, LV, LT, HU, MT, NL, PL, PT, RO, SK, SL, FI, SV",Decision,Council of the European Union,14/02/2025; Date of adoption,https://eur-lex.europa.eu/legal-content/AUTO/?uri=CELEX:32025D0334,249,,,6c607a37ea5f23ebb0f5c5b453637331a718e1c503770846bdb028ace498a02d
Commission Implementing Regulation (EU) 2025/132 of 28 January 2025 amending Implementing Regulation (EU) No 792/2012 as regards the inclusion of a reference to musical instruments certificates and explanations for the use of forms,C/2025/453,"OJ L, 2025/132,  29.1.2025, ELI:http://data.europa.eu/eli/reg_impl/2025/132/oj(BG, ES, CS, DA, DE, ET, EL, EN, FR, GA, HR, IT, LV, LT, HU, MT, NL, PL, PT, RO, SK, SL, FI, SV)",In force,32025R0132,"BG, ES, CS, DA, DE, ET, EL, EN, FR, GA, HR, IT, LV, LT, HU, MT, NL, PL, PT, RO, SK, SL, FI, SV",Implementing regulation,"European Commission, Directorate-General for Environment",28/01/2025; Date of adoption,https://eur-lex.europa.eu/legal-content/AUTO/?uri=CELEX:32025R0132,253,,,737b5a243a703e6dd7b739f427930b4628cffe79f157a44ccfade5e30df9c545
Commission Delegated Regulation (EU) 2025/671 of 2 April 2025 amending Regulation (EU) 2023/1804 of the European Parliament and of the Council as regards additional data types on alternative fuels infrastructure,C/2025/1912,"OJ L, 2025/671,  18.6.2025, ELI:http://data.europa.eu/eli/reg_del/2025/671/oj(BG, ES, CS, DA, DE, ET, EL, EN, FR, GA, HR, IT, LV, LT, HU, MT, NL, PL, PT, RO, SK, SL, FI, SV)",In force,32025R0671,"BG, ES, CS, DA, DE, ET, EL, EN, FR, GA, HR, IT, LV, LT, HU, MT, NL, PL, PT, RO, SK, SL, FI, SV",Delegated regulation,"European Commission, Directorate-General for Mobility and Transport",02/04/2025; Date of adoption,https://eur-lex.europa.eu/legal-content/AUTO/?uri=CELEX:32025R0671,253,,,b05d8c57fe2962c6cc16e3b2715ad90117e7c467cdb9c52a9bbdf8710b9a48f0
Commission Delegated Regulation (EU) 2025/645 of 1 April 2025 supplementing Regulation (EU) 2023/1804 of the European Parliament and of the Council as regards common technical requirements for a common application programme interface,C/2025/1913,"OJ L, 2025/645,  18.6.2025, ELI:http://data.europa.eu/eli/reg_del/2025/645/oj(BG, ES, CS, DA, DE, ET, EL, EN, FR, GA, HR, IT, LV, LT, HU, MT, NL, PL, PT, RO, SK, SL, FI, SV)",In force,32025R0645,"BG, ES, CS, DA, DE, ET, EL, EN, FR, GA, HR, IT, LV, LT, HU, MT, NL, PL, PT, RO, SK, SL, FI, SV",Delegated regulation,"European Commission, Directorate-General for Mobility and Transport",01/04/2025; Date of adoption,https://eur-lex.europa.eu/legal-content/AUTO/?uri=CELEX:32025R0645,253,,,b9065ed1c988596eba3540db9ad7c6bf78c8f8bc2463cac85a705c7b8a22f037
Commission Implementing Decision (EU) 2024/733 of 28 February 2024 postponing the expiry date of the approval of cholecalciferol for use in biocidal products of product-type 14 in accordance with Regulation (EU) No 528/2012 of the European Parliament and of the Council,C/2024/1179,"OJ L, 2024/733,  1.3.2024, ELI:http://data.europa.eu/eli/dec_impl/2024/733/oj(BG, ES, CS, DA, DE, ET, EL, EN, FR, GA, HR, IT, LV, LT, HU, MT, NL, PL, PT, RO, SK, SL, FI, SV)",In force,32024D0733,"BG, ES, CS, DA, DE, ET, EL, EN, FR, GA, HR, IT, LV, LT, HU, MT, NL, PL, PT, RO, SK, SL, FI, SV",Implementing decision,"European Commission, Directorate-General for Health and Food Safety",28/02/2024; Date of adoption,https://eur-lex.europa.eu/legal-content/AUTO/?uri=CELEX:32024D0733,254,,,c562c38ef0d7e5555191923e3b45354a1246af7794e9e5d3c4b2f173f814115e
"Commission Implementing Decision (EU) 2024/734 of 27 February 2024 postponing the expiry date of the approval of brodifacoum, bromadiolone, chlorophacinone, coumatetralyl, difenacoum, difethialone and flocoumafen for use in biocidal products of product-type 14 in accordance with Regulation (EU) No 528/2012 of the European Parliament and of the Council",C/2024/1174,"OJ L, 2024/734,  29.2.2024, ELI:http://data.europa.eu/eli/dec_impl/2024/734/oj(BG, ES, CS, DA, DE, ET, EL, EN, FR, GA, HR, IT, LV, LT, HU, MT, NL, PL, PT, RO, SK, SL, FI, SV)",In force,32024D0734,"BG, ES, CS, DA, DE, ET, EL, EN, FR, GA, HR, IT, LV, LT, HU, MT, NL, PL, PT, RO, SK, SL, FI, SV",Implementing decision,"European Commission, Directorate-General for Health and Food Safety",27/02/2024; Date of adoption,https://eur-lex.europa.eu/legal-content/AUTO/?uri=CELEX:32024D0734,254,,,f8e0e7ecd336c1f84416bd790bb700c8d08e77421c734e30307057bd8e84fb90
Commission Implementing Decision (EU) 2024/2924 of 27 November 2024 amending Commission Implementing Decision (EU) 2023/2895 as regards the list of islands and ports referred to in Article 12(3-d) of Directive 2003/87/EC of the European Parliament and of the Council,C/2024/8169,"OJ L, 2024/2924,  28.11.2024, ELI:http://data.europa.eu/eli/dec_impl/2024/2924/oj(BG, ES, CS, DA, DE, ET, EL, EN, FR, GA, HR, IT, LV, LT, HU, MT, NL, PL, PT, RO, SK, SL, FI, SV)",In force,32024D2924,"BG, ES, CS, DA, DE, ET, EL, EN, FR, GA, HR, IT, LV, LT, HU, MT, NL, PL, PT, RO, SK, SL, FI, SV",Implementing decision,"European Commission, Directorate-General for Climate Action",27/11/2024; Date of adoption,https://eur-lex.europa.eu/legal-content/AUTO/?uri=CELEX:32024D2924,254,,,c99cebe9a849425ff73d922449b9c3ae713fd886287005d0362541347b240fed
Commission Implementing Decision (EU) 2024/2924 of 27 November 2024 amending Commission Implementing Decision (EU) 2023/2895 as regards the list of islands and ports referred to in Article 12(3-d) of Directive 2003/87/EC of the European Parliament and of the Council,C/2024/8169,"OJ L, 2024/2924,  28.11.2024, ELI:http://data.europa.eu/eli/dec_impl/2024/2924/oj(BG, ES, CS, DA, DE, ET, EL, EN, FR, GA, HR, IT, LV, LT, HU, MT, NL, PL, PT, RO, SK, SL, FI, SV)",In force,32024D2924,"BG, ES, CS, DA, DE, ET, EL, EN, FR, GA, HR, IT, LV, LT, HU, MT, NL, PL, PT, RO, SK, SL, FI, SV",Implementing decision,"European Commission, Directorate-General for Climate Action",27/11/2024; Date of adoption,https://eur-lex.europa.eu/legal-content/AUTO/?uri=CELEX:32024D2924,255,,,c99cebe9a849425ff73d922449b9c3ae713fd886287005d0362541347b240fed
"Commission Implementing Decision (EU) 2024/2200 of 4 September 2024 amending Implementing Decision (EU) 2017/996 setting up ECCSEL ERIC (notified under document C(2024) 5833) (Only the Dutch, English, French and Italian texts are authentic)",C/2024/5833,"OJ L, 2024/2200,  6.9.2024, ELI:http://data.europa.eu/eli/dec_impl/2024/2200/oj(BG, ES, CS, DA, DE, ET, EL, EN, FR, GA, HR, IT, LV, LT, HU, MT, NL, PL, PT, RO, SK, SL, FI, SV)",In force,32024D2200,"BG, ES, CS, DA, DE, ET, EL, EN, FR, GA, HR, IT, LV, LT, HU, MT, NL, PL, PT, RO, SK, SL, FI, SV",Implementing decision,"European Commission, Directorate-General for Research and Innovation",04/09/2024; Date of adoption,https://eur-lex.europa.eu/legal-content/AUTO/?uri=CELEX:32024D2200,260,,,8994e2120f9ed23ff2f0f3001c733f1a36d138ca28ec00142121419aef125ac6
"Commission Implementing Decision (EU) 2024/2200 of 4 September 2024 amending Implementing Decision (EU) 2017/996 setting up ECCSEL ERIC (notified under document C(2024) 5833) (Only the Dutch, English, French and Italian texts are authentic)",C/2024/5833,"OJ L, 2024/2200,  6.9.2024, ELI:http://data.europa.eu/eli/dec_impl/2024/2200/oj(BG, ES, CS, DA, DE, ET, EL, EN, FR, GA, HR, IT, LV, LT, HU, MT, NL, PL, PT, RO, SK, SL, FI, SV)",In force,32024D2200,"BG, ES, CS, DA, DE, ET, EL, EN, FR, GA, HR, IT, LV, LT, HU, MT, NL, PL, PT, RO, SK, SL, FI, SV",Implementing decision,"European Commission, Directorate-General for Research and Innovation",04/09/2024; Date of adoption,https://eur-lex.europa.eu/legal-content/AUTO/?uri=CELEX:32024D2200,261,,,8994e2120f9ed23ff2f0f3001c733f1a36d138ca28ec00142121419aef125ac6
"Commission Implementing Decision (EU) 2024/2626 of 8 October 2024 recognising under Article 31(2) and (4) of Directive (EU) 2018/2001 that the report contains accurate data for the purposes of measuring the greenhouse gas emissions associated with the cultivation of wheat, maize and rapeseed in Lithuania",C/2024/6805,"OJ L, 2024/2626,  9.10.2024, ELI:http://data.europa.eu/eli/dec_impl/2024/2626/oj(BG, ES, CS, DA, DE, ET, EL, EN, FR, GA, HR, IT, LV, LT, HU, MT, NL, PL, PT, RO, SK, SL, FI, SV)",In force,32024D2626,"BG, ES, CS, DA, DE, ET, EL, EN, FR, GA, HR, IT, LV, LT, HU, MT, NL, PL, PT, RO, SK, SL, FI, SV",Implementing decision,"European Commission, Directorate-General for Energy",08/10/2024; Date of adoption,https://eur-lex.europa.eu/legal-content/AUTO/?uri=CELEX:32024D2626,262,,,3f50aea54de8485ae5b34d349385a3ae8df28d0014273883572490ec3dac8e05
"Commission Implementing Decision (EU) 2024/2626 of 8 October 2024 recognising under Article 31(2) and (4) of Directive (EU) 2018/2001 that the report contains accurate data for the purposes of measuring the greenhouse gas emissions associated with the cultivation of wheat, maize and rapeseed in Lithuania",C/2024/6805,"OJ L, 2024/2626,  9.10.2024, ELI:http://data.europa.eu/eli/dec_impl/2024/2626/oj(BG, ES, CS, DA, DE, ET, EL, EN, FR, GA, HR, IT, LV, LT, HU, MT, NL, PL, PT, RO, SK, SL, FI, SV)",In force,32024D2626,"BG, ES, CS, DA, DE, ET, EL, EN, FR, GA, HR, IT, LV, LT, HU, MT, NL, PL, PT, RO, SK, SL, FI, SV",Implementing decision,"European Commission, Directorate-General for Energy",08/10/2024; Date of adoption,https://eur-lex.europa.eu/legal-content/AUTO/?uri=CELEX:32024D2626,263,,,3f50aea54de8485ae5b34d349385a3ae8df28d0014273883572490ec3dac8e05
Commission Decision of 23 June 2025 designating the Central Administrator of the Union Registry,C/2025/3931,"OJ C, C/2025/3441,  25.6.2025, ELI:http://data.europa.eu/eli/C/2025/3441/oj(BG, ES, CS, DA, DE, ET, EL, EN, FR, GA, HR, IT, LV, LT, HU, MT, NL, PL, PT, RO, SK, SL, FI, SV)",In force,32025D03441,"BG, ES, CS, DA, DE, ET, EL, EN, FR, GA, HR, IT, LV, LT, HU, MT, NL, PL, PT, RO, SK, SL, FI, SV",Decision,"European Commission, Directorate-General for Climate Action",23/06/2025; Date of adoption,https://eur-lex.europa.eu/legal-content/AUTO/?uri=CELEX:32025D03441,264,,,adcfe893105c047aed612303afd3361ecaf6b1099c2f64e2f077e8f4d4725c8b
"Commission Implementing Regulation (EU) 2024/247 of 16 January 2024 approving trihydrogen pentapotassium di(peroxomonosulfate) di(sulfate) as an existing active substance for use in biocidal products of product-types 2, 3, 4 and 5 in accordance with Regulation (EU) No 528/2012 of the European Parliament and of the Council",C/2024/71,"OJ L, 2024/247,  17.1.2024, ELI:http://data.europa.eu/eli/reg_impl/2024/247/oj(BG, ES, CS, DA, DE, ET, EL, EN, FR, GA, HR, IT, LV, LT, HU, MT, NL, PL, PT, RO, SK, SL, FI, SV)",In force,32024R0247,"BG, ES, CS, DA, DE, ET, EL, EN, FR, GA, HR, IT, LV, LT, HU, MT, NL, PL, PT, RO, SK, SL, FI, SV",Implementing regulation,"European Commission, Directorate-General for Health and Food Safety",16/01/2024; Date of adoption,https://eur-lex.europa.eu/legal-content/AUTO/?uri=CELEX:32024R0247,269,,,6c055624ee88e9c0b68a16ad120bd8617fcf1214e41420d3753c375fc1bf9ee2
"Council Decision (EU) 2025/1146 of 27 May 2025 on the position to be adopted on behalf of the European Union within the Port State Control Committee of the Paris Memorandum of Understanding on port State control, during the period 2025-2029",ST/8474/2025/ADD/1,"OJ L, 2025/1146,  5.6.2025, ELI:http://data.europa.eu/eli/dec/2025/1146/oj(BG, ES, CS, DA, DE, ET, EL, EN, FR, GA, HR, IT, LV, LT, HU, MT, NL, PL, PT, RO, SK, SL, FI, SV)",In force,32025D1146,"BG, ES, CS, DA, DE, ET, EL, EN, FR, GA, HR, IT, LV, LT, HU, MT, NL, PL, PT, RO, SK, SL, FI, SV",Decision,Council of the European Union,27/05/2025; Date of adoption,https://eur-lex.europa.eu/legal-content/AUTO/?uri=CELEX:32025D1146,273,,,a6ea6358c81c433cc75bce2009534230b35ea28860eacb4177cd86b55e309d76
"Council Decision (EU) 2025/1146 of 27 May 2025 on the position to be adopted on behalf of the European Union within the Port State Control Committee of the Paris Memorandum of Understanding on port State control, during the period 2025-2029",ST/8474/2025/ADD/1,"OJ L, 2025/1146,  5.6.2025, ELI:http://data.europa.eu/eli/dec/2025/1146/oj(BG, ES, CS, DA, DE, ET, EL, EN, FR, GA, HR, IT, LV, LT, HU, MT, NL, PL, PT, RO, SK, SL, FI, SV)",In force,32025D1146,"BG, ES, CS, DA, DE, ET, EL, EN, FR, GA, HR, IT, LV, LT, HU, MT, NL, PL, PT, RO, SK, SL, FI, SV",Decision,Council of the European Union,27/05/2025; Date of adoption,https://eur-lex.europa.eu/legal-content/AUTO/?uri=CELEX:32025D1146,274,,,a6ea6358c81c433cc75bce2009534230b35ea28860eacb4177cd86b55e309d76
Commission Implementing Decision (EU) 2024/1286 of 8 May 2024 on the unresolved objections regarding the terms and conditions of the authorisation of the biocidal product BOMBEX® PEBBYS® CS raised in accordance with Article 36 of Regulation (EU) No 528/2012 of the European Parliament and of the Council,C/2024/2953,"OJ L, 2024/1286,  15.5.2024, ELI:http://data.europa.eu/eli/dec_impl/2024/1286/oj(BG, ES, CS, DA, DE, ET, EL, EN, FR, GA, HR, IT, LV, LT, HU, MT, NL, PL, PT, RO, SK, SL, FI, SV)",In force,32024D1286,"BG, ES, CS, DA, DE, ET, EL, EN, FR, GA, HR, IT, LV, LT, HU, MT, NL, PL, PT, RO, SK, SL, FI, SV",Implementing decision,"European Commission, Directorate-General for Health and Food Safety",08/05/2024; Date of adoption,https://eur-lex.europa.eu/legal-content/AUTO/?uri=CELEX:32024D1286,277,,,55aaf75ba700c626dd06bc0ddc3df8cc28d0ac5acd5ddcd19de72098a42493ab
Commission Delegated Regulation (EU) 2024/2992 of 26 July 2024 amending Delegated Regulation (EU) 2023/2462 supplementing Regulation (EU) 2019/1022 of the European Parliament and of the Council by specifying details of the landing obligation for certain demersal stocks in the western Mediterranean Sea,C/2024/5181,"OJ L, 2024/2992,  2.12.2024, ELI:http://data.europa.eu/eli/reg_del/2024/2992/oj(BG, ES, CS, DA, DE, ET, EL, EN, FR, GA, HR, IT, LV, LT, HU, MT, NL, PL, PT, RO, SK, SL, FI, SV)",In force,32024R2992,"BG, ES, CS, DA, DE, ET, EL, EN, FR, GA, HR, IT, LV, LT, HU, MT, NL, PL, PT, RO, SK, SL, FI, SV",Delegated regulation,"European Commission, Directorate-General for Maritime Affairs and Fisheries",26/07/2024; Date of adoption,https://eur-lex.europa.eu/legal-content/AUTO/?uri=CELEX:32024R2992,288,,,67db1570a9be22d383587bc05091518ee9c2d337c603a2cf337d1310f18e27a3
Commission Implementing Regulation (EU) 2024/434 of 5 February 2024 on measures to prevent the establishment and spread of Agrilus planipennis Fairmaire within the Union territory,C/2024/583,"OJ L, 2024/434,  6.2.2024, ELI:http://data.europa.eu/eli/reg_impl/2024/434/oj(BG, ES, CS, DA, DE, ET, EL, EN, FR, GA, HR, IT, LV, LT, HU, MT, NL, PL, PT, RO, SK, SL, FI, SV)",In force,32024R0434,"BG, ES, CS, DA, DE, ET, EL, EN, FR, GA, HR, IT, LV, LT, HU, MT, NL, PL, PT, RO, SK, SL, FI, SV",Implementing regulation,"European Commission, Directorate-General for Health and Food Safety",05/02/2024; Date of adoption,https://eur-lex.europa.eu/legal-content/AUTO/?uri=CELEX:32024R0434,296,,,263c3e74bc4114fadd3e997d5d7fb4c4eb907a478f6719f6eabd3bd928d3d7c2
Council Decision (CFSP) 2024/3186 of 16 December 2024 amending Joint Action 2008/851/CFSP on a European Union military operation to contribute to maritime security in the West Indian Ocean and in the Red Sea (EUNAVFOR ATALANTA),ST/16115/2024/INIT,"OJ L, 2024/3186,  17.12.2024, ELI:http://data.europa.eu/eli/dec/2024/3186/oj(BG, ES, CS, DA, DE, ET, EL, EN, FR, GA, HR, IT, LV, LT, HU, MT, NL, PL, PT, RO, SK, SL, FI, SV)",In force,32024D3186,"BG, ES, CS, DA, DE, ET, EL, EN, FR, GA, HR, IT, LV, LT, HU, MT, NL, PL, PT, RO, SK, SL, FI, SV",Decision,Council of the European Union,16/12/2024; Date of adoption,https://eur-lex.europa.eu/legal-content/AUTO/?uri=CELEX:32024D3186,297,,,87bd57a947bfaa321392ed1d3d7ece8db469081412cbec20d21bbdc47494652a
Commission Delegated Regulation (EU) 2024/3199 of 15 October 2024 amending Regulation (EU) No 649/2012 of the European Parliament and of the Council as regards the listing of pesticides and industrial chemicals,C/2024/7071,"OJ L, 2024/3199,  31.12.2024, ELI:http://data.europa.eu/eli/reg_del/2024/3199/oj(BG, ES, CS, DA, DE, ET, EL, EN, FR, GA, HR, IT, LV, LT, HU, MT, NL, PL, PT, RO, SK, SL, FI, SV)",In force,32024R3199,"BG, ES, CS, DA, DE, ET, EL, EN, FR, GA, HR, IT, LV, LT, HU, MT, NL, PL, PT, RO, SK, SL, FI, SV",Delegated regulation,"European Commission, Directorate-General for Environment",15/10/2024; Date of adoption,https://eur-lex.europa.eu/legal-content/AUTO/?uri=CELEX:32024R3199,300,,,7db699406bfcc5d1623a530fff896501fa40c484247b2494e00d0881b1514355
Commission Implementing Regulation (EU) 2025/196 of 3 February 2025 amending Implementing Regulation (EU) 2022/996 as regards the accreditation of certification bodies and correcting Annex VII to that Regulation,C/2025/23,"OJ L, 2025/196,  4.2.2025, ELI:http://data.europa.eu/eli/reg_impl/2025/196/oj(BG, ES, CS, DA, DE, ET, EL, EN, FR, GA, HR, IT, LV, LT, HU, MT, NL, PL, PT, RO, SK, SL, FI, SV)",In force,32025R0196,"BG, ES, CS, DA, DE, ET, EL, EN, FR, GA, HR, IT, LV, LT, HU, MT, NL, PL, PT, RO, SK, SL, FI, SV",Implementing regulation,"European Commission, Directorate-General for Energy",03/02/2025; Date of adoption,https://eur-lex.europa.eu/legal-content/AUTO/?uri=CELEX:32025R0196,301,,,2d2279215e6d1885a51aee143fae8f51021b79e5cc8a3d557bc163ecede5693a
"Commission Implementing Regulation (EU) 2025/33 of 13 January 2025 authorising an exemption pursuant to Regulation (EU) 2024/573 of the European Parliament and of the Council, with regard to the use of fluorinated greenhouse gases with a GWP of 150 or more in blast cabinets, artisanal gelato ice cream makers, ice makers, trolleys for preserving and regenerating food, retarder prover cabinets, frozen drinks dispensers and cold cream dispensers",C/2025/50,"OJ L, 2025/33,  14.1.2025, ELI:http://data.europa.eu/eli/reg_impl/2025/33/oj(BG, ES, CS, DA, DE, ET, EL, EN, FR, GA, HR, IT, LV, LT, HU, MT, NL, PL, PT, RO, SK, SL, FI, SV)",In force,32025R0033,"BG, ES, CS, DA, DE, ET, EL, EN, FR, GA, HR, IT, LV, LT, HU, MT, NL, PL, PT, RO, SK, SL, FI, SV",Implementing regulation,"European Commission, Directorate-General for Climate Action",13/01/2025; Date of adoption,https://eur-lex.europa.eu/legal-content/AUTO/?uri=CELEX:32025R0033,301,,,2c99419eeb675e27db2a6a41beabaf7a59a8d767ab401bbb17f58e139e99c452
"Commission Delegated Regulation (EU) 2025/1477 of 21 May 2025 supplementing Regulation (EU) 2024/1735 of the European Parliament and of the Council by specifying the rules on the identification of authorised oil and gas producers who are required to contribute to the objective of reaching the Union target for available CO2 injection capacity by 2030, on the calculation of their respective contributions, and on their reporting obligations",C/2025/3218,"OJ L, 2025/1477,  25.7.2025, ELI:http://data.europa.eu/eli/reg_del/2025/1477/oj(BG, ES, CS, DA, DE, ET, EL, EN, FR, GA, HR, IT, LV, LT, HU, MT, NL, PL, PT, RO, SK, SL, FI, SV)",In force,32025R1477,"BG, ES, CS, DA, DE, ET, EL, EN, FR, GA, HR, IT, LV, LT, HU, MT, NL, PL, PT, RO, SK, SL, FI, SV",Delegated regulation,"European Commission, Directorate-General for Climate Action",21/05/2025; Date of adoption,https://eur-lex.europa.eu/legal-content/AUTO/?uri=CELEX:32025R1477,306,,,be4e363ba460a9a7c8ae8bc5d7aa38f86b932b0ea1d1b78160833ff855b13ba2
Commission Implementing Decision (EU) 2024/888 of 22 March 2024 on the non-approval of certain active substances for use in biocidal products in accordance with Regulation (EU) No 528/2012 of the European Parliament and of the Council,C/2024/1783,"OJ L, 2024/888,  26.3.2024, ELI:http://data.europa.eu/eli/dec_impl/2024/888/oj(BG, ES, CS, DA, DE, ET, EL, EN, FR, GA, HR, IT, LV, LT, HU, MT, NL, PL, PT, RO, SK, SL, FI, SV)",In force,32024D0888,"BG, ES, CS, DA, DE, ET, EL, EN, FR, GA, HR, IT, LV, LT, HU, MT, NL, PL, PT, RO, SK, SL, FI, SV",Implementing decision,"European Commission, Directorate-General for Health and Food Safety",22/03/2024; Date of adoption,https://eur-lex.europa.eu/legal-content/AUTO/?uri=CELEX:32024D0888,307,,,47a34dfc87ef86fcbf92b7409e86590064aacc76311e3fa5334ac426e7799781
Council Decision (CFSP) 2024/632 of 19 February 2024 launching the European Union maritime security operation to safeguard freedom of navigation in relation to the Red Sea crisis (EUNAVFOR ASPIDES),ST/5965/2024/INIT,"OJ L, 2024/632,  20.2.2024, ELI:http://data.europa.eu/eli/dec/2024/632/oj(BG, ES, CS, DA, DE, ET, EL, EN, FR, GA, HR, IT, LV, LT, HU, MT, NL, PL, PT, RO, SK, SL, FI, SV)",In force,32024D0632,"BG, ES, CS, DA, DE, ET, EL, EN, FR, GA, HR, IT, LV, LT, HU, MT, NL, PL, PT, RO, SK, SL, FI, SV",Decision,Council of the European Union,19/02/2024; Date of adoption,https://eur-lex.europa.eu/legal-content/AUTO/?uri=CELEX:32024D0632,309,,,58ce486cfd5be95394dd747b5f57734c87d8c6d635b02beed479abd0d500964a
"Council Decision (EU) 2024/990 of 20 March 2024 on the position to be taken on behalf of the European Union within the International Maritime Organization during the 81st session of the Marine Environment Protection Committee and the 108th session of the Maritime Safety Committee on the adoption of amendments to the International Convention for the Prevention of Pollution from Ships (MARPOL), to the International Convention for the Safety of Life at Sea (SOLAS), to the International Code of Safety for Ships Using Gases or other Low-flashpoint Fuels (IGF Code), to the International Code of the Enhanced Programme of Inspections during Surveys of Bulk Carriers and Oil Tankers, 2011 (2011 ESP Code), to the International Life-Saving Appliance (LSA) Code, to the International Code for Fire Safety Systems (FSS Code) and to the Seafarers’ Training, Certification and Watchkeeping (STCW) Code",ST/7326/2024/INIT,"OJ L, 2024/990,  26.3.2024, ELI:http://data.europa.eu/eli/dec/2024/990/oj(BG, ES, CS, DA, DE, ET, EL, EN, FR, GA, HR, IT, LV, LT, HU, MT, NL, PL, PT, RO, SK, SL, FI, SV)",In force,32024D0990,"BG, ES, CS, DA, DE, ET, EL, EN, FR, GA, HR, IT, LV, LT, HU, MT, NL, PL, PT, RO, SK, SL, FI, SV",Decision,Council of the European Union,20/03/2024; Date of adoption,https://eur-lex.europa.eu/legal-content/AUTO/?uri=CELEX:32024D0990,309,,,66fd13889c259480f82f33eaedc8c49b998e156f5e781f43b397edd7c5f82545
"Commission Delegated Regulation (EU) 2024/369 of 23 January 2024 supplementing Directive (EU) 2020/2184 of the European Parliament and of the Council by laying down the procedure regarding inclusion in or removal from the European positive lists of starting substances, compositions and constituents",C/2024/240,"OJ L, 2024/369,  23.4.2024, ELI:http://data.europa.eu/eli/reg_del/2024/369/oj(BG, ES, CS, DA, DE, ET, EL, EN, FR, GA, HR, IT, LV, LT, HU, MT, NL, PL, PT, RO, SK, SL, FI, SV)",In force,32024R0369,"BG, ES, CS, DA, DE, ET, EL, EN, FR, GA, HR, IT, LV, LT, HU, MT, NL, PL, PT, RO, SK, SL, FI, SV",Delegated regulation,"European Commission, Directorate-General for Environment",23/01/2024; Date of adoption,https://eur-lex.europa.eu/legal-content/AUTO/?uri=CELEX:32024R0369,312,,,3d0cacf5cc3ad47b5f9ed8090694a37d1a0c1dd709f6ee94acf9a558b5e01de2
"Commission Implementing Decision (EU) 2024/365 of 23 January 2024 laying down rules for the application of Directive (EU) 2020/2184 of the European Parliament and of the Council as regards methodologies for testing and accepting starting substances, compositions and constituents to be included in the European positive lists",C/2024/239,"OJ L, 2024/365,  23.4.2024, ELI:http://data.europa.eu/eli/dec_impl/2024/365/oj(BG, ES, CS, DA, DE, ET, EL, EN, FR, GA, HR, IT, LV, LT, HU, MT, NL, PL, PT, RO, SK, SL, FI, SV)",In force,32024D0365,"BG, ES, CS, DA, DE, ET, EL, EN, FR, GA, HR, IT, LV, LT, HU, MT, NL, PL, PT, RO, SK, SL, FI, SV",Implementing decision,"European Commission, Directorate-General for Environment",23/01/2024; Date of adoption,https://eur-lex.europa.eu/legal-content/AUTO/?uri=CELEX:32024D0365,312,,,381ca7cef4bd042b178c2fb6f3ca018bfabf59c2d2a4e1de591bac21b2d38561
"Commission Delegated Regulation (EU) 2024/369 of 23 January 2024 supplementing Directive (EU) 2020/2184 of the European Parliament and of the Council by laying down the procedure regarding inclusion in or removal from the European positive lists of starting substances, compositions and constituents",C/2024/240,"OJ L, 2024/369,  23.4.2024, ELI:http://data.europa.eu/eli/reg_del/2024/369/oj(BG, ES, CS, DA, DE, ET, EL, EN, FR, GA, HR, IT, LV, LT, HU, MT, NL, PL, PT, RO, SK, SL, FI, SV)",In force,32024R0369,"BG, ES, CS, DA, DE, ET, EL, EN, FR, GA, HR, IT, LV, LT, HU, MT, NL, PL, PT, RO, SK, SL, FI, SV",Delegated regulation,"European Commission, Directorate-General for Environment",23/01/2024; Date of adoption,https://eur-lex.europa.eu/legal-content/AUTO/?uri=CELEX:32024R0369,313,,,3d0cacf5cc3ad47b5f9ed8090694a37d1a0c1dd709f6ee94acf9a558b5e01de2
"Commission Implementing Decision (EU) 2024/365 of 23 January 2024 laying down rules for the application of Directive (EU) 2020/2184 of the European Parliament and of the Council as regards methodologies for testing and accepting starting substances, compositions and constituents to be included in the European positive lists",C/2024/239,"OJ L, 2024/365,  23.4.2024, ELI:http://data.europa.eu/eli/dec_impl/2024/365/oj(BG, ES, CS, DA, DE, ET, EL, EN, FR, GA, HR, IT, LV, LT, HU, MT, NL, PL, PT, RO, SK, SL, FI, SV)",In force,32024D0365,"BG, ES, CS, DA, DE, ET, EL, EN, FR, GA, HR, IT, LV, LT, HU, MT, NL, PL, PT, RO, SK, SL, FI, SV",Implementing decision,"European Commission, Directorate-General for Environment",23/01/2024; Date of adoption,https://eur-lex.europa.eu/legal-content/AUTO/?uri=CELEX:32024D0365,313,,,381ca7cef4bd042b178c2fb6f3ca018bfabf59c2d2a4e1de591bac21b2d38561
Commission Regulation (EU) 2025/258 of 7 February 2025 amending Regulation (EU) 2017/2400 as regards the determination of the CO2 emissions and fuel consumption of medium and heavy lorries and heavy buses and the inclusion of vehicles running on hydrogen and other new technologies and amending Regulation (EU) No 582/2011 as regards the applicable rules on the determination of CO2 emissions and fuel consumption in order to obtain an extension to an EU type-approval,C/2025/746,"OJ L, 2025/258,  20.2.2025, ELI:http://data.europa.eu/eli/reg/2025/258/oj(BG, ES, CS, DA, DE, ET, EL, EN, FR, GA, HR, IT, LV, LT, HU, MT, NL, PL, PT, RO, SK, SL, FI, SV)",In force,32025R0258,"BG, ES, CS, DA, DE, ET, EL, EN, FR, GA, HR, IT, LV, LT, HU, MT, NL, PL, PT, RO, SK, SL, FI, SV",Regulation,"European Commission, Directorate-General for Climate Action",07/02/2025; Date of adoption,https://eur-lex.europa.eu/legal-content/AUTO/?uri=CELEX:32025R0258,319,,,39160f08d0aaefed777fb11a5d2c6fafdd45975e573f9491ed484cc9a8c25ca7
UN Regulation No 59 – Uniform provisions concerning the approval of replacement silencing systems [2025/844],PUB/2024/1317,"OJ L, 2025/844,  30.4.2025, ELI:http://data.europa.eu/eli/reg/2025/844/oj(BG, ES, CS, DA, DE, ET, EL, EN, FR, GA, HR, IT, LV, LT, HU, MT, NL, PL, PT, RO, SK, SL, FI, SV)",In force,42025X0844,"BG, ES, CS, DA, DE, ET, EL, EN, FR, GA, HR, IT, LV, LT, HU, MT, NL, PL, PT, RO, SK, SL, FI, SV",Regulation adopted by bodies created by international agreements,United Nations Economic Commission for Europe,30/04/2025; Date of publication,https://eur-lex.europa.eu/legal-content/AUTO/?uri=CELEX:42025X0844,320,,,05f2a51f42e19b7851cdd2abf9febed824fbdead37e9117c6b6104618274cb5a
"Commission Implementing Regulation (EU) 2025/356 of 21 February 2025 amending Implementing Regulation (EU) 2022/1941 as regards the prohibition of introduction, movement, holding, multiplication or release of certain pests",C/2025/1081,"OJ L, 2025/356,  24.2.2025, ELI:http://data.europa.eu/eli/reg_impl/2025/356/oj(BG, ES, CS, DA, DE, ET, EL, EN, FR, GA, HR, IT, LV, LT, HU, MT, NL, PL, PT, RO, SK, SL, FI, SV)",In force,32025R0356,"BG, ES, CS, DA, DE, ET, EL, EN, FR, GA, HR, IT, LV, LT, HU, MT, NL, PL, PT, RO, SK, SL, FI, SV",Implementing regulation,"European Commission, Directorate-General for Health and Food Safety",21/02/2025; Date of adoption,https://eur-lex.europa.eu/legal-content/AUTO/?uri=CELEX:32025R0356,320,,,108abdb8bb36d79af09fb7beb53b60aa28123a09deb5f190cf5e80526c78e26f
"Commission Implementing Regulation (EU) 2024/2004 of 23 July 2024 amending Implementing Regulation (EU) 2019/2072 as regards the listing of pests and rules on the introduction into, and movement within, the Union territory of plants, plant products and other objects",C/2024/5052,"OJ L, 2024/2004,  26.7.2024, ELI:http://data.europa.eu/eli/reg_impl/2024/2004/oj(BG, ES, CS, DA, DE, ET, EL, EN, FR, GA, HR, IT, LV, LT, HU, MT, NL, PL, PT, RO, SK, SL, FI, SV)",In force,32024R2004,"BG, ES, CS, DA, DE, ET, EL, EN, FR, GA, HR, IT, LV, LT, HU, MT, NL, PL, PT, RO, SK, SL, FI, SV",Implementing regulation,"European Commission, Directorate-General for Health and Food Safety",23/07/2024; Date of adoption,https://eur-lex.europa.eu/legal-content/AUTO/?uri=CELEX:32024R2004,320,,,a8eac48ca15daca80177e6b0217d8558ede8e7c6bfa8ee7a665c06e47ef61a7e
"Commission Implementing Regulation (EU) 2024/1957 of 17 July 2024 amending Implementing Regulation (EU) 2022/1941 as regards the prohibition of introduction, movement, holding, multiplication or release of certain pests",C/2024/4956,"OJ L, 2024/1957,  18.7.2024, ELI:http://data.europa.eu/eli/reg_impl/2024/1957/oj(BG, ES, CS, DA, DE, ET, EL, EN, FR, GA, HR, IT, LV, LT, HU, MT, NL, PL, PT, RO, SK, SL, FI, SV)",In force,32024R1957,"BG, ES, CS, DA, DE, ET, EL, EN, FR, GA, HR, IT, LV, LT, HU, MT, NL, PL, PT, RO, SK, SL, FI, SV",Implementing regulation,"European Commission, Directorate-General for Health and Food Safety",17/07/2024; Date of adoption,https://eur-lex.europa.eu/legal-content/AUTO/?uri=CELEX:32024R1957,320,,,4bd53ff25199dd9cd0290c1497ad6c84937fd914da1bd491bdcccb7fd6c5cfec
"Commission Implementing Regulation (EU) 2025/356 of 21 February 2025 amending Implementing Regulation (EU) 2022/1941 as regards the prohibition of introduction, movement, holding, multiplication or release of certain pests",C/2025/1081,"OJ L, 2025/356,  24.2.2025, ELI:http://data.europa.eu/eli/reg_impl/2025/356/oj(BG, ES, CS, DA, DE, ET, EL, EN, FR, GA, HR, IT, LV, LT, HU, MT, NL, PL, PT, RO, SK, SL, FI, SV)",In force,32025R0356,"BG, ES, CS, DA, DE, ET, EL, EN, FR, GA, HR, IT, LV, LT, HU, MT, NL, PL, PT, RO, SK, SL, FI, SV",Implementing regulation,"European Commission, Directorate-General for Health and Food Safety",21/02/2025; Date of adoption,https://eur-lex.europa.eu/legal-content/AUTO/?uri=CELEX:32025R0356,321,,,108abdb8bb36d79af09fb7beb53b60aa28123a09deb5f190cf5e80526c78e26f
"Commission Implementing Regulation (EU) 2024/2004 of 23 July 2024 amending Implementing Regulation (EU) 2019/2072 as regards the listing of pests and rules on the introduction into, and movement within, the Union territory of plants, plant products and other objects",C/2024/5052,"OJ L, 2024/2004,  26.7.2024, ELI:http://data.europa.eu/eli/reg_impl/2024/2004/oj(BG, ES, CS, DA, DE, ET, EL, EN, FR, GA, HR, IT, LV, LT, HU, MT, NL, PL, PT, RO, SK, SL, FI, SV)",In force,32024R2004,"BG, ES, CS, DA, DE, ET, EL, EN, FR, GA, HR, IT, LV, LT, HU, MT, NL, PL, PT, RO, SK, SL, FI, SV",Implementing regulation,"European Commission, Directorate-General for Health and Food Safety",23/07/2024; Date of adoption,https://eur-lex.europa.eu/legal-content/AUTO/?uri=CELEX:32024R2004,321,,,a8eac48ca15daca80177e6b0217d8558ede8e7c6bfa8ee7a665c06e47ef61a7e
"Commission Implementing Regulation (EU) 2024/1957 of 17 July 2024 amending Implementing Regulation (EU) 2022/1941 as regards the prohibition of introduction, movement, holding, multiplication or release of certain pests",C/2024/4956,"OJ L, 2024/1957,  18.7.2024, ELI:http://data.europa.eu/eli/reg_impl/2024/1957/oj(BG, ES, CS, DA, DE, ET, EL, EN, FR, GA, HR, IT, LV, LT, HU, MT, NL, PL, PT, RO, SK, SL, FI, SV)",In force,32024R1957,"BG, ES, CS, DA, DE, ET, EL, EN, FR, GA, HR, IT, LV, LT, HU, MT, NL, PL, PT, RO, SK, SL, FI, SV",Implementing regulation,"European Commission, Directorate-General for Health and Food Safety",17/07/2024; Date of adoption,https://eur-lex.europa.eu/legal-content/AUTO/?uri=CELEX:32024R1957,321,,,4bd53ff25199dd9cd0290c1497ad6c84937fd914da1bd491bdcccb7fd6c5cfec
"Council Decision (EU) 2025/1432 of 8 July 2025 on the position to be adopted, on behalf of the European Union, within the EEA Joint Committee concerning an amendment to Annex IV (Energy) to the EEA Agreement (EPBD) (Text with EEA relevance)",ST/10122/2025/INIT,"OJ L, 2025/1432,  17.7.2025, ELI:http://data.europa.eu/eli/dec/2025/1432/oj(BG, ES, CS, DA, DE, ET, EL, EN, FR, GA, HR, IT, LV, LT, HU, MT, NL, PL, PT, RO, SK, SL, FI, SV)",In force,32025D1432,"BG, ES, CS, DA, DE, ET, EL, EN, FR, GA, HR, IT, LV, LT, HU, MT, NL, PL, PT, RO, SK, SL, FI, SV",Decision,Council of the European Union,08/07/2025; Date of adoption,https://eur-lex.europa.eu/legal-content/AUTO/?uri=CELEX:32025D1432,324,,,837aff994613f635a23a492d6aef51443a4e06e845138c2590f93b863da2f644
Commission Implementing Regulation (EU) 2024/805 of 7 March 2024 amending Implementing Regulation (EU) 2022/996 as regards the date of application of Article 11(1) of that Regulation,C/2024/1389,"OJ L, 2024/805,  8.3.2024, ELI:http://data.europa.eu/eli/reg_impl/2024/805/oj(BG, ES, CS, DA, DE, ET, EL, EN, FR, GA, HR, IT, LV, LT, HU, MT, NL, PL, PT, RO, SK, SL, FI, SV)",In force,32024R0805,"BG, ES, CS, DA, DE, ET, EL, EN, FR, GA, HR, IT, LV, LT, HU, MT, NL, PL, PT, RO, SK, SL, FI, SV",Implementing regulation,"European Commission, Directorate-General for Energy",07/03/2024; Date of adoption,https://eur-lex.europa.eu/legal-content/AUTO/?uri=CELEX:32024R0805,325,,,7cfa6a6d476a43d48b366cb0cc142880d10a686ea9d318b1ddcde42a0837e18d
Commission Delegated Regulation (EU) 2024/2620 of 30 July 2024 supplementing Directive 2003/87/EC of the European Parliament and of the Council as regards the requirements for considering that greenhouse gases have become permanently chemically bound in a product,C/2024/5294,"OJ L, 2024/2620,  4.10.2024, ELI:http://data.europa.eu/eli/reg_del/2024/2620/oj(BG, ES, CS, DA, DE, ET, EL, EN, FR, GA, HR, IT, LV, LT, HU, MT, NL, PL, PT, RO, SK, SL, FI, SV)",In force,32024R2620,"BG, ES, CS, DA, DE, ET, EL, EN, FR, GA, HR, IT, LV, LT, HU, MT, NL, PL, PT, RO, SK, SL, FI, SV",Delegated regulation,"European Commission, Directorate-General for Climate Action",30/07/2024; Date of adoption,https://eur-lex.europa.eu/legal-content/AUTO/?uri=CELEX:32024R2620,331,,,f06f971a897751029cd2f4f1bef4a507b92251bf81081a4d38b485108cdf0e0f
Commission Delegated Regulation (EU) 2024/2620 of 30 July 2024 supplementing Directive 2003/87/EC of the European Parliament and of the Council as regards the requirements for considering that greenhouse gases have become permanently chemically bound in a product,C/2024/5294,"OJ L, 2024/2620,  4.10.2024, ELI:http://data.europa.eu/eli/reg_del/2024/2620/oj(BG, ES, CS, DA, DE, ET, EL, EN, FR, GA, HR, IT, LV, LT, HU, MT, NL, PL, PT, RO, SK, SL, FI, SV)",In force,32024R2620,"BG, ES, CS, DA, DE, ET, EL, EN, FR, GA, HR, IT, LV, LT, HU, MT, NL, PL, PT, RO, SK, SL, FI, SV",Delegated regulation,"European Commission, Directorate-General for Climate Action",30/07/2024; Date of adoption,https://eur-lex.europa.eu/legal-content/AUTO/?uri=CELEX:32024R2620,332,,,f06f971a897751029cd2f4f1bef4a507b92251bf81081a4d38b485108cdf0e0f
Commission Implementing Regulation (EU) 2024/2473 of 19 September 2024 laying down rules for the application of Regulation (EU) 2024/573 of the European Parliament and of the Council as regards the registration in the F-gas Portal and repealing Commission Implementing Regulation (EU) 2019/661,C/2024/6469,"OJ L, 2024/2473,  20.9.2024, ELI:http://data.europa.eu/eli/reg_impl/2024/2473/oj(BG, ES, CS, DA, DE, ET, EL, EN, FR, GA, HR, IT, LV, LT, HU, MT, NL, PL, PT, RO, SK, SL, FI, SV)",In force,32024R2473,"BG, ES, CS, DA, DE, ET, EL, EN, FR, GA, HR, IT, LV, LT, HU, MT, NL, PL, PT, RO, SK, SL, FI, SV",Implementing regulation,"European Commission, Directorate-General for Climate Action",19/09/2024; Date of adoption,https://eur-lex.europa.eu/legal-content/AUTO/?uri=CELEX:32024R2473,333,,,7f82cf85b2194f1ffa5a6bb439948fb5b7e1add9af3949489ade5febca028ebf
Commission Delegated Regulation (EU) 2024/2564 of 19 June 2024 amending Regulation (EC) No 1272/2008 of the European Parliament and of the Council as regards the harmonised classification and labelling of certain substances,C/2024/3992,"OJ L, 2024/2564,  30.9.2024, ELI:http://data.europa.eu/eli/reg_del/2024/2564/oj(BG, ES, CS, DA, DE, ET, EL, EN, FR, GA, HR, IT, LV, LT, HU, MT, NL, PL, PT, RO, SK, SL, FI, SV)",In force,32024R2564,"BG, ES, CS, DA, DE, ET, EL, EN, FR, GA, HR, IT, LV, LT, HU, MT, NL, PL, PT, RO, SK, SL, FI, SV",Delegated regulation,"European Commission, Directorate-General for Environment",19/06/2024; Date of adoption,https://eur-lex.europa.eu/legal-content/AUTO/?uri=CELEX:32024R2564,334,,,17c86b3569fbd1f6d5b15190ec90594736d69b484fc2af8d6286a382eaa52ec0
"Commission Implementing Regulation (EU) 2024/2970 of 29 November 2024 amending Implementing Regulation (EU) 2019/2072 as regards measures to prevent the presence of the Tomato brown rugose fruit virus on plants for planting of Solanum lycopersicum L. and hybrids thereof and of Capsicum annuum L., and establishing the frequency rates of official controls",C/2024/8250,"OJ L, 2024/2970,  2.12.2024, ELI:http://data.europa.eu/eli/reg_impl/2024/2970/oj(BG, ES, CS, DA, DE, ET, EL, EN, FR, GA, HR, IT, LV, LT, HU, MT, NL, PL, PT, RO, SK, SL, FI, SV)",In force,32024R2970,"BG, ES, CS, DA, DE, ET, EL, EN, FR, GA, HR, IT, LV, LT, HU, MT, NL, PL, PT, RO, SK, SL, FI, SV",Implementing regulation,"European Commission, Directorate-General for Health and Food Safety",29/11/2024; Date of adoption,https://eur-lex.europa.eu/legal-content/AUTO/?uri=CELEX:32024R2970,343,,,e4dcdc793e673795fdc1bc636068c612c9f45f088f086d9d069ee49ad83a4a10
"Commission Implementing Regulation (EU) 2024/2632 of 8 October 2024 amending Implementing Regulation (EU) 2022/1193 as regards measures on water liable to be infected by Ralstonia solanacearum (Smith 1896) Yabuuchi et al. 1996 emend. Safni et al. 2014, measures to be taken by the professional operators and the template on the reporting of survey results",C/2024/6945,"OJ L, 2024/2632,  9.10.2024, ELI:http://data.europa.eu/eli/reg_impl/2024/2632/oj(BG, ES, CS, DA, DE, ET, EL, EN, FR, GA, HR, IT, LV, LT, HU, MT, NL, PL, PT, RO, SK, SL, FI, SV)",In force,32024R2632,"BG, ES, CS, DA, DE, ET, EL, EN, FR, GA, HR, IT, LV, LT, HU, MT, NL, PL, PT, RO, SK, SL, FI, SV",Implementing regulation,"European Commission, Directorate-General for Health and Food Safety",08/10/2024; Date of adoption,https://eur-lex.europa.eu/legal-content/AUTO/?uri=CELEX:32024R2632,343,,,68a74e9cd23da95a7128f6f994509de467edd36427dcf9853d397f22380a2ce3
Commission Implementing Regulation (EU) 2024/2636 of 8 October 2024 amending Implementing Regulation (EU) 2022/1194 as regards the responsibilities of professional operators and the template to report survey results of Clavibacter sepedonicus (Spieckermann &amp; Kotthoff 1914) Nouioui et al. 2018,C/2024/6889,"OJ L, 2024/2636,  9.10.2024, ELI:http://data.europa.eu/eli/reg_impl/2024/2636/oj(BG, ES, CS, DA, DE, ET, EL, EN, FR, GA, HR, IT, LV, LT, HU, MT, NL, PL, PT, RO, SK, SL, FI, SV)",In force,32024R2636,"BG, ES, CS, DA, DE, ET, EL, EN, FR, GA, HR, IT, LV, LT, HU, MT, NL, PL, PT, RO, SK, SL, FI, SV",Implementing regulation,"European Commission, Directorate-General for Health and Food Safety",08/10/2024; Date of adoption,https://eur-lex.europa.eu/legal-content/AUTO/?uri=CELEX:32024R2636,343,,,2cf6b2f36a181dfe5559a24f0aaf5518d374d7888ab9a99140b16ccd3eca560d
"Commission Implementing Regulation (EU) 2024/2382 of 9 September 2024 amending Implementing Regulation (EU) 2022/1195 as regards the template for the surveys of Synchytrium endobioticum (Schilbersky) Percival, the designation of infested production sites and the revocation of measures in infested areas",C/2024/6253,"OJ L, 2024/2382,  10.9.2024, ELI:http://data.europa.eu/eli/reg_impl/2024/2382/oj(BG, ES, CS, DA, DE, ET, EL, EN, FR, GA, HR, IT, LV, LT, HU, MT, NL, PL, PT, RO, SK, SL, FI, SV)",In force,32024R2382,"BG, ES, CS, DA, DE, ET, EL, EN, FR, GA, HR, IT, LV, LT, HU, MT, NL, PL, PT, RO, SK, SL, FI, SV",Implementing regulation,"European Commission, Directorate-General for Health and Food Safety",09/09/2024; Date of adoption,https://eur-lex.europa.eu/legal-content/AUTO/?uri=CELEX:32024R2382,343,,,a0290de8e272efca30eee48aee76a35a96baa0020d8c2aed18c49b8c9d7e48d2
"Commission Regulation (EU) 2024/1328 of 16 May 2024 amending Annex XVII to Regulation (EC) No 1907/2006 of the European Parliament and of the Council concerning the Registration, Evaluation, Authorisation and Restriction of Chemicals (REACH) as regards octamethylcyclotetrasiloxane (D4), decamethylcyclopentasiloxane (D5) and dodecamethylcyclohexasiloxane (D6)",C/2024/3164,"OJ L, 2024/1328,  17.5.2024, ELI:http://data.europa.eu/eli/reg/2024/1328/oj(BG, ES, CS, DA, DE, ET, EL, EN, FR, GA, HR, IT, LV, LT, HU, MT, NL, PL, PT, RO, SK, SL, FI, SV)",In force,32024R1328,"BG, ES, CS, DA, DE, ET, EL, EN, FR, GA, HR, IT, LV, LT, HU, MT, NL, PL, PT, RO, SK, SL, FI, SV",Regulation,"European Commission, Directorate-General for Internal Market, Industry, Entrepreneurship and SMEs",16/05/2024; Date of adoption,https://eur-lex.europa.eu/legal-content/AUTO/?uri=CELEX:32024R1328,345,,,43401b3e87ef72e857f4e5d08d8af35eb90c44757912de3ce82ddd18f20a3cb6
"Commission Implementing Regulation (EU) 2024/587 of 12 February 2024 providing for a derogation from Regulation (EU) 2021/2115 of the European Parliament and of the Council as regards the application of the standard for good agricultural and environmental conditions of land (GAEC standard) 8, dates of eligibility of expenditure for contribution from the EAGF and rules concerning amendments of CAP Strategic Plans for modifications of certain eco-schemes for claim year 2024",C/2024/978,"OJ L, 2024/587,  13.2.2024, ELI:http://data.europa.eu/eli/reg_impl/2024/587/oj(BG, ES, CS, DA, DE, ET, EL, EN, FR, GA, HR, IT, LV, LT, HU, MT, NL, PL, PT, RO, SK, SL, FI, SV)",In force,32024R0587,"BG, ES, CS, DA, DE, ET, EL, EN, FR, GA, HR, IT, LV, LT, HU, MT, NL, PL, PT, RO, SK, SL, FI, SV",Implementing regulation,"European Commission, Directorate-General for Agriculture and Rural Development",12/02/2024; Date of adoption,https://eur-lex.europa.eu/legal-content/AUTO/?uri=CELEX:32024R0587,345,,,6d413b2b03a302f3cb8976d277c0fa8e8652828894507e18167521e6eadda561
Commission Delegated Regulation (EU) 2024/2770 of 15 July 2024 amending Regulation (EU) 2019/1009 of the European Parliament and of the Council as regards biodegradability criteria for coating agents and water retention polymers,C/2024/4826,"OJ L, 2024/2770,  28.10.2024, ELI:http://data.europa.eu/eli/reg_del/2024/2770/oj(BG, ES, CS, DA, DE, ET, EL, EN, FR, GA, HR, IT, LV, LT, HU, MT, NL, PL, PT, RO, SK, SL, FI, SV)",In force,32024R2770,"BG, ES, CS, DA, DE, ET, EL, EN, FR, GA, HR, IT, LV, LT, HU, MT, NL, PL, PT, RO, SK, SL, FI, SV",Delegated regulation,"European Commission, Directorate-General for Internal Market, Industry, Entrepreneurship and SMEs",15/07/2024; Date of adoption,https://eur-lex.europa.eu/legal-content/AUTO/?uri=CELEX:32024R2770,347,,,85bffe4a992a6a7f8417173091edcddb71416a070d28c3073ca57a8f73b90e95
Commission Delegated Regulation (EU) 2025/754 of 16 April 2025 supplementing Regulation (EU) 2023/2631 of the European Parliament and of the Council by specifying rules of procedure for the exercise of the power to impose fines or periodic penalty payments by the European Securities and Markets Authority on external reviewers,C/2025/6,"OJ L, 2025/754,  25.7.2025, ELI:http://data.europa.eu/eli/reg_del/2025/754/oj(BG, ES, CS, DA, DE, ET, EL, EN, FR, GA, HR, IT, LV, LT, HU, MT, NL, PL, PT, RO, SK, SL, FI, SV)",In force,32025R0754,"BG, ES, CS, DA, DE, ET, EL, EN, FR, GA, HR, IT, LV, LT, HU, MT, NL, PL, PT, RO, SK, SL, FI, SV",Delegated regulation,"European Commission, Directorate-General for Financial Stability, Financial Services and Capital Markets Union",16/04/2025; Date of adoption,https://eur-lex.europa.eu/legal-content/AUTO/?uri=CELEX:32025R0754,349,,,b432d87d2b112f620abac2789b9d4a67d367794f3797b4bfc6eef9d3d0cca2d2
"Commission Delegated Regulation (EU) 2025/755 of 16 April 2025 supplementing Regulation (EU) 2023/2631 of the European Parliament and of the Council by specifying the type of fees to be charged by ESMA to external reviewers of European Green Bonds, the matters in respect of which fees are due, the amount of the fees, and the manner in which those fees are to be paid",C/2025/7,"OJ L, 2025/755,  25.7.2025, ELI:http://data.europa.eu/eli/reg_del/2025/755/oj(BG, ES, CS, DA, DE, ET, EL, EN, FR, GA, HR, IT, LV, LT, HU, MT, NL, PL, PT, RO, SK, SL, FI, SV)",In force,32025R0755,"BG, ES, CS, DA, DE, ET, EL, EN, FR, GA, HR, IT, LV, LT, HU, MT, NL, PL, PT, RO, SK, SL, FI, SV",Delegated regulation,"European Commission, Directorate-General for Financial Stability, Financial Services and Capital Markets Union",16/04/2025; Date of adoption,https://eur-lex.europa.eu/legal-content/AUTO/?uri=CELEX:32025R0755,349,,,0ab4d6da1668d784188994dabf881cf82cf687bdc72b2aa338f5f74682f0dc2c
Commission Regulation (EU) 2024/1756 of 25 June 2024 amending and correcting Regulation (EU) 2023/915 on maximum levels for certain contaminants in food,C/2024/4277,"OJ L, 2024/1756,  26.6.2024, ELI:http://data.europa.eu/eli/reg/2024/1756/oj(BG, ES, CS, DA, DE, ET, EL, EN, FR, GA, HR, IT, LV, LT, HU, MT, NL, PL, PT, RO, SK, SL, FI, SV)",In force,32024R1756,"BG, ES, CS, DA, DE, ET, EL, EN, FR, GA, HR, IT, LV, LT, HU, MT, NL, PL, PT, RO, SK, SL, FI, SV",Regulation,"European Commission, Directorate-General for Health and Food Safety",25/06/2024; Date of adoption,https://eur-lex.europa.eu/legal-content/AUTO/?uri=CELEX:32024R1756,355,,,7e2845be991b9f4dec503448dcb26e8b55d277a9bb6d7fd1be8cccffecac5379
Commission Regulation (EU) 2024/1038 of 9 April 2024 amending Regulation (EU) 2023/915 as regards maximum levels of T-2 and HT-2 toxins in food,C/2024/2135,"OJ L, 2024/1038,  10.4.2024, ELI:http://data.europa.eu/eli/reg/2024/1038/oj(BG, ES, CS, DA, DE, ET, EL, EN, FR, GA, HR, IT, LV, LT, HU, MT, NL, PL, PT, RO, SK, SL, FI, SV)",In force,32024R1038,"BG, ES, CS, DA, DE, ET, EL, EN, FR, GA, HR, IT, LV, LT, HU, MT, NL, PL, PT, RO, SK, SL, FI, SV",Regulation,"European Commission, Directorate-General for Health and Food Safety",09/04/2024; Date of adoption,https://eur-lex.europa.eu/legal-content/AUTO/?uri=CELEX:32024R1038,355,,,2cd4a81315e44424cff86650e095503e06bfa0a0fbc325f7bd6fbeed9ca19701
Regulation (EU) 2025/1561 of the European Parliament and of the Council of 18 July 2025 amending Regulation (EU) 2023/1542 as regards obligations of economic operators concerning battery due diligence policies (Text with EEA relevance),PE/28/2025/REV/1,"OJ L, 2025/1561,  30.7.2025, ELI:http://data.europa.eu/eli/reg/2025/1561/oj(BG, ES, CS, DA, DE, ET, EL, EN, FR, GA, HR, IT, LV, LT, HU, MT, NL, PL, PT, RO, SK, SL, FI, SV)",In force,32025R1561,"BG, ES, CS, DA, DE, ET, EL, EN, FR, GA, HR, IT, LV, LT, HU, MT, NL, PL, PT, RO, SK, SL, FI, SV",Regulation,"European Parliament, Council of the European Union",18/07/2025,https://eur-lex.europa.eu/legal-content/AUTO/?uri=CELEX:32025R1561,366,,,5fe81f071abe567d0c04a6c389478ee4abbe29bf29625ea27bc13aa5aa7b5439
Commission Delegated Decision (EU) 2025/934 of 5 March 2025 amending Decision 2000/532/EC as regards an update of the list of waste in relation to battery-related waste,C/2025/1360,"OJ L, 2025/934,  20.5.2025, ELI:http://data.europa.eu/eli/dec_del/2025/934/oj(BG, ES, CS, DA, DE, ET, EL, EN, FR, GA, HR, IT, LV, LT, HU, MT, NL, PL, PT, RO, SK, SL, FI, SV)",In force,32025D0934,"BG, ES, CS, DA, DE, ET, EL, EN, FR, GA, HR, IT, LV, LT, HU, MT, NL, PL, PT, RO, SK, SL, FI, SV",Delegated decision,"European Commission, Directorate-General for Environment",05/03/2025; Date of adoption,https://eur-lex.europa.eu/legal-content/AUTO/?uri=CELEX:32025D0934,366,,,6f3b5edfd14203f5b99158b2085f045ae53115fb45b27ee7a55f07917ac29164
Council Decision (EU) 2024/394 of 16 January 2024 on the position to be taken on behalf of the European Union in the General Fisheries Commission for the Mediterranean and repealing Decision (EU) 2019/869,ST/13479/2023/INIT,"OJ L, 2024/394,  24.1.2024, ELI:http://data.europa.eu/eli/dec/2024/394/oj(BG, ES, CS, DA, DE, ET, EL, EN, FR, GA, HR, IT, LV, LT, HU, MT, NL, PL, PT, RO, SK, SL, FI, SV)",In force,32024D0394,"BG, ES, CS, DA, DE, ET, EL, EN, FR, GA, HR, IT, LV, LT, HU, MT, NL, PL, PT, RO, SK, SL, FI, SV",Decision,Council of the European Union,16/01/2024; Date of adoption,https://eur-lex.europa.eu/legal-content/AUTO/?uri=CELEX:32024D0394,366,,,85fa3c5273e5cb09792f2cd1e08fcc9941e56f4dd7ea93b0cd6617c95bee8980
Council Decision (EU) 2024/394 of 16 January 2024 on the position to be taken on behalf of the European Union in the General Fisheries Commission for the Mediterranean and repealing Decision (EU) 2019/869,ST/13479/2023/INIT,"OJ L, 2024/394,  24.1.2024, ELI:http://data.europa.eu/eli/dec/2024/394/oj(BG, ES, CS, DA, DE, ET, EL, EN, FR, GA, HR, IT, LV, LT, HU, MT, NL, PL, PT, RO, SK, SL, FI, SV)",In force,32024D0394,"BG, ES, CS, DA, DE, ET, EL, EN, FR, GA, HR, IT, LV, LT, HU, MT, NL, PL, PT, RO, SK, SL, FI, SV",Decision,Council of the European Union,16/01/2024; Date of adoption,https://eur-lex.europa.eu/legal-content/AUTO/?uri=CELEX:32024D0394,367,,,85fa3c5273e5cb09792f2cd1e08fcc9941e56f4dd7ea93b0cd6617c95bee8980
"Commission Implementing Regulation (EU) 2025/1316 of 2 July 2025 on temporary measures to prevent the introduction into, establishment and spread within the Union territory of Curtobacterium flaccumfaciens pv. flaccumfaciens (Hedges) Collins and Jones, and amending Implementing Regulation (EU) 2019/2072",C/2025/4302,"OJ L, 2025/1316,  3.7.2025, ELI:http://data.europa.eu/eli/reg_impl/2025/1316/oj(BG, ES, CS, DA, DE, ET, EL, EN, FR, GA, HR, IT, LV, LT, HU, MT, NL, PL, PT, RO, SK, SL, FI, SV)",In force,32025R1316,"BG, ES, CS, DA, DE, ET, EL, EN, FR, GA, HR, IT, LV, LT, HU, MT, NL, PL, PT, RO, SK, SL, FI, SV",Implementing regulation,"European Commission, Directorate-General for Health and Food Safety",02/07/2025; Date of adoption,https://eur-lex.europa.eu/legal-content/AUTO/?uri=CELEX:32025R1316,368,,,caff1d496b09d672fc62387d0e8d13de7f91502895f5c794c294695386d70101
"Commission Implementing Regulation (EU) 2024/2852 of 11 November 2024 establishing a derogation from Implementing Regulation (EU) 2019/2072 as regards the requirements for the introduction into the Union territory of naturally or artificially dwarfed plants for planting of Chamaecyparis Spach, Juniperus L. and certain species of Pinus L., originating in Japan and repealing Implementing Regulation (EU) 2020/1217",C/2024/7754,"OJ L, 2024/2852,  12.11.2024, ELI:http://data.europa.eu/eli/reg_impl/2024/2852/oj(BG, ES, CS, DA, DE, ET, EL, EN, FR, GA, HR, IT, LV, LT, HU, MT, NL, PL, PT, RO, SK, SL, FI, SV)",In force,32024R2852,"BG, ES, CS, DA, DE, ET, EL, EN, FR, GA, HR, IT, LV, LT, HU, MT, NL, PL, PT, RO, SK, SL, FI, SV",Implementing regulation,"European Commission, Directorate-General for Health and Food Safety",11/11/2024; Date of adoption,https://eur-lex.europa.eu/legal-content/AUTO/?uri=CELEX:32024R2852,368,,,7bd2021d7eb88340d1863d553486fd45ae86b732375b5465b43de9b98d1dc117
Commission Delegated Regulation (EU) 2025/1222 of 2 April 2025 amending Regulation (EC) No 1272/2008 of the European Parliament and of the Council as regards the harmonised classification and labelling of certain substances,C/2025/1916,"OJ L, 2025/1222,  20.6.2025, ELI:http://data.europa.eu/eli/reg_del/2025/1222/oj(BG, ES, CS, DA, DE, ET, EL, EN, FR, GA, HR, IT, LV, LT, HU, MT, NL, PL, PT, RO, SK, SL, FI, SV)",In force,32025R1222,"BG, ES, CS, DA, DE, ET, EL, EN, FR, GA, HR, IT, LV, LT, HU, MT, NL, PL, PT, RO, SK, SL, FI, SV",Delegated regulation,"European Commission, Directorate-General for Environment",02/04/2025; Date of adoption,https://eur-lex.europa.eu/legal-content/AUTO/?uri=CELEX:32025R1222,374,,,287998af5ebbf9a095418474e9a9357a7026baf8e6db6ad343e5e75c3d9e94e9
Commission Delegated Regulation (EU) 2025/1222 of 2 April 2025 amending Regulation (EC) No 1272/2008 of the European Parliament and of the Council as regards the harmonised classification and labelling of certain substances,C/2025/1916,"OJ L, 2025/1222,  20.6.2025, ELI:http://data.europa.eu/eli/reg_del/2025/1222/oj(BG, ES, CS, DA, DE, ET, EL, EN, FR, GA, HR, IT, LV, LT, HU, MT, NL, PL, PT, RO, SK, SL, FI, SV)",In force,32025R1222,"BG, ES, CS, DA, DE, ET, EL, EN, FR, GA, HR, IT, LV, LT, HU, MT, NL, PL, PT, RO, SK, SL, FI, SV",Delegated regulation,"European Commission, Directorate-General for Environment",02/04/2025; Date of adoption,https://eur-lex.europa.eu/legal-content/AUTO/?uri=CELEX:32025R1222,376,,,287998af5ebbf9a095418474e9a9357a7026baf8e6db6ad343e5e75c3d9e94e9
"Commission Delegated Regulation (EU) 2025/422 of 17 December 2024 supplementing Regulation (EU) 2023/1114 of the European Parliament and of the Council with regard to regulatory technical standards specifying the content, methodologies and presentation of information in respect of sustainability indicators in relation to adverse impacts on the climate and other environment-related adverse impacts",C/2024/8782,"OJ L, 2025/422,  31.3.2025, ELI:http://data.europa.eu/eli/reg_del/2025/422/oj(BG, ES, CS, DA, DE, ET, EL, EN, FR, GA, HR, IT, LV, LT, HU, MT, NL, PL, PT, RO, SK, SL, FI, SV)",In force,32025R0422,"BG, ES, CS, DA, DE, ET, EL, EN, FR, GA, HR, IT, LV, LT, HU, MT, NL, PL, PT, RO, SK, SL, FI, SV",Delegated regulation,"European Commission, Directorate-General for Financial Stability, Financial Services and Capital Markets Union",17/12/2024; Date of adoption,https://eur-lex.europa.eu/legal-content/AUTO/?uri=CELEX:32025R0422,377,,,0f3d9dec18455b1374550bae246c8296ff834a06a5d3e98d0eb79a3dfdac1d59
Commission Delegated Regulation (EU) 2024/3204 of 11 October 2024 amending Regulation (EU) 2019/1241 of the European Parliament and of the Council as regards short-necked clam and red seabream,C/2024/7102,"OJ L, 2024/3204,  31.12.2024, ELI:http://data.europa.eu/eli/reg_del/2024/3204/oj(BG, ES, CS, DA, DE, ET, EL, EN, FR, GA, HR, IT, LV, LT, HU, MT, NL, PL, PT, RO, SK, SL, FI, SV)",In force,32024R3204,"BG, ES, CS, DA, DE, ET, EL, EN, FR, GA, HR, IT, LV, LT, HU, MT, NL, PL, PT, RO, SK, SL, FI, SV",Delegated regulation,"European Commission, Directorate-General for Maritime Affairs and Fisheries",11/10/2024; Date of adoption,https://eur-lex.europa.eu/legal-content/AUTO/?uri=CELEX:32024R3204,381,,,1a40d7aa3e91752ecac5da94a52f56244e7633b5dadfa7fd256e657a04d9ba47
Commission Delegated Regulation (EU) 2025/1045 of 20 May 2025 amending Regulation (EU) 2019/1242 of the European Parliament and of the Council as regards the addition of vehicle sub-groups for extra-heavy-combination lorries,C/2025/3071,"OJ L, 2025/1045,  25.7.2025, ELI:http://data.europa.eu/eli/reg_del/2025/1045/oj(BG, ES, CS, DA, DE, ET, EL, EN, FR, GA, HR, IT, LV, LT, HU, MT, NL, PL, PT, RO, SK, SL, FI, SV)",In force,32025R1045,"BG, ES, CS, DA, DE, ET, EL, EN, FR, GA, HR, IT, LV, LT, HU, MT, NL, PL, PT, RO, SK, SL, FI, SV",Delegated regulation,"European Commission, Directorate-General for Climate Action",20/05/2025; Date of publication,https://eur-lex.europa.eu/legal-content/AUTO/?uri=CELEX:32025R1045,384,,,7dbac1535833365ae27ba29118a7a83bd8f1c1d29e14c04f75ae9a62e3bfba47
Regulation (EU) 2025/1214 of the European Parliament and of the Council of 17 June 2025 amending Regulation (EU) 2019/631 to include an additional flexibility as regards the calculation of manufacturers’ compliance with CO2 emission performance standards for new passenger cars and new light commercial vehicles for the calendar years 2025 to 2027 (Text with EEA relevance),PE/13/2025/REV/1,"OJ L, 2025/1214,  19.6.2025, ELI:http://data.europa.eu/eli/reg/2025/1214/oj(BG, ES, CS, DA, DE, ET, EL, EN, FR, GA, HR, IT, LV, LT, HU, MT, NL, PL, PT, RO, SK, SL, FI, SV)",In force,32025R1214,"BG, ES, CS, DA, DE, ET, EL, EN, FR, GA, HR, IT, LV, LT, HU, MT, NL, PL, PT, RO, SK, SL, FI, SV",Regulation,"European Parliament, Council of the European Union",17/06/2025,https://eur-lex.europa.eu/legal-content/AUTO/?uri=CELEX:32025R1214,384,,,2c8e1a2e9e9f7c192eb1ab860c5830542752cf60c5866387b0a22631b549d320
Commission Implementing Decision (EU) 2025/792 of 24 April 2025 on the publication of a list indicating certain CO2 emissions values per manufacturer as well as average specific CO2 emissions of all new heavy-duty vehicles registered in the Union pursuant to Regulation (EU) 2019/1242 of the European Parliament and of the Council for the reporting period of the year 2022 (notified under document C(2025) 2307),C/2025/2307,"OJ L, 2025/792,  25.4.2025, ELI:http://data.europa.eu/eli/dec_impl/2025/792/oj(BG, ES, CS, DA, DE, ET, EL, EN, FR, GA, HR, IT, LV, LT, HU, MT, NL, PL, PT, RO, SK, SL, FI, SV)",In force,32025D0792,"BG, ES, CS, DA, DE, ET, EL, EN, FR, GA, HR, IT, LV, LT, HU, MT, NL, PL, PT, RO, SK, SL, FI, SV",Implementing decision,"European Commission, Directorate-General for Climate Action",24/04/2025; Date of adoption,https://eur-lex.europa.eu/legal-content/AUTO/?uri=CELEX:32025D0792,384,,,4113fc1ffdebfe89f3d06db4cb86a0d5b834f9d6af58f95407e2247b74e1c38d
"Regulation (EU) 2024/1610 of the European Parliament and of the Council of 14 May 2024 amending Regulation (EU) 2019/1242 as regards strengthening the CO2 emission performance standards for new heavy-duty vehicles and integrating reporting obligations, amending Regulation (EU) 2018/858 and repealing Regulation (EU) 2018/956 (Text with EEA relevance)",PE/29/2024/REV/1,"OJ L, 2024/1610,  6.6.2024, ELI:http://data.europa.eu/eli/reg/2024/1610/oj(BG, ES, CS, DA, DE, ET, EL, EN, FR, GA, HR, IT, LV, LT, HU, MT, NL, PL, PT, RO, SK, SL, FI, SV)",In force,32024R1610,"BG, ES, CS, DA, DE, ET, EL, EN, FR, GA, HR, IT, LV, LT, HU, MT, NL, PL, PT, RO, SK, SL, FI, SV",Regulation,"European Parliament, Council of the European Union",14/05/2024,https://eur-lex.europa.eu/legal-content/AUTO/?uri=CELEX:32024R1610,384,,,636520a8f53108c86bc924befcf3e5894fc23390e8110d6604f8b38efcae077b
Directive (EU) 2024/884 of the European Parliament and of the Council of 13 March 2024 amending Directive 2012/19/EU on waste electrical and electronic equipment (WEEE) (Text with EEA relevance),PE/83/2023/REV/1,"OJ L, 2024/884,  19.3.2024, ELI:http://data.europa.eu/eli/dir/2024/884/oj(BG, ES, CS, DA, DE, ET, EL, EN, FR, GA, HR, IT, LV, LT, HU, MT, NL, PL, PT, RO, SK, SL, FI, SV)",In force,32024L0884,"BG, ES, CS, DA, DE, ET, EL, EN, FR, GA, HR, IT, LV, LT, HU, MT, NL, PL, PT, RO, SK, SL, FI, SV",Directive,"European Parliament, Council of the European Union",13/03/2024,https://eur-lex.europa.eu/legal-content/AUTO/?uri=CELEX:32024L0884,384,,,cfdb329bc4eef76fca8158cca188d6dfd68a14cf87afcfb0c1583b39d1379c3c
Commission Implementing Decision (EU) 2025/1786 of 9 September 2025 on the publication of a list indicating certain CO2 emissions values per manufacturer as well as average specific CO2 emissions of all new heavy-duty vehicles registered in the Union pursuant to Regulation (EU) 2019/1242 of the European Parliament and of the Council for the reporting period of the year 2023 (notified under document C(2025) 5985),C/2025/5985,"OJ L, 2025/1786,  11.9.2025, ELI:http://data.europa.eu/eli/dec_impl/2025/1786/oj(BG, ES, CS, DA, DE, ET, EL, EN, FR, GA, HR, IT, LV, LT, HU, MT, NL, PL, PT, RO, SK, SL, FI, SV)",In force,32025D1786,"BG, ES, CS, DA, DE, ET, EL, EN, FR, GA, HR, IT, LV, LT, HU, MT, NL, PL, PT, RO, SK, SL, FI, SV",Implementing decision,"European Commission, Directorate-General for Climate Action",09/09/2025; Date of adoption,https://eur-lex.europa.eu/legal-content/AUTO/?uri=CELEX:32025D1786,385,,,3c8364f7c15898ef0680e95d875f3e7018e5681eb3150e6892ac46ee32480a89
Commission Delegated Regulation (EU) 2025/1045 of 20 May 2025 amending Regulation (EU) 2019/1242 of the European Parliament and of the Council as regards the addition of vehicle sub-groups for extra-heavy-combination lorries,C/2025/3071,"OJ L, 2025/1045,  25.7.2025, ELI:http://data.europa.eu/eli/reg_del/2025/1045/oj(BG, ES, CS, DA, DE, ET, EL, EN, FR, GA, HR, IT, LV, LT, HU, MT, NL, PL, PT, RO, SK, SL, FI, SV)",In force,32025R1045,"BG, ES, CS, DA, DE, ET, EL, EN, FR, GA, HR, IT, LV, LT, HU, MT, NL, PL, PT, RO, SK, SL, FI, SV",Delegated regulation,"European Commission, Directorate-General for Climate Action",20/05/2025; Date of publication,https://eur-lex.europa.eu/legal-content/AUTO/?uri=CELEX:32025R1045,385,,,7dbac1535833365ae27ba29118a7a83bd8f1c1d29e14c04f75ae9a62e3bfba47
Regulation (EU) 2025/1214 of the European Parliament and of the Council of 17 June 2025 amending Regulation (EU) 2019/631 to include an additional flexibility as regards the calculation of manufacturers’ compliance with CO2 emission performance standards for new passenger cars and new light commercial vehicles for the calendar years 2025 to 2027 (Text with EEA relevance),PE/13/2025/REV/1,"OJ L, 2025/1214,  19.6.2025, ELI:http://data.europa.eu/eli/reg/2025/1214/oj(BG, ES, CS, DA, DE, ET, EL, EN, FR, GA, HR, IT, LV, LT, HU, MT, NL, PL, PT, RO, SK, SL, FI, SV)",In force,32025R1214,"BG, ES, CS, DA, DE, ET, EL, EN, FR, GA, HR, IT, LV, LT, HU, MT, NL, PL, PT, RO, SK, SL, FI, SV",Regulation,"European Parliament, Council of the European Union",17/06/2025,https://eur-lex.europa.eu/legal-content/AUTO/?uri=CELEX:32025R1214,385,,,2c8e1a2e9e9f7c192eb1ab860c5830542752cf60c5866387b0a22631b549d320
Commission Implementing Decision (EU) 2025/792 of 24 April 2025 on the publication of a list indicating certain CO2 emissions values per manufacturer as well as average specific CO2 emissions of all new heavy-duty vehicles registered in the Union pursuant to Regulation (EU) 2019/1242 of the European Parliament and of the Council for the reporting period of the year 2022 (notified under document C(2025) 2307),C/2025/2307,"OJ L, 2025/792,  25.4.2025, ELI:http://data.europa.eu/eli/dec_impl/2025/792/oj(BG, ES, CS, DA, DE, ET, EL, EN, FR, GA, HR, IT, LV, LT, HU, MT, NL, PL, PT, RO, SK, SL, FI, SV)",In force,32025D0792,"BG, ES, CS, DA, DE, ET, EL, EN, FR, GA, HR, IT, LV, LT, HU, MT, NL, PL, PT, RO, SK, SL, FI, SV",Implementing decision,"European Commission, Directorate-General for Climate Action",24/04/2025; Date of adoption,https://eur-lex.europa.eu/legal-content/AUTO/?uri=CELEX:32025D0792,385,,,4113fc1ffdebfe89f3d06db4cb86a0d5b834f9d6af58f95407e2247b74e1c38d
"Regulation (EU) 2024/1610 of the European Parliament and of the Council of 14 May 2024 amending Regulation (EU) 2019/1242 as regards strengthening the CO2 emission performance standards for new heavy-duty vehicles and integrating reporting obligations, amending Regulation (EU) 2018/858 and repealing Regulation (EU) 2018/956 (Text with EEA relevance)",PE/29/2024/REV/1,"OJ L, 2024/1610,  6.6.2024, ELI:http://data.europa.eu/eli/reg/2024/1610/oj(BG, ES, CS, DA, DE, ET, EL, EN, FR, GA, HR, IT, LV, LT, HU, MT, NL, PL, PT, RO, SK, SL, FI, SV)",In force,32024R1610,"BG, ES, CS, DA, DE, ET, EL, EN, FR, GA, HR, IT, LV, LT, HU, MT, NL, PL, PT, RO, SK, SL, FI, SV",Regulation,"European Parliament, Council of the European Union",14/05/2024,https://eur-lex.europa.eu/legal-content/AUTO/?uri=CELEX:32024R1610,385,,,636520a8f53108c86bc924befcf3e5894fc23390e8110d6604f8b38efcae077b
Directive (EU) 2024/884 of the European Parliament and of the Council of 13 March 2024 amending Directive 2012/19/EU on waste electrical and electronic equipment (WEEE) (Text with EEA relevance),PE/83/2023/REV/1,"OJ L, 2024/884,  19.3.2024, ELI:http://data.europa.eu/eli/dir/2024/884/oj(BG, ES, CS, DA, DE, ET, EL, EN, FR, GA, HR, IT, LV, LT, HU, MT, NL, PL, PT, RO, SK, SL, FI, SV)",In force,32024L0884,"BG, ES, CS, DA, DE, ET, EL, EN, FR, GA, HR, IT, LV, LT, HU, MT, NL, PL, PT, RO, SK, SL, FI, SV",Directive,"European Parliament, Council of the European Union",13/03/2024,https://eur-lex.europa.eu/legal-content/AUTO/?uri=CELEX:32024L0884,385,,,cfdb329bc4eef76fca8158cca188d6dfd68a14cf87afcfb0c1583b39d1379c3c
Council Decision (EU) 2024/1638 of 30 May 2024 on the withdrawal of the Union from the Energy Charter Treaty,ST/6509/2024/INIT,"OJ L, 2024/1638,  5.6.2024, ELI:http://data.europa.eu/eli/dec/2024/1638/oj(BG, ES, CS, DA, DE, ET, EL, EN, FR, GA, HR, IT, LV, LT, HU, MT, NL, PL, PT, RO, SK, SL, FI, SV)",In force,32024D1638,"BG, ES, CS, DA, DE, ET, EL, EN, FR, GA, HR, IT, LV, LT, HU, MT, NL, PL, PT, RO, SK, SL, FI, SV",Decision,Council of the European Union,30/05/2024; Date of adoption,https://eur-lex.europa.eu/legal-content/AUTO/?uri=CELEX:32024D1638,388,,,e8b43c474bc4fb397ae16dcd9142f35bd2fe19e769a8cd0fbd1bd9794e09963b
Council Decision (EU) 2025/433 of 25 February 2025 on the position to be taken on behalf of the European Union in the 195th session of the World Forum for Harmonization of Vehicle Regulations of the United Nations Economic Commission for Europe,ST/6039/2025/INIT,"OJ L, 2025/433,  3.3.2025, ELI:http://data.europa.eu/eli/dec/2025/433/oj(BG, ES, CS, DA, DE, ET, EL, EN, FR, GA, HR, IT, LV, LT, HU, MT, NL, PL, PT, RO, SK, SL, FI, SV)",In force,32025D0433,"BG, ES, CS, DA, DE, ET, EL, EN, FR, GA, HR, IT, LV, LT, HU, MT, NL, PL, PT, RO, SK, SL, FI, SV",Decision,Council of the European Union,25/02/2025; Date of adoption,https://eur-lex.europa.eu/legal-content/AUTO/?uri=CELEX:32025D0433,389,,,01453b27a737ac97699732b02e3283b8689cc104631ee8f0a51e8ee4005fb22b
Commission Implementing Regulation (EU) 2024/403 of 30 January 2024 amending Implementing Regulation (EU) 2017/373 as regards the definition of SIGMET and certain requirements for special visual flight rules and air traffic control clearances,C/2024/455,"OJ L, 2024/403,  11.4.2024, ELI:http://data.europa.eu/eli/reg_impl/2024/403/oj(BG, ES, CS, DA, DE, ET, EL, EN, FR, GA, HR, IT, LV, LT, HU, MT, NL, PL, PT, RO, SK, SL, FI, SV)",In force,32024R0403,"BG, ES, CS, DA, DE, ET, EL, EN, FR, GA, HR, IT, LV, LT, HU, MT, NL, PL, PT, RO, SK, SL, FI, SV",Implementing regulation,"European Commission, Directorate-General for Mobility and Transport",30/01/2024; Date of adoption,https://eur-lex.europa.eu/legal-content/AUTO/?uri=CELEX:32024R0403,398,,,9271cbb33b9a2da6d40a32aa33dbb02f50fa3e7da1638214314b1f30a7d90fb4
"Commission Delegated Regulation (EU) 2025/1482 of 24 July 2025 amending Regulation (EU) 2019/1021 of the European Parliament and of the Council as regards the persistent organic pollutants tetrabromodiphenyl ether, pentabromodiphenyl ether, hexabromodiphenyl ether, heptabromodiphenyl ether and decabromodiphenyl ether",C/2025/4797,"OJ L, 2025/1482,  28.10.2025, ELI:http://data.europa.eu/eli/reg_del/2025/1482/oj(BG, ES, CS, DA, DE, ET, EL, EN, FR, GA, HR, IT, LV, LT, HU, MT, NL, PL, PT, RO, SK, SL, FI, SV)",Date of entry into force unknown (pending notification) or not yet in force.,32025R1482,"BG, ES, CS, DA, DE, ET, EL, EN, FR, GA, HR, IT, LV, LT, HU, MT, NL, PL, PT, RO, SK, SL, FI, SV",Delegated regulation,"European Commission, Directorate-General for Environment",24/07/2025; Date of adoption,https://eur-lex.europa.eu/legal-content/AUTO/?uri=CELEX:32025R1482,399,,,0cecf8bd9d04f54929104ee69b956bd0e4040604c0ecb8d7661d58bc1c2eb39e
Commission Delegated Regulation (EU) 2025/1930 of 15 May 2025 amending Regulation (EU) 2019/1021 of the European Parliament and of the Council as regards Dechlorane Plus,C/2025/2887,"OJ L, 2025/1930,  25.9.2025, ELI:http://data.europa.eu/eli/reg_del/2025/1930/oj(BG, ES, CS, DA, DE, ET, EL, EN, FR, GA, HR, IT, LV, LT, HU, MT, NL, PL, PT, RO, SK, SL, FI, SV)",In force,32025R1930,"BG, ES, CS, DA, DE, ET, EL, EN, FR, GA, HR, IT, LV, LT, HU, MT, NL, PL, PT, RO, SK, SL, FI, SV",Delegated regulation,"European Commission, Directorate-General for Environment",15/05/2025; Date of adoption,https://eur-lex.europa.eu/legal-content/AUTO/?uri=CELEX:32025R1930,399,,,3eb0971b31a13fac7603fd4850825cf2f798797b2ce960b1e66762a0dbebd81c
Commission Implementing Regulation (EU) 2025/1870 of 12 September 2025 correcting the Polish language version of Implementing Regulation (EU) 2024/2174 laying down rules for the application of Regulation (EU) 2024/573 of the European Parliament and of the Council as regards the format of the labels for certain products and equipment containing fluorinated greenhouse gases,C/2025/6169,"OJ L, 2025/1870,  15.9.2025, ELI:http://data.europa.eu/eli/reg_impl/2025/1870/oj(BG, ES, CS, DA, DE, ET, EL, EN, FR, GA, HR, IT, LV, LT, HU, MT, NL, PL, PT, RO, SK, SL, FI, SV)",In force,32025R1870,"BG, ES, CS, DA, DE, ET, EL, EN, FR, GA, HR, IT, LV, LT, HU, MT, NL, PL, PT, RO, SK, SL, FI, SV",Implementing regulation,"European Commission, Directorate-General for Translation",12/09/2025; Date of adoption,https://eur-lex.europa.eu/legal-content/AUTO/?uri=CELEX:32025R1870,399,,,cc4d1c138df3db5b69f29e621d0318b12d9c7930a5c5869ea7cee5765a2d8c13
Commission Implementing Regulation (EU) 2024/2174 of 2 September 2024 laying down rules for the application of Regulation (EU) 2024/573 of the European Parliament and of the Council as regards the format of the labels for certain products and equipment containing fluorinated greenhouse gases and repealing Commission Implementing Regulation (EU) 2015/2068,C/2024/5983,"OJ L, 2024/2174,  3.9.2024, ELI:http://data.europa.eu/eli/reg_impl/2024/2174/oj(BG, ES, CS, DA, DE, ET, EL, EN, FR, GA, HR, IT, LV, LT, HU, MT, NL, PL, PT, RO, SK, SL, FI, SV)",In force,32024R2174,"BG, ES, CS, DA, DE, ET, EL, EN, FR, GA, HR, IT, LV, LT, HU, MT, NL, PL, PT, RO, SK, SL, FI, SV",Implementing regulation,"European Commission, Directorate-General for Climate Action",02/09/2024; Date of adoption,https://eur-lex.europa.eu/legal-content/AUTO/?uri=CELEX:32024R2174,399,,01/01/2025,8242512916a8caa6f44a854f66d4f1a3652ec67120eed8dc1aea7c11129fc64a
Commission Regulation (EU) 2025/1377 of 15 July 2025 amending and correcting Regulation (EU) No 142/2011 as regards certain requirements for the placing on the market and imports of animal by-products and derived products not intended for human consumption,C/2025/4615,"OJ L, 2025/1377,  16.7.2025, ELI:http://data.europa.eu/eli/reg/2025/1377/oj(BG, ES, CS, DA, DE, ET, EL, EN, FR, GA, HR, IT, LV, LT, HU, MT, NL, PL, PT, RO, SK, SL, FI, SV)",In force,32025R1377,"BG, ES, CS, DA, DE, ET, EL, EN, FR, GA, HR, IT, LV, LT, HU, MT, NL, PL, PT, RO, SK, SL, FI, SV",Regulation,"European Commission, Directorate-General for Health and Food Safety",15/07/2025; Date of adoption,https://eur-lex.europa.eu/legal-content/AUTO/?uri=CELEX:32025R1377,406,,,59893a8dc243412a1812c4c8e334acec73c96575da33d7b52afba1dd533c468b
"Council Decision (EU) 2025/860 of 14 April 2025 on the position to be taken on behalf of the European Union at the Conference of the Parties to the Rotterdam Convention on the Prior Informed Consent Procedure for certain hazardous chemicals and pesticides in international trade as regards certain amendments to that Convention and to Annex III thereto, and to the Rules of Procedure for the Conference of the Parties to the Convention",ST/7106/2025/INIT,"OJ L, 2025/860,  12.5.2025, ELI:http://data.europa.eu/eli/dec/2025/860/oj(BG, ES, CS, DA, DE, ET, EL, EN, FR, GA, HR, IT, LV, LT, HU, MT, NL, PL, PT, RO, SK, SL, FI, SV)",In force,32025D0860,"BG, ES, CS, DA, DE, ET, EL, EN, FR, GA, HR, IT, LV, LT, HU, MT, NL, PL, PT, RO, SK, SL, FI, SV",Decision,Council of the European Union,14/04/2025; Date of adoption,https://eur-lex.europa.eu/legal-content/AUTO/?uri=CELEX:32025D0860,408,,,e50f3347b3cd54078a7d43e604f0351e29dabe56da82fd39f92f3ab1cce0de2b
Commission Implementing Regulation (EU) 2024/1320 of 15 May 2024 amending Implementing Regulation (EU) 2020/1201 as regards the list of infected zones for containment of Xylella fastidiosa (Wells et al.),C/2024/3158,"OJ L, 2024/1320,  16.5.2024, ELI:http://data.europa.eu/eli/reg_impl/2024/1320/oj(BG, ES, CS, DA, DE, ET, EL, EN, FR, GA, HR, IT, LV, LT, HU, MT, NL, PL, PT, RO, SK, SL, FI, SV)",In force,32024R1320,"BG, ES, CS, DA, DE, ET, EL, EN, FR, GA, HR, IT, LV, LT, HU, MT, NL, PL, PT, RO, SK, SL, FI, SV",Implementing regulation,"European Commission, Directorate-General for Health and Food Safety",15/05/2024; Date of adoption,https://eur-lex.europa.eu/legal-content/AUTO/?uri=CELEX:32024R1320,416,,,66c8bdf73874ab92ee2bbbbb892ec80621aa5faf2daba5d243cc11cb0e671508
Commission Regulation (EU) 2025/660 of 1 April 2025 amending Annex XVII to Regulation (EC) No 1907/2006 of the European Parliament and of the Council as regards polycyclic aromatic hydrocarbons (PAHs) in clay targets,C/2025/1881,"OJ L, 2025/660,  2.4.2025, ELI:http://data.europa.eu/eli/reg/2025/660/oj(BG, ES, CS, DA, DE, ET, EL, EN, FR, GA, HR, IT, LV, LT, HU, MT, NL, PL, PT, RO, SK, SL, FI, SV)",In force,32025R0660,"BG, ES, CS, DA, DE, ET, EL, EN, FR, GA, HR, IT, LV, LT, HU, MT, NL, PL, PT, RO, SK, SL, FI, SV",Regulation,"European Commission, Directorate-General for Internal Market, Industry, Entrepreneurship and SMEs",01/04/2025; Date of adoption,https://eur-lex.europa.eu/legal-content/AUTO/?uri=CELEX:32025R0660,421,,,3a572c50b6ed89d654e7b85af547a9b8d60ea517dfc0309079da3ec5e575a316
"Commission Implementing Regulation (EU) 2025/625 of 28 March 2025 establishing, pursuant to Regulation (EU) 2024/573 of the European Parliament and of the Council, minimum requirements for certificates of natural and legal persons and the conditions for the mutual recognition of such certificates as regards stationary fire protection equipment containing certain fluorinated greenhouse gases or relevant alternatives and repealing Commission Regulation (EC) No 304/2008",C/2025/1771,"OJ L, 2025/625,  31.3.2025, ELI:http://data.europa.eu/eli/reg_impl/2025/625/oj(BG, ES, CS, DA, DE, ET, EL, EN, FR, GA, HR, IT, LV, LT, HU, MT, NL, PL, PT, RO, SK, SL, FI, SV)",In force,32025R0625,"BG, ES, CS, DA, DE, ET, EL, EN, FR, GA, HR, IT, LV, LT, HU, MT, NL, PL, PT, RO, SK, SL, FI, SV",Implementing regulation,"European Commission, Directorate-General for Climate Action",28/03/2025; Date of adoption,https://eur-lex.europa.eu/legal-content/AUTO/?uri=CELEX:32025R0625,421,,,2a15b7fdacfe29a077c2d1e9a1c35bd115c7c49a65d6a5489ca56db3da43ade2
Commission Regulation (EU) 2025/660 of 1 April 2025 amending Annex XVII to Regulation (EC) No 1907/2006 of the European Parliament and of the Council as regards polycyclic aromatic hydrocarbons (PAHs) in clay targets,C/2025/1881,"OJ L, 2025/660,  2.4.2025, ELI:http://data.europa.eu/eli/reg/2025/660/oj(BG, ES, CS, DA, DE, ET, EL, EN, FR, GA, HR, IT, LV, LT, HU, MT, NL, PL, PT, RO, SK, SL, FI, SV)",In force,32025R0660,"BG, ES, CS, DA, DE, ET, EL, EN, FR, GA, HR, IT, LV, LT, HU, MT, NL, PL, PT, RO, SK, SL, FI, SV",Regulation,"European Commission, Directorate-General for Internal Market, Industry, Entrepreneurship and SMEs",01/04/2025; Date of adoption,https://eur-lex.europa.eu/legal-content/AUTO/?uri=CELEX:32025R0660,422,,,3a572c50b6ed89d654e7b85af547a9b8d60ea517dfc0309079da3ec5e575a316
"Commission Implementing Regulation (EU) 2025/625 of 28 March 2025 establishing, pursuant to Regulation (EU) 2024/573 of the European Parliament and of the Council, minimum requirements for certificates of natural and legal persons and the conditions for the mutual recognition of such certificates as regards stationary fire protection equipment containing certain fluorinated greenhouse gases or relevant alternatives and repealing Commission Regulation (EC) No 304/2008",C/2025/1771,"OJ L, 2025/625,  31.3.2025, ELI:http://data.europa.eu/eli/reg_impl/2025/625/oj(BG, ES, CS, DA, DE, ET, EL, EN, FR, GA, HR, IT, LV, LT, HU, MT, NL, PL, PT, RO, SK, SL, FI, SV)",In force,32025R0625,"BG, ES, CS, DA, DE, ET, EL, EN, FR, GA, HR, IT, LV, LT, HU, MT, NL, PL, PT, RO, SK, SL, FI, SV",Implementing regulation,"European Commission, Directorate-General for Climate Action",28/03/2025; Date of adoption,https://eur-lex.europa.eu/legal-content/AUTO/?uri=CELEX:32025R0625,422,,,2a15b7fdacfe29a077c2d1e9a1c35bd115c7c49a65d6a5489ca56db3da43ade2
Directive (EU) 2024/3101 of the European Parliament and of the Council of 27 November 2024 amending Directive 2005/35/EC as regards ship-source pollution and on the introduction of administrative penalties for infringements (Text with EEA relevance),PE/91/2024/REV/1,"OJ L, 2024/3101,  16.12.2024, ELI:http://data.europa.eu/eli/dir/2024/3101/oj(BG, ES, CS, DA, DE, ET, EL, EN, FR, GA, HR, IT, LV, LT, HU, MT, NL, PL, PT, RO, SK, SL, FI, SV)",In force,32024L3101,"BG, ES, CS, DA, DE, ET, EL, EN, FR, GA, HR, IT, LV, LT, HU, MT, NL, PL, PT, RO, SK, SL, FI, SV",Directive,"European Parliament, Council of the European Union",27/11/2024,https://eur-lex.europa.eu/legal-content/AUTO/?uri=CELEX:32024L3101,425,,,6814bc24bc373a6e22c40c92342ef368217d64c1c1553a64627e2101ef573d85
Directive (EU) 2024/3101 of the European Parliament and of the Council of 27 November 2024 amending Directive 2005/35/EC as regards ship-source pollution and on the introduction of administrative penalties for infringements (Text with EEA relevance),PE/91/2024/REV/1,"OJ L, 2024/3101,  16.12.2024, ELI:http://data.europa.eu/eli/dir/2024/3101/oj(BG, ES, CS, DA, DE, ET, EL, EN, FR, GA, HR, IT, LV, LT, HU, MT, NL, PL, PT, RO, SK, SL, FI, SV)",In force,32024L3101,"BG, ES, CS, DA, DE, ET, EL, EN, FR, GA, HR, IT, LV, LT, HU, MT, NL, PL, PT, RO, SK, SL, FI, SV",Directive,"European Parliament, Council of the European Union",27/11/2024,https://eur-lex.europa.eu/legal-content/AUTO/?uri=CELEX:32024L3101,427,,,6814bc24bc373a6e22c40c92342ef368217d64c1c1553a64627e2101ef573d85
Commission Regulation (EU) 2025/2181 of 29 October 2025 amending Regulation (EU) No 142/2011 as regards requirements for the import of used cooking oil,C/2025/7212,"OJ L, 2025/2181,  30.10.2025, ELI:http://data.europa.eu/eli/reg/2025/2181/oj(BG, ES, CS, DA, DE, ET, EL, EN, FR, GA, HR, IT, LV, LT, HU, MT, NL, PL, PT, RO, SK, SL, FI, SV)",Date of entry into force unknown (pending notification) or not yet in force.,32025R2181,"BG, ES, CS, DA, DE, ET, EL, EN, FR, GA, HR, IT, LV, LT, HU, MT, NL, PL, PT, RO, SK, SL, FI, SV",Regulation,"European Commission, Directorate-General for Health and Food Safety",29/10/2025; Date of adoption,https://eur-lex.europa.eu/legal-content/AUTO/?uri=CELEX:32025R2181,442,,,d50737adda5b38d3de8bf26ea476530c3f2228a9259a428c2ce6d9dea6de1e96
Commission Implementing Regulation (EU) 2024/806 of 7 March 2024 concerning the authorisation of pine tincture from Pinus sylvestris L. as a feed additive for all animal species,C/2024/1404,"OJ L, 2024/806,  8.3.2024, ELI:http://data.europa.eu/eli/reg_impl/2024/806/oj(BG, ES, CS, DA, DE, ET, EL, EN, FR, GA, HR, IT, LV, LT, HU, MT, NL, PL, PT, RO, SK, SL, FI, SV)",In force,32024R0806,"BG, ES, CS, DA, DE, ET, EL, EN, FR, GA, HR, IT, LV, LT, HU, MT, NL, PL, PT, RO, SK, SL, FI, SV",Implementing regulation,"European Commission, Directorate-General for Health and Food Safety",07/03/2024; Date of adoption,https://eur-lex.europa.eu/legal-content/AUTO/?uri=CELEX:32024R0806,461,,,448b5b54682497654c3136e97d156a59fd97663799bb237a5e31f9c081f31d1e
Commission Implementing Regulation (EU) 2024/806 of 7 March 2024 concerning the authorisation of pine tincture from Pinus sylvestris L. as a feed additive for all animal species,C/2024/1404,"OJ L, 2024/806,  8.3.2024, ELI:http://data.europa.eu/eli/reg_impl/2024/806/oj(BG, ES, CS, DA, DE, ET, EL, EN, FR, GA, HR, IT, LV, LT, HU, MT, NL, PL, PT, RO, SK, SL, FI, SV)",In force,32024R0806,"BG, ES, CS, DA, DE, ET, EL, EN, FR, GA, HR, IT, LV, LT, HU, MT, NL, PL, PT, RO, SK, SL, FI, SV",Implementing regulation,"European Commission, Directorate-General for Health and Food Safety",07/03/2024; Date of adoption,https://eur-lex.europa.eu/legal-content/AUTO/?uri=CELEX:32024R0806,463,,,448b5b54682497654c3136e97d156a59fd97663799bb237a5e31f9c081f31d1e
Commission Implementing Decision (EU) 2025/462 of 11 March 2025 on the recognition of the US Soybean Sustainability Assurance Protocol (SSAP) voluntary scheme for demonstrating compliance with the requirements for agricultural biomass set out in Directive (EU) 2018/2001 of the European Parliament and of the Council,C/2025/1472,"OJ L, 2025/462,  12.3.2025, ELI:http://data.europa.eu/eli/dec_impl/2025/462/oj(BG, ES, CS, DA, DE, ET, EL, EN, FR, GA, HR, IT, LV, LT, HU, MT, NL, PL, PT, RO, SK, SL, FI, SV)",In force,32025D0462,"BG, ES, CS, DA, DE, ET, EL, EN, FR, GA, HR, IT, LV, LT, HU, MT, NL, PL, PT, RO, SK, SL, FI, SV",Implementing decision,"European Commission, Directorate-General for Energy",11/03/2025; Date of adoption,https://eur-lex.europa.eu/legal-content/AUTO/?uri=CELEX:32025D0462,466,,,f8a15e16edf52ef8b4133995cf6d30cafd9448e21aad3422508d7b1272efe04b
"Commission Implementing Regulation (EU) 2024/1696 of 19 June 2024 withdrawing the approval of the active substance acibenzolar-S-methyl in accordance with Regulation (EC) No 1107/2009 of the European Parliament and of the Council, amending Commission Implementing Regulation (EU) No 540/2011 and repealing Commission Implementing Regulation (EU) 2016/389",C/2024/4005,"OJ L, 2024/1696,  20.6.2024, ELI:http://data.europa.eu/eli/reg_impl/2024/1696/oj(BG, ES, CS, DA, DE, ET, EL, EN, FR, GA, HR, IT, LV, LT, HU, MT, NL, PL, PT, RO, SK, SL, FI, SV)",In force,32024R1696,"BG, ES, CS, DA, DE, ET, EL, EN, FR, GA, HR, IT, LV, LT, HU, MT, NL, PL, PT, RO, SK, SL, FI, SV",Implementing regulation,"European Commission, Directorate-General for Health and Food Safety",19/06/2024; Date of adoption,https://eur-lex.europa.eu/legal-content/AUTO/?uri=CELEX:32024R1696,471,,,d58c405d1e6a509e9a4f09042594473a908483e0dc6fcf0d70969ab3b2799120
"Commission Implementing Regulation (EU) 2024/794 of 5 March 2024 concerning the authorisation of a preparation of endo-1,4-beta-xylanase produced by Komagataella phaffii CGMCC 7.371 as a feed additive for all avian species and piglets of all Suidae species (holder of authorisation: Victory Enzymes GmbH)",C/2024/1342,"OJ L, 2024/794,  6.3.2024, ELI:http://data.europa.eu/eli/reg_impl/2024/794/oj(BG, ES, CS, DA, DE, ET, EL, EN, FR, GA, HR, IT, LV, LT, HU, MT, NL, PL, PT, RO, SK, SL, FI, SV)",In force,32024R0794,"BG, ES, CS, DA, DE, ET, EL, EN, FR, GA, HR, IT, LV, LT, HU, MT, NL, PL, PT, RO, SK, SL, FI, SV",Implementing regulation,"European Commission, Directorate-General for Health and Food Safety",05/03/2024; Date of adoption,https://eur-lex.europa.eu/legal-content/AUTO/?uri=CELEX:32024R0794,475,,,33d04d96df535dd0a6a65d9494543b5d59c0178b8de7c5332f4ded91e59cac81
"Commission Implementing Regulation (EU) 2025/1088 of 2 June 2025 amending Implementing Regulation (EU) 2018/2019 as regards certain plants for planting of Alnus cordata, Alnus glutinosa and Alnus incana originating in the United Kingdom and Implementing Regulation (EU) 2020/1213 as regards the phytosanitary measures for the introduction of those plants for planting into the Union territory",C/2025/3324,"OJ L, 2025/1088,  3.6.2025, ELI:http://data.europa.eu/eli/reg_impl/2025/1088/oj(BG, ES, CS, DA, DE, ET, EL, EN, FR, GA, HR, IT, LV, LT, HU, MT, NL, PL, PT, RO, SK, SL, FI, SV)",In force,32025R1088,"BG, ES, CS, DA, DE, ET, EL, EN, FR, GA, HR, IT, LV, LT, HU, MT, NL, PL, PT, RO, SK, SL, FI, SV",Implementing regulation,"European Commission, Directorate-General for Health and Food Safety",02/06/2025; Date of adoption,https://eur-lex.europa.eu/legal-content/AUTO/?uri=CELEX:32025R1088,478,,,017e3c42afa539ff0d7b173391fc557ff4fd88cf5f1907e88bd39be40c882c31
"Commission Implementing Regulation (EU) 2025/312 of 14 February 2025 amending Implementing Regulation (EU) 2018/2019 as regards certain plants for planting of Betula pendula and Betula pubescens, originating in the United Kingdom",C/2025/918,"OJ L, 2025/312,  17.2.2025, ELI:http://data.europa.eu/eli/reg_impl/2025/312/oj(BG, ES, CS, DA, DE, ET, EL, EN, FR, GA, HR, IT, LV, LT, HU, MT, NL, PL, PT, RO, SK, SL, FI, SV)",In force,32025R0312,"BG, ES, CS, DA, DE, ET, EL, EN, FR, GA, HR, IT, LV, LT, HU, MT, NL, PL, PT, RO, SK, SL, FI, SV",Implementing regulation,"European Commission, Directorate-General for Health and Food Safety",14/02/2025; Date of adoption,https://eur-lex.europa.eu/legal-content/AUTO/?uri=CELEX:32025R0312,478,,,8500648f0d592581b0a865754097834ca9f851cc4acec57a7fc084e79f4b2bad
"Commission Implementing Regulation (EU) 2024/2931 of 27 November 2024 amending Implementing Regulation (EU) 2018/2019 as regards certain plants for planting of Prunus avium, Prunus canescens, Prunus cerasus, Prunus pseudocerasus and Prunus spinosa originating in the United Kingdom, and Implementing Regulation (EU) 2020/1213 as regards the phytosanitary measures for the introduction of those plants for planting into the Union",C/2024/8289,"OJ L, 2024/2931,  28.11.2024, ELI:http://data.europa.eu/eli/reg_impl/2024/2931/oj(BG, ES, CS, DA, DE, ET, EL, EN, FR, GA, HR, IT, LV, LT, HU, MT, NL, PL, PT, RO, SK, SL, FI, SV)",In force,32024R2931,"BG, ES, CS, DA, DE, ET, EL, EN, FR, GA, HR, IT, LV, LT, HU, MT, NL, PL, PT, RO, SK, SL, FI, SV",Implementing regulation,"European Commission, Directorate-General for Health and Food Safety",27/11/2024; Date of adoption,https://eur-lex.europa.eu/legal-content/AUTO/?uri=CELEX:32024R2931,478,,,02702f444aa7e6644518832a7656928f4586a1cce2e089b9404e7c795129d3b8
"Commission Implementing Regulation (EU) 2024/1958 of 17 July 2024 amending Implementing Regulation (EU) 2018/2019 as regards plants for planting of Tilia cordata L. and Tilia platyphyllos L., originating in the United Kingdom",C/2024/4931,"OJ L, 2024/1958,  18.7.2024, ELI:http://data.europa.eu/eli/reg_impl/2024/1958/oj(BG, ES, CS, DA, DE, ET, EL, EN, FR, GA, HR, IT, LV, LT, HU, MT, NL, PL, PT, RO, SK, SL, FI, SV)",In force,32024R1958,"BG, ES, CS, DA, DE, ET, EL, EN, FR, GA, HR, IT, LV, LT, HU, MT, NL, PL, PT, RO, SK, SL, FI, SV",Implementing regulation,"European Commission, Directorate-General for Health and Food Safety",17/07/2024; Date of adoption,https://eur-lex.europa.eu/legal-content/AUTO/?uri=CELEX:32024R1958,478,,,ab3a2281e8a10125f5a764ebcb636b36f06062a02498fd9a0ae1dab2f223644e
"Commission Implementing Regulation (EU) 2024/1457 of 27 May 2024 amending Implementing Regulation (EU) 2018/2019 as regards certain plants for planting of Prunus persica, Prunus dulcis, Prunus armeniaca and Prunus davidiana originating in Türkiye and Implementing Regulation (EU) 2020/1213 as regards the phytosanitary measures for the introduction of those plants for planting into the Union territory",C/2024/3385,"OJ L, 2024/1457,  29.5.2024, ELI:http://data.europa.eu/eli/reg_impl/2024/1457/oj(BG, ES, CS, DA, DE, ET, EL, EN, FR, GA, HR, IT, LV, LT, HU, MT, NL, PL, PT, RO, SK, SL, FI, SV)",In force,32024R1457,"BG, ES, CS, DA, DE, ET, EL, EN, FR, GA, HR, IT, LV, LT, HU, MT, NL, PL, PT, RO, SK, SL, FI, SV",Implementing regulation,"European Commission, Directorate-General for Health and Food Safety",27/05/2024; Date of adoption,https://eur-lex.europa.eu/legal-content/AUTO/?uri=CELEX:32024R1457,478,,,062b9a6cdea5e962ebd9766da0fd383f09156ea69995ccd3926f3471b2826bbe
Commission Implementing Regulation (EU) 2024/1162 of 22 April 2024 amending Implementing Regulation (EU) 2018/2019 as regards certain plants for planting of Malus domestica and certain plants for planting of Berberis thunbergii originating in Türkiye and amending Implementing Regulation (EU) 2020/1213 as regards the phytosanitary measures for the introduction of the Malus domestica plants for planting into the Union territory,C/2024/2540,"OJ L, 2024/1162,  23.4.2024, ELI:http://data.europa.eu/eli/reg_impl/2024/1162/oj(BG, ES, CS, DA, DE, ET, EL, EN, FR, GA, HR, IT, LV, LT, HU, MT, NL, PL, PT, RO, SK, SL, FI, SV)",In force,32024R1162,"BG, ES, CS, DA, DE, ET, EL, EN, FR, GA, HR, IT, LV, LT, HU, MT, NL, PL, PT, RO, SK, SL, FI, SV",Implementing regulation,"European Commission, Directorate-General for Health and Food Safety",22/04/2024; Date of adoption,https://eur-lex.europa.eu/legal-content/AUTO/?uri=CELEX:32024R1162,478,,,dd5e4080e39e46e76063e914defa6b3da3c405baf7de871099c0defc29650544
"Commission Implementing Regulation (EU) 2024/1457 of 27 May 2024 amending Implementing Regulation (EU) 2018/2019 as regards certain plants for planting of Prunus persica, Prunus dulcis, Prunus armeniaca and Prunus davidiana originating in Türkiye and Implementing Regulation (EU) 2020/1213 as regards the phytosanitary measures for the introduction of those plants for planting into the Union territory",C/2024/3385,"OJ L, 2024/1457,  29.5.2024, ELI:http://data.europa.eu/eli/reg_impl/2024/1457/oj(BG, ES, CS, DA, DE, ET, EL, EN, FR, GA, HR, IT, LV, LT, HU, MT, NL, PL, PT, RO, SK, SL, FI, SV)",In force,32024R1457,"BG, ES, CS, DA, DE, ET, EL, EN, FR, GA, HR, IT, LV, LT, HU, MT, NL, PL, PT, RO, SK, SL, FI, SV",Implementing regulation,"European Commission, Directorate-General for Health and Food Safety",27/05/2024; Date of adoption,https://eur-lex.europa.eu/legal-content/AUTO/?uri=CELEX:32024R1457,480,,,062b9a6cdea5e962ebd9766da0fd383f09156ea69995ccd3926f3471b2826bbe
Commission Implementing Regulation (EU) 2024/1162 of 22 April 2024 amending Implementing Regulation (EU) 2018/2019 as regards certain plants for planting of Malus domestica and certain plants for planting of Berberis thunbergii originating in Türkiye and amending Implementing Regulation (EU) 2020/1213 as regards the phytosanitary measures for the introduction of the Malus domestica plants for planting into the Union territory,C/2024/2540,"OJ L, 2024/1162,  23.4.2024, ELI:http://data.europa.eu/eli/reg_impl/2024/1162/oj(BG, ES, CS, DA, DE, ET, EL, EN, FR, GA, HR, IT, LV, LT, HU, MT, NL, PL, PT, RO, SK, SL, FI, SV)",In force,32024R1162,"BG, ES, CS, DA, DE, ET, EL, EN, FR, GA, HR, IT, LV, LT, HU, MT, NL, PL, PT, RO, SK, SL, FI, SV",Implementing regulation,"European Commission, Directorate-General for Health and Food Safety",22/04/2024; Date of adoption,https://eur-lex.europa.eu/legal-content/AUTO/?uri=CELEX:32024R1162,480,,,dd5e4080e39e46e76063e914defa6b3da3c405baf7de871099c0defc29650544
"Council Regulation (EU) 2025/669 of 31 March 2025 amending Regulation (EU) 2025/202 fixing for 2025 and 2026 the fishing opportunities for certain fish stocks, applicable in Union waters and, for Union fishing vessels, in certain non-Union waters",ST/6890/2025/INIT,"OJ L, 2025/669,  1.4.2025, ELI:http://data.europa.eu/eli/reg/2025/669/oj(BG, ES, CS, DA, DE, ET, EL, EN, FR, GA, HR, IT, LV, LT, HU, MT, NL, PL, PT, RO, SK, SL, FI, SV)",In force,32025R0669,"BG, ES, CS, DA, DE, ET, EL, EN, FR, GA, HR, IT, LV, LT, HU, MT, NL, PL, PT, RO, SK, SL, FI, SV",Regulation,Council of the European Union,31/03/2025; Date of adoption,https://eur-lex.europa.eu/legal-content/AUTO/?uri=CELEX:32025R0669,495,,,050aac2d51f76feb6f85f3617156064b80b95676eb1b5d6a45f5fc0d840f25f1
Commission Delegated Regulation (EU) 2024/3089 of 30 September 2024 amending Regulation (EU) 2019/1241 as regards measures to reduce incidental catches of common dolphin (Delphinus delphis) and other small cetaceans in the Bay of Biscay,C/2024/6800,"OJ L, 2024/3089,  9.12.2024, ELI:http://data.europa.eu/eli/reg_del/2024/3089/oj(BG, ES, CS, DA, DE, ET, EL, EN, FR, GA, HR, IT, LV, LT, HU, MT, NL, PL, PT, RO, SK, SL, FI, SV)",In force,32024R3089,"BG, ES, CS, DA, DE, ET, EL, EN, FR, GA, HR, IT, LV, LT, HU, MT, NL, PL, PT, RO, SK, SL, FI, SV",Delegated regulation,"European Commission, Directorate-General for Maritime Affairs and Fisheries",30/09/2024; Date of adoption,https://eur-lex.europa.eu/legal-content/AUTO/?uri=CELEX:32024R3089,497,,,fa56b3340dc5e2fc29c8d76119beb553d97d9e786bca7d0bb1234bef89bb6aab
"Commission Implementing Regulation (EU) 2025/1203 of 19 June 2025 granting a Union authorisation for the biocidal product family REPELLENT AGAINST FLEAS, TICKS, AND MOSQUITOES in accordance with Regulation (EU) No 528/2012 of the European Parliament and of the Council",C/2025/3834,"OJ L, 2025/1203,  20.6.2025, ELI:http://data.europa.eu/eli/reg_impl/2025/1203/oj(BG, ES, CS, DA, DE, ET, EL, EN, FR, GA, HR, IT, LV, LT, HU, MT, NL, PL, PT, RO, SK, SL, FI, SV)",In force,32025R1203,"BG, ES, CS, DA, DE, ET, EL, EN, FR, GA, HR, IT, LV, LT, HU, MT, NL, PL, PT, RO, SK, SL, FI, SV",Implementing regulation,"European Commission, Directorate-General for Health and Food Safety",19/06/2025; Date of adoption,https://eur-lex.europa.eu/legal-content/AUTO/?uri=CELEX:32025R1203,497,,,49d05bafc390b0717cc51b632c01199ff95106a66ce50337cbd6daa8046d8511
"Commission Implementing Decision (EU) 2024/2950 of 29 November 2024 postponing the expiry date of the approval of N,N-diethyl-meta-toluamide for use in biocidal products of product-type 19 in accordance with Regulation (EU) No 528/2012 of the European Parliament and of the Council",C/2024/8346,"OJ L, 2024/2950,  3.12.2024, ELI:http://data.europa.eu/eli/dec_impl/2024/2950/oj(BG, ES, CS, DA, DE, ET, EL, EN, FR, GA, HR, IT, LV, LT, HU, MT, NL, PL, PT, RO, SK, SL, FI, SV)",In force,32024D2950,"BG, ES, CS, DA, DE, ET, EL, EN, FR, GA, HR, IT, LV, LT, HU, MT, NL, PL, PT, RO, SK, SL, FI, SV",Implementing decision,"European Commission, Directorate-General for Health and Food Safety",29/11/2024; Date of adoption,https://eur-lex.europa.eu/legal-content/AUTO/?uri=CELEX:32024D2950,497,,,a6451e0a6588e00303a443731394d5aae6853fce5b54a02960680a0b3778d084
Commission Implementing Decision (EU) 2024/1283 of 13 May 2024 postponing the expiry date of the approval of cis-tricos-9-ene for use in biocidal products of product-type 19 in accordance with Regulation (EU) No 528/2012 of the European Parliament and of the Council,C/2024/2971,"OJ L, 2024/1283,  15.5.2024, ELI:http://data.europa.eu/eli/dec_impl/2024/1283/oj(BG, ES, CS, DA, DE, ET, EL, EN, FR, GA, HR, IT, LV, LT, HU, MT, NL, PL, PT, RO, SK, SL, FI, SV)",In force,32024D1283,"BG, ES, CS, DA, DE, ET, EL, EN, FR, GA, HR, IT, LV, LT, HU, MT, NL, PL, PT, RO, SK, SL, FI, SV",Implementing decision,"European Commission, Directorate-General for Health and Food Safety",13/05/2024; Date of adoption,https://eur-lex.europa.eu/legal-content/AUTO/?uri=CELEX:32024D1283,497,,,804f7a97361fba79d7fe26eca8677872aef70e46a32b79b1cf5568410901cd98
"Commission Implementing Regulation (EU) 2024/1056 of 10 April 2024 concerning the authorisation of riboflavin 5’-phosphate monosodium salt (vitamin B2), produced by Bacillus subtilis KCCM 10445, as a feed additive for all animal species",C/2024/2290,"OJ L, 2024/1056,  11.4.2024, ELI:http://data.europa.eu/eli/reg_impl/2024/1056/oj(BG, ES, CS, DA, DE, ET, EL, EN, FR, GA, HR, IT, LV, LT, HU, MT, NL, PL, PT, RO, SK, SL, FI, SV)",In force,32024R1056,"BG, ES, CS, DA, DE, ET, EL, EN, FR, GA, HR, IT, LV, LT, HU, MT, NL, PL, PT, RO, SK, SL, FI, SV",Implementing regulation,"European Commission, Directorate-General for Health and Food Safety",10/04/2024; Date of adoption,https://eur-lex.europa.eu/legal-content/AUTO/?uri=CELEX:32024R1056,497,,,1e58b16ac6ecdb24b3c3392e9f88716d1c3f8a7d50e2b91d1b57dc5a5ebdd055
Commission Implementing Regulation (EU) 2024/997 of 3 April 2024 concerning the authorisation of L-valine produced by Corynebacterium glutamicum CGMCC 18932 as a feed additive for all animal species,C/2024/1986,"OJ L, 2024/997,  4.4.2024, ELI:http://data.europa.eu/eli/reg_impl/2024/997/oj(BG, ES, CS, DA, DE, ET, EL, EN, FR, GA, HR, IT, LV, LT, HU, MT, NL, PL, PT, RO, SK, SL, FI, SV)",In force,32024R0997,"BG, ES, CS, DA, DE, ET, EL, EN, FR, GA, HR, IT, LV, LT, HU, MT, NL, PL, PT, RO, SK, SL, FI, SV",Implementing regulation,"European Commission, Directorate-General for Health and Food Safety",03/04/2024; Date of adoption,https://eur-lex.europa.eu/legal-content/AUTO/?uri=CELEX:32024R0997,497,,,4b1156902e306ae23476c23c75e955ee8f41216083721b39a98679fa9eda52c2
"Commission Implementing Decision (EU) 2024/2950 of 29 November 2024 postponing the expiry date of the approval of N,N-diethyl-meta-toluamide for use in biocidal products of product-type 19 in accordance with Regulation (EU) No 528/2012 of the European Parliament and of the Council",C/2024/8346,"OJ L, 2024/2950,  3.12.2024, ELI:http://data.europa.eu/eli/dec_impl/2024/2950/oj(BG, ES, CS, DA, DE, ET, EL, EN, FR, GA, HR, IT, LV, LT, HU, MT, NL, PL, PT, RO, SK, SL, FI, SV)",In force,32024D2950,"BG, ES, CS, DA, DE, ET, EL, EN, FR, GA, HR, IT, LV, LT, HU, MT, NL, PL, PT, RO, SK, SL, FI, SV",Implementing decision,"European Commission, Directorate-General for Health and Food Safety",29/11/2024; Date of adoption,https://eur-lex.europa.eu/legal-content/AUTO/?uri=CELEX:32024D2950,498,,,a6451e0a6588e00303a443731394d5aae6853fce5b54a02960680a0b3778d084
Commission Implementing Decision (EU) 2024/1283 of 13 May 2024 postponing the expiry date of the approval of cis-tricos-9-ene for use in biocidal products of product-type 19 in accordance with Regulation (EU) No 528/2012 of the European Parliament and of the Council,C/2024/2971,"OJ L, 2024/1283,  15.5.2024, ELI:http://data.europa.eu/eli/dec_impl/2024/1283/oj(BG, ES, CS, DA, DE, ET, EL, EN, FR, GA, HR, IT, LV, LT, HU, MT, NL, PL, PT, RO, SK, SL, FI, SV)",In force,32024D1283,"BG, ES, CS, DA, DE, ET, EL, EN, FR, GA, HR, IT, LV, LT, HU, MT, NL, PL, PT, RO, SK, SL, FI, SV",Implementing decision,"European Commission, Directorate-General for Health and Food Safety",13/05/2024; Date of adoption,https://eur-lex.europa.eu/legal-content/AUTO/?uri=CELEX:32024D1283,498,,,804f7a97361fba79d7fe26eca8677872aef70e46a32b79b1cf5568410901cd98
"Commission Implementing Regulation (EU) 2024/1056 of 10 April 2024 concerning the authorisation of riboflavin 5’-phosphate monosodium salt (vitamin B2), produced by Bacillus subtilis KCCM 10445, as a feed additive for all animal species",C/2024/2290,"OJ L, 2024/1056,  11.4.2024, ELI:http://data.europa.eu/eli/reg_impl/2024/1056/oj(BG, ES, CS, DA, DE, ET, EL, EN, FR, GA, HR, IT, LV, LT, HU, MT, NL, PL, PT, RO, SK, SL, FI, SV)",In force,32024R1056,"BG, ES, CS, DA, DE, ET, EL, EN, FR, GA, HR, IT, LV, LT, HU, MT, NL, PL, PT, RO, SK, SL, FI, SV",Implementing regulation,"European Commission, Directorate-General for Health and Food Safety",10/04/2024; Date of adoption,https://eur-lex.europa.eu/legal-content/AUTO/?uri=CELEX:32024R1056,498,,,1e58b16ac6ecdb24b3c3392e9f88716d1c3f8a7d50e2b91d1b57dc5a5ebdd055
Commission Implementing Regulation (EU) 2024/997 of 3 April 2024 concerning the authorisation of L-valine produced by Corynebacterium glutamicum CGMCC 18932 as a feed additive for all animal species,C/2024/1986,"OJ L, 2024/997,  4.4.2024, ELI:http://data.europa.eu/eli/reg_impl/2024/997/oj(BG, ES, CS, DA, DE, ET, EL, EN, FR, GA, HR, IT, LV, LT, HU, MT, NL, PL, PT, RO, SK, SL, FI, SV)",In force,32024R0997,"BG, ES, CS, DA, DE, ET, EL, EN, FR, GA, HR, IT, LV, LT, HU, MT, NL, PL, PT, RO, SK, SL, FI, SV",Implementing regulation,"European Commission, Directorate-General for Health and Food Safety",03/04/2024; Date of adoption,https://eur-lex.europa.eu/legal-content/AUTO/?uri=CELEX:32024R0997,498,,,4b1156902e306ae23476c23c75e955ee8f41216083721b39a98679fa9eda52c2
Commission Implementing Regulation (EU) 2025/1313 of 3 July 2025 amending Implementing Regulation (EU) 2023/1584 as regards the list of demarcated areas for containment of Popillia japonica Newman in Italy,C/2025/4321,"OJ L, 2025/1313,  4.7.2025, ELI:http://data.europa.eu/eli/reg_impl/2025/1313/oj(BG, ES, CS, DA, DE, ET, EL, EN, FR, GA, HR, IT, LV, LT, HU, MT, NL, PL, PT, RO, SK, SL, FI, SV)",In force,32025R1313,"BG, ES, CS, DA, DE, ET, EL, EN, FR, GA, HR, IT, LV, LT, HU, MT, NL, PL, PT, RO, SK, SL, FI, SV",Implementing regulation,"European Commission, Directorate-General for Health and Food Safety",03/07/2025; Date of adoption,https://eur-lex.europa.eu/legal-content/AUTO/?uri=CELEX:32025R1313,501,,,37bb092c04e1a803552e5a0adbd8246ce9ee71153e56d1db9a04b40616dbb30e
"Commission Implementing Regulation (EU) 2025/1076 of 2 June 2025 amending Implementing Regulation (EU) 2022/1372 as regards the period of application of the measures to prevent the entry into, the movement and spread within, the multiplication and release in the Union of Meloidogyne graminicola (Golden &amp; Birchfield)",C/2025/3306,"OJ L, 2025/1076,  3.6.2025, ELI:http://data.europa.eu/eli/reg_impl/2025/1076/oj(BG, ES, CS, DA, DE, ET, EL, EN, FR, GA, HR, IT, LV, LT, HU, MT, NL, PL, PT, RO, SK, SL, FI, SV)",In force,32025R1076,"BG, ES, CS, DA, DE, ET, EL, EN, FR, GA, HR, IT, LV, LT, HU, MT, NL, PL, PT, RO, SK, SL, FI, SV",Implementing regulation,"European Commission, Directorate-General for Health and Food Safety",02/06/2025; Date of adoption,https://eur-lex.europa.eu/legal-content/AUTO/?uri=CELEX:32025R1076,501,,,a71e37ce3354150ac1a7a652c5043f869b6aedd5d4bee0b93c302bf8a554047e
Commission Implementing Regulation (EU) 2024/377 of 25 January 2024 amending Implementing Regulation (EU) 2018/2019 as regards certain plants for planting of Malus domestica originating in Bosnia and Herzegovina,C/2024/378,"OJ L, 2024/377,  26.1.2024, ELI:http://data.europa.eu/eli/reg_impl/2024/377/oj(BG, ES, CS, DA, DE, ET, EL, EN, FR, GA, HR, IT, LV, LT, HU, MT, NL, PL, PT, RO, SK, SL, FI, SV)",In force,32024R0377,"BG, ES, CS, DA, DE, ET, EL, EN, FR, GA, HR, IT, LV, LT, HU, MT, NL, PL, PT, RO, SK, SL, FI, SV",Implementing regulation,"European Commission, Directorate-General for Health and Food Safety",25/01/2024; Date of adoption,https://eur-lex.europa.eu/legal-content/AUTO/?uri=CELEX:32024R0377,501,,,b1138beaed288eef1e65d625d6af33204fe5d13a0df7f2a271b2677f6afa0b87
Council Decision (EU) 2024/1677 of 30 May 2024 on the approval of the withdrawal of the European Atomic Energy Community from the Energy Charter Treaty,ST/6514/2024/INIT,"OJ L, 2024/1677,  13.6.2024, ELI:http://data.europa.eu/eli/dec/2024/1677/oj(BG, ES, CS, DA, DE, ET, EL, EN, FR, GA, HR, IT, LV, LT, HU, MT, NL, PL, PT, RO, SK, SL, FI, SV)",In force,32024D1677,"BG, ES, CS, DA, DE, ET, EL, EN, FR, GA, HR, IT, LV, LT, HU, MT, NL, PL, PT, RO, SK, SL, FI, SV",Decision,Council of the European Union,30/05/2024; Date of adoption,https://eur-lex.europa.eu/legal-content/AUTO/?uri=CELEX:32024D1677,503,,,307a0fc7fa864a4d3a9195494ee68c5a62bd0ea5fb2fdd2faf8d0ee92ebb55e1
"Commission Implementing Regulation (EU) 2024/1743 of 21 June 2024 concerning the authorisation of a preparation of endo-1,4-beta-mannanase produced with Thermothelomyces thermophilus DSM 33149 as a feed additive for all poultry species for fattening and ornamental birds (holder of authorisation: BASF SE)",C/2024/4182,"OJ L, 2024/1743,  24.6.2024, ELI:http://data.europa.eu/eli/reg_impl/2024/1743/oj(BG, ES, CS, DA, DE, ET, EL, EN, FR, GA, HR, IT, LV, LT, HU, MT, NL, PL, PT, RO, SK, SL, FI, SV)",In force,32024R1743,"BG, ES, CS, DA, DE, ET, EL, EN, FR, GA, HR, IT, LV, LT, HU, MT, NL, PL, PT, RO, SK, SL, FI, SV",Implementing regulation,"European Commission, Directorate-General for Health and Food Safety",21/06/2024; Date of adoption,https://eur-lex.europa.eu/legal-content/AUTO/?uri=CELEX:32024R1743,510,,,a1de7889173c5f6dbdd0b637c8207538ff0971b06996514d1d7b830fc5eee15b
Commission Implementing Decision (EU) 2024/816 of 5 March 2024 addressing questions regarding the second comparative assessment of anticoagulant rodenticide biocidal products in accordance with Article 23(5) of Regulation (EU) No 528/2012 of the European Parliament and of the Council,C/2024/1335,"OJ L, 2024/816,  7.3.2024, ELI:http://data.europa.eu/eli/dec_impl/2024/816/oj(BG, ES, CS, DA, DE, ET, EL, EN, FR, GA, HR, IT, LV, LT, HU, MT, NL, PL, PT, RO, SK, SL, FI, SV)",In force,32024D0816,"BG, ES, CS, DA, DE, ET, EL, EN, FR, GA, HR, IT, LV, LT, HU, MT, NL, PL, PT, RO, SK, SL, FI, SV",Implementing decision,"European Commission, Directorate-General for Health and Food Safety",05/03/2024; Date of adoption,https://eur-lex.europa.eu/legal-content/AUTO/?uri=CELEX:32024D0816,510,,,ef172f7b67be6d68b10c9191965be981ebebcae07c3d25bfc7ef6f883531fe70
Commission Implementing Decision (EU) 2024/732 of 28 February 2024 postponing the expiry date of the approval of aluminium phosphide for use in biocidal products of product-types 14 and 18 in accordance with Regulation (EU) No 528/2012 of the European Parliament and of the Council,C/2024/1178,"OJ L, 2024/732,  1.3.2024, ELI:http://data.europa.eu/eli/dec_impl/2024/732/oj(BG, ES, CS, DA, DE, ET, EL, EN, FR, GA, HR, IT, LV, LT, HU, MT, NL, PL, PT, RO, SK, SL, FI, SV)",In force,32024D0732,"BG, ES, CS, DA, DE, ET, EL, EN, FR, GA, HR, IT, LV, LT, HU, MT, NL, PL, PT, RO, SK, SL, FI, SV",Implementing decision,"European Commission, Directorate-General for Health and Food Safety",28/02/2024; Date of adoption,https://eur-lex.europa.eu/legal-content/AUTO/?uri=CELEX:32024D0732,510,,,bd9900c9f083b44c53151776d53e26583403892bbb22d0abcb4de8043a7a8a2d
Commission Implementing Regulation (EU) 2025/1127 of 6 June 2025 laying down rules for the application of Regulation (EU) 2023/1805 of the European Parliament and of the Council as regards of identifying neighbouring container transhipment ports,C/2025/3550,"OJ L, 2025/1127,  10.6.2025, ELI:http://data.europa.eu/eli/reg_impl/2025/1127/oj(BG, ES, CS, DA, DE, ET, EL, EN, FR, GA, HR, IT, LV, LT, HU, MT, NL, PL, PT, RO, SK, SL, FI, SV)",In force,32025R1127,"BG, ES, CS, DA, DE, ET, EL, EN, FR, GA, HR, IT, LV, LT, HU, MT, NL, PL, PT, RO, SK, SL, FI, SV",Implementing regulation,"European Commission, Directorate-General for Mobility and Transport",06/06/2025; Date of adoption,https://eur-lex.europa.eu/legal-content/AUTO/?uri=CELEX:32025R1127,517,,,436bdbeedb28b0b13f7bcc47450b5efd94052041abd1278222d452c3482c7747
"Commission Implementing Decision (EU) 2024/2420 of 13 September 2024 on a derogation from mutual recognition of an authorisation for the biocidal product URAGAN D2, containing hydrogen cyanide, by Hungary in accordance with Article 37 of Regulation (EU) No 528/2012 of the European Parliament and of the Council (notified under document C(2024) 6413)",C/2024/6413,"OJ L, 2024/2420,  16.9.2024, ELI:http://data.europa.eu/eli/dec_impl/2024/2420/oj(BG, ES, CS, DA, DE, ET, EL, EN, FR, GA, HR, IT, LV, LT, HU, MT, NL, PL, PT, RO, SK, SL, FI, SV)",In force,32024D2420,"BG, ES, CS, DA, DE, ET, EL, EN, FR, GA, HR, IT, LV, LT, HU, MT, NL, PL, PT, RO, SK, SL, FI, SV",Implementing decision,"European Commission, Directorate-General for Health and Food Safety",13/09/2024; Date of adoption,https://eur-lex.europa.eu/legal-content/AUTO/?uri=CELEX:32024D2420,525,,,30a62d0ff6d7493317d3c95062fe4f191f414492cbc123db0b95d00a523c171c
Commission Implementing Regulation (EU) 2025/86 of 20 January 2025 correcting Implementing Regulation (EU) 2024/2189 as regards the summary of the biocidal product characteristics,C/2025/167,"OJ L, 2025/86,  21.1.2025, ELI:http://data.europa.eu/eli/reg_impl/2025/86/oj(BG, ES, CS, DA, DE, ET, EL, EN, FR, GA, HR, IT, LV, LT, HU, MT, NL, PL, PT, RO, SK, SL, FI, SV)",In force,32025R0086,"BG, ES, CS, DA, DE, ET, EL, EN, FR, GA, HR, IT, LV, LT, HU, MT, NL, PL, PT, RO, SK, SL, FI, SV",Implementing regulation,"European Commission, Directorate-General for Health and Food Safety",20/01/2025; Date of adoption,https://eur-lex.europa.eu/legal-content/AUTO/?uri=CELEX:32025R0086,526,,,f0745da1909d0af353b02bdbcaf3fa3266e27ef7ee0c5d6269d105129cb986ce
Commission Implementing Regulation (EU) 2024/1885 of 9 July 2024 cancelling the Union authorisation for the biocidal product family Lyso IPA Surface Disinfection in accordance with Regulation (EU) No 528/2012 of the European Parliament and of the Council and repealing Commission Implementing Regulation (EU) 2021/978,C/2024/4710,"OJ L, 2024/1885,  10.7.2024, ELI:http://data.europa.eu/eli/reg_impl/2024/1885/oj(BG, ES, CS, DA, DE, ET, EL, EN, FR, GA, HR, IT, LV, LT, HU, MT, NL, PL, PT, RO, SK, SL, FI, SV)",In force,32024R1885,"BG, ES, CS, DA, DE, ET, EL, EN, FR, GA, HR, IT, LV, LT, HU, MT, NL, PL, PT, RO, SK, SL, FI, SV",Implementing regulation,"European Commission, Directorate-General for Health and Food Safety",09/07/2024; Date of adoption,https://eur-lex.europa.eu/legal-content/AUTO/?uri=CELEX:32024R1885,526,,,2da5e0470ce3e77cddbc0aa0faee223c6d92f7568853e5eab783ef11095ec6d5
Commission Implementing Regulation (EU) 2024/1752 of 24 June 2024 amending Implementing Regulation (EU) 2021/552 as regards administrative and minor changes to the Union authorisation for the biocidal product family DEC-AHOL® Product Family,C/2024/4218,"OJ L, 2024/1752,  25.6.2024, ELI:http://data.europa.eu/eli/reg_impl/2024/1752/oj(BG, ES, CS, DA, DE, ET, EL, EN, FR, GA, HR, IT, LV, LT, HU, MT, NL, PL, PT, RO, SK, SL, FI, SV)",In force,32024R1752,"BG, ES, CS, DA, DE, ET, EL, EN, FR, GA, HR, IT, LV, LT, HU, MT, NL, PL, PT, RO, SK, SL, FI, SV",Implementing regulation,"European Commission, Directorate-General for Health and Food Safety",24/06/2024; Date of adoption,https://eur-lex.europa.eu/legal-content/AUTO/?uri=CELEX:32024R1752,526,,,6076971211e067ebc3321948881944fb9b0679d9a7a27db46b749673bb49e8a9
Commission Implementing Regulation (EU) 2024/1885 of 9 July 2024 cancelling the Union authorisation for the biocidal product family Lyso IPA Surface Disinfection in accordance with Regulation (EU) No 528/2012 of the European Parliament and of the Council and repealing Commission Implementing Regulation (EU) 2021/978,C/2024/4710,"OJ L, 2024/1885,  10.7.2024, ELI:http://data.europa.eu/eli/reg_impl/2024/1885/oj(BG, ES, CS, DA, DE, ET, EL, EN, FR, GA, HR, IT, LV, LT, HU, MT, NL, PL, PT, RO, SK, SL, FI, SV)",In force,32024R1885,"BG, ES, CS, DA, DE, ET, EL, EN, FR, GA, HR, IT, LV, LT, HU, MT, NL, PL, PT, RO, SK, SL, FI, SV",Implementing regulation,"European Commission, Directorate-General for Health and Food Safety",09/07/2024; Date of adoption,https://eur-lex.europa.eu/legal-content/AUTO/?uri=CELEX:32024R1885,527,,,2da5e0470ce3e77cddbc0aa0faee223c6d92f7568853e5eab783ef11095ec6d5
Commission Implementing Regulation (EU) 2024/1752 of 24 June 2024 amending Implementing Regulation (EU) 2021/552 as regards administrative and minor changes to the Union authorisation for the biocidal product family DEC-AHOL® Product Family,C/2024/4218,"OJ L, 2024/1752,  25.6.2024, ELI:http://data.europa.eu/eli/reg_impl/2024/1752/oj(BG, ES, CS, DA, DE, ET, EL, EN, FR, GA, HR, IT, LV, LT, HU, MT, NL, PL, PT, RO, SK, SL, FI, SV)",In force,32024R1752,"BG, ES, CS, DA, DE, ET, EL, EN, FR, GA, HR, IT, LV, LT, HU, MT, NL, PL, PT, RO, SK, SL, FI, SV",Implementing regulation,"European Commission, Directorate-General for Health and Food Safety",24/06/2024; Date of adoption,https://eur-lex.europa.eu/legal-content/AUTO/?uri=CELEX:32024R1752,527,,,6076971211e067ebc3321948881944fb9b0679d9a7a27db46b749673bb49e8a9
Commission Implementing Regulation (EU) 2025/756 of 16 April 2025 concerning the authorisation of L-valine produced with Escherichia coli CGMCC 22721 as a feed additive for all animal species,C/2025/2241,"OJ L, 2025/756,  22.4.2025, ELI:http://data.europa.eu/eli/reg_impl/2025/756/oj(BG, ES, CS, DA, DE, ET, EL, EN, FR, GA, HR, IT, LV, LT, HU, MT, NL, PL, PT, RO, SK, SL, FI, SV)",In force,32025R0756,"BG, ES, CS, DA, DE, ET, EL, EN, FR, GA, HR, IT, LV, LT, HU, MT, NL, PL, PT, RO, SK, SL, FI, SV",Implementing regulation,"European Commission, Directorate-General for Health and Food Safety",16/04/2025; Date of adoption,https://eur-lex.europa.eu/legal-content/AUTO/?uri=CELEX:32025R0756,535,,,0cf0c7f0305de8fc839f83912f1caaabffda990d0503c00969435077be135fc0
Commission Implementing Regulation (EU) 2025/634 of 1 April 2025 concerning the authorisation of L-arginine produced with Escherichia coli CGMCC 7.401 as a feed additive for all animal species,C/2025/1891,"OJ L, 2025/634,  2.4.2025, ELI:http://data.europa.eu/eli/reg_impl/2025/634/oj(BG, ES, CS, DA, DE, ET, EL, EN, FR, GA, HR, IT, LV, LT, HU, MT, NL, PL, PT, RO, SK, SL, FI, SV)",In force,32025R0634,"BG, ES, CS, DA, DE, ET, EL, EN, FR, GA, HR, IT, LV, LT, HU, MT, NL, PL, PT, RO, SK, SL, FI, SV",Implementing regulation,"European Commission, Directorate-General for Health and Food Safety",01/04/2025; Date of adoption,https://eur-lex.europa.eu/legal-content/AUTO/?uri=CELEX:32025R0634,535,,,162e95a401faf286975c6164082a1bc6afd952d72fff849c8c6c7e87f333cb9a
Commission Implementing Regulation (EU) 2024/893 of 22 March 2024 approving thermally treated garlic juice as an existing active substance for use in biocidal products of product-type 19 in accordance with Regulation (EU) No 528/2012 of the European Parliament and of the Council,C/2024/496,"OJ L, 2024/893,  25.3.2024, ELI:http://data.europa.eu/eli/reg_impl/2024/893/oj(BG, ES, CS, DA, DE, ET, EL, EN, FR, GA, HR, IT, LV, LT, HU, MT, NL, PL, PT, RO, SK, SL, FI, SV)",In force,32024R0893,"BG, ES, CS, DA, DE, ET, EL, EN, FR, GA, HR, IT, LV, LT, HU, MT, NL, PL, PT, RO, SK, SL, FI, SV",Implementing regulation,"European Commission, Directorate-General for Health and Food Safety",22/03/2024; Date of adoption,https://eur-lex.europa.eu/legal-content/AUTO/?uri=CELEX:32024R0893,536,,,45c56e76961451cb70f0194e1d69a16a22e70115dddc0f6ffea09b2f2312ff31
Council Decision (EU) 2025/2090 of 10 October 2025 on the position to be taken on behalf of the European Union within the International Civil Aviation Organization as regards the notification of differences between Union law and the Second Edition of the International Standards and Recommended Practices on Environmental Protection – Carbon Offsetting and Reduction Scheme for International Aviation (CORSIA),ST/12835/2025/INIT,"OJ L, 2025/2090,  15.10.2025, ELI:http://data.europa.eu/eli/dec/2025/2090/oj(BG, ES, CS, DA, DE, ET, EL, EN, FR, GA, HR, IT, LV, LT, HU, MT, NL, PL, PT, RO, SK, SL, FI, SV)",In force,32025D2090,"BG, ES, CS, DA, DE, ET, EL, EN, FR, GA, HR, IT, LV, LT, HU, MT, NL, PL, PT, RO, SK, SL, FI, SV",Decision,Council of the European Union,10/10/2025; Date of adoption,https://eur-lex.europa.eu/legal-content/AUTO/?uri=CELEX:32025D2090,539,,,1080bb01f8c1c66de8185e60fbef7ed69773b4e816cce143a3cad5dfb17d9236
Commission Decision (EU) 2025/1050 of 19 May 2025 on the consistency of the performance targets included in the draft performance plan submitted by Hungary pursuant to Regulation (EC) No 549/2004 of the European Parliament and of the Council with the Union-wide performance targets for the fourth reference period of the Single European Sky performance and charging scheme (notified under document C(2025) 2919),C/2025/2919,"OJ L, 2025/1050,  28.5.2025, ELI:http://data.europa.eu/eli/dec/2025/1050/oj(BG, ES, CS, DA, DE, ET, EL, EN, FR, GA, HR, IT, LV, LT, HU, MT, NL, PL, PT, RO, SK, SL, FI, SV)",In force,32025D1050,"BG, ES, CS, DA, DE, ET, EL, EN, FR, GA, HR, IT, LV, LT, HU, MT, NL, PL, PT, RO, SK, SL, FI, SV",Decision,"European Commission, Directorate-General for Mobility and Transport",19/05/2025; Date of adoption,https://eur-lex.europa.eu/legal-content/AUTO/?uri=CELEX:32025D1050,540,,,42e90cfe4ea55cfd9e2c9ae80e39407a99aa83f3b2fbb87709c1677ee3105e18
Commission Decision (EU) 2025/1055 of 19 May 2025 on the consistency of the performance targets included in the draft performance plan submitted by Sweden pursuant to Regulation (EC) No 549/2004 of the European Parliament and of the Council with the Union-wide performance targets for the fourth reference period of the Single European Sky performance and charging scheme (notified under document C(2025) 2927),C/2025/2927,"OJ L, 2025/1055,  28.5.2025, ELI:http://data.europa.eu/eli/dec/2025/1055/oj(BG, ES, CS, DA, DE, ET, EL, EN, FR, GA, HR, IT, LV, LT, HU, MT, NL, PL, PT, RO, SK, SL, FI, SV)",In force,32025D1055,"BG, ES, CS, DA, DE, ET, EL, EN, FR, GA, HR, IT, LV, LT, HU, MT, NL, PL, PT, RO, SK, SL, FI, SV",Decision,"European Commission, Directorate-General for Mobility and Transport",19/05/2025; Date of adoption,https://eur-lex.europa.eu/legal-content/AUTO/?uri=CELEX:32025D1055,540,,,e5dbfb52f3100b836dd42fff01c2e4e5bd768eac81714652456d923f7eb758c5
Commission Decision (EU) 2025/1061 of 19 May 2025 on the consistency of the performance targets included in the draft performance plan submitted by Cyprus pursuant to Regulation (EC) No 549/2004 of the European Parliament and of the Council with the Union-wide performance targets for the fourth reference period of the Single European Sky performance and charging scheme (notified under document C(2025) 2926),C/2025/2926,"OJ L, 2025/1061,  28.5.2025, ELI:http://data.europa.eu/eli/dec/2025/1061/oj(BG, ES, CS, DA, DE, ET, EL, EN, FR, GA, HR, IT, LV, LT, HU, MT, NL, PL, PT, RO, SK, SL, FI, SV)",In force,32025D1061,"BG, ES, CS, DA, DE, ET, EL, EN, FR, GA, HR, IT, LV, LT, HU, MT, NL, PL, PT, RO, SK, SL, FI, SV",Decision,"European Commission, Directorate-General for Mobility and Transport",19/05/2025; Date of adoption,https://eur-lex.europa.eu/legal-content/AUTO/?uri=CELEX:32025D1061,540,,,68a595e1dc70bafea13fce650946e7e6873505d3c9437a84370f04102dd6665c
Commission Decision (EU) 2025/1060 of 19 May 2025 on the consistency of the performance targets included in the draft performance plan submitted by Malta pursuant to Regulation (EC) No 549/2004 of the European Parliament and of the Council with the Union-wide performance targets for the fourth reference period of the Single European Sky performance and charging scheme (notified under document C(2025) 2922),C/2025/2922,"OJ L, 2025/1060,  28.5.2025, ELI:http://data.europa.eu/eli/dec/2025/1060/oj(BG, ES, CS, DA, DE, ET, EL, EN, FR, GA, HR, IT, LV, LT, HU, MT, NL, PL, PT, RO, SK, SL, FI, SV)",In force,32025D1060,"BG, ES, CS, DA, DE, ET, EL, EN, FR, GA, HR, IT, LV, LT, HU, MT, NL, PL, PT, RO, SK, SL, FI, SV",Decision,"European Commission, Directorate-General for Mobility and Transport",19/05/2025; Date of adoption,https://eur-lex.europa.eu/legal-content/AUTO/?uri=CELEX:32025D1060,540,,,ff14ef295d53b6f44ef72035809e9d91b2252b367f1264184c88eded3e28fffc
Commission Decision (EU) 2025/1058 of 19 May 2025 on the consistency of the performance targets included in the draft performance plan submitted by Italy pursuant to Regulation (EC) No 549/2004 of the European Parliament and of the Council with the Union-wide performance targets for the fourth reference period of the Single European Sky performance and charging scheme (notified under document C(2025) 2928),C/2025/2928,"OJ L, 2025/1058,  28.5.2025, ELI:http://data.europa.eu/eli/dec/2025/1058/oj(BG, ES, CS, DA, DE, ET, EL, EN, FR, GA, HR, IT, LV, LT, HU, MT, NL, PL, PT, RO, SK, SL, FI, SV)",In force,32025D1058,"BG, ES, CS, DA, DE, ET, EL, EN, FR, GA, HR, IT, LV, LT, HU, MT, NL, PL, PT, RO, SK, SL, FI, SV",Decision,"European Commission, Directorate-General for Mobility and Transport",19/05/2025; Date of adoption,https://eur-lex.europa.eu/legal-content/AUTO/?uri=CELEX:32025D1058,540,,,a5fa5c7ce9115f69f6f0b99fcd524ec3bde12256e842c2101a8b156e469d8473
Commission Decision (EU) 2025/1053 of 19 May 2025 on the consistency of the performance targets included in the draft performance plan submitted by the Czech Republic pursuant to Regulation (EC) No 549/2004 of the European Parliament and of the Council with the Union-wide performance targets for the fourth reference period of the Single European Sky performance and charging scheme (notified under document C(2025) 2924),C/2025/2924,"OJ L, 2025/1053,  28.5.2025, ELI:http://data.europa.eu/eli/dec/2025/1053/oj(BG, ES, CS, DA, DE, ET, EL, EN, FR, GA, HR, IT, LV, LT, HU, MT, NL, PL, PT, RO, SK, SL, FI, SV)",In force,32025D1053,"BG, ES, CS, DA, DE, ET, EL, EN, FR, GA, HR, IT, LV, LT, HU, MT, NL, PL, PT, RO, SK, SL, FI, SV",Decision,"European Commission, Directorate-General for Mobility and Transport",19/05/2025; Date of adoption,https://eur-lex.europa.eu/legal-content/AUTO/?uri=CELEX:32025D1053,540,,,5c3ba2ed7478f50b56ef996fa53c9f059ce02f07be8f51b175d35e1b62856bb5
Commission Decision (EU) 2025/1059 of 19 May 2025 on the consistency of the performance targets included in the draft performance plan submitted by Portugal pursuant to Regulation (EC) No 549/2004 of the European Parliament and of the Council with the Union-wide performance targets for the fourth reference period of the Single European Sky performance and charging scheme (notified under document C(2025) 2929),C/2025/2929,"OJ L, 2025/1059,  28.5.2025, ELI:http://data.europa.eu/eli/dec/2025/1059/oj(BG, ES, CS, DA, DE, ET, EL, EN, FR, GA, HR, IT, LV, LT, HU, MT, NL, PL, PT, RO, SK, SL, FI, SV)",In force,32025D1059,"BG, ES, CS, DA, DE, ET, EL, EN, FR, GA, HR, IT, LV, LT, HU, MT, NL, PL, PT, RO, SK, SL, FI, SV",Decision,"European Commission, Directorate-General for Mobility and Transport",19/05/2025; Date of adoption,https://eur-lex.europa.eu/legal-content/AUTO/?uri=CELEX:32025D1059,540,,,b2ca4389a470619ae2021455d93fb9e0fed98bc02747352402d718409335fa35
Commission Implementing Decision (EU) 2025/1039 of 16 May 2025 on the inconsistency of certain performance targets included in the draft performance plan submitted by Switzerland pursuant to Regulation (EC) No 549/2004 of the European Parliament and of the Council with the Union-wide performance targets for the fourth reference period of the Single European Sky performance and charging scheme (notified under document C(2025) 2923),C/2025/2923,"OJ L, 2025/1039,  23.5.2025, ELI:http://data.europa.eu/eli/dec_impl/2025/1039/oj(BG, ES, CS, DA, DE, ET, EL, EN, FR, GA, HR, IT, LV, LT, HU, MT, NL, PL, PT, RO, SK, SL, FI, SV)",In force,32025D1039,"BG, ES, CS, DA, DE, ET, EL, EN, FR, GA, HR, IT, LV, LT, HU, MT, NL, PL, PT, RO, SK, SL, FI, SV",Implementing decision,"European Commission, Directorate-General for Mobility and Transport",16/05/2025; Date of adoption,https://eur-lex.europa.eu/legal-content/AUTO/?uri=CELEX:32025D1039,540,,,34949d9a453e32c3063d713997fea4962e23fa0737e1db1ba078ef9f525b674a
Commission Implementing Decision (EU) 2025/57 of 15 January 2025 establishing the format of information to be made available by the Member States for the purposes of reporting on the implementation of Directive (EU) 2015/2193 of the European Parliament and of the Council (notified under document C(2025) 81),C/2025/81,"OJ L, 2025/57,  16.1.2025, ELI:http://data.europa.eu/eli/dec_impl/2025/57/oj(BG, ES, CS, DA, DE, ET, EL, EN, FR, GA, HR, IT, LV, LT, HU, MT, NL, PL, PT, RO, SK, SL, FI, SV)",In force,32025D0057,"BG, ES, CS, DA, DE, ET, EL, EN, FR, GA, HR, IT, LV, LT, HU, MT, NL, PL, PT, RO, SK, SL, FI, SV",Implementing decision,"European Commission, Directorate-General for Environment",15/01/2025; Date of adoption,https://eur-lex.europa.eu/legal-content/AUTO/?uri=CELEX:32025D0057,540,,,ecac76f3b0f63d30d253c16cb8f813fa437fc0c705ec4f5a7152a4a45b63fef8
Directive (EU) 2024/3100 of the European Parliament and of the Council of 27 November 2024 amending Directive 2009/21/EC on compliance with flag State requirements (Text with EEA relevance),PE/83/2024/REV/1,"OJ L, 2024/3100,  16.12.2024, ELI:http://data.europa.eu/eli/dir/2024/3100/oj(BG, ES, CS, DA, DE, ET, EL, EN, FR, GA, HR, IT, LV, LT, HU, MT, NL, PL, PT, RO, SK, SL, FI, SV)",In force,32024L3100,"BG, ES, CS, DA, DE, ET, EL, EN, FR, GA, HR, IT, LV, LT, HU, MT, NL, PL, PT, RO, SK, SL, FI, SV",Directive,"European Parliament, Council of the European Union",27/11/2024,https://eur-lex.europa.eu/legal-content/AUTO/?uri=CELEX:32024L3100,540,,,7df7aa125c95b9a9f2602116910964fc38070654538659871fa421da73d9ff22
Commission Implementing Decision (EU) 2025/57 of 15 January 2025 establishing the format of information to be made available by the Member States for the purposes of reporting on the implementation of Directive (EU) 2015/2193 of the European Parliament and of the Council (notified under document C(2025) 81),C/2025/81,"OJ L, 2025/57,  16.1.2025, ELI:http://data.europa.eu/eli/dec_impl/2025/57/oj(BG, ES, CS, DA, DE, ET, EL, EN, FR, GA, HR, IT, LV, LT, HU, MT, NL, PL, PT, RO, SK, SL, FI, SV)",In force,32025D0057,"BG, ES, CS, DA, DE, ET, EL, EN, FR, GA, HR, IT, LV, LT, HU, MT, NL, PL, PT, RO, SK, SL, FI, SV",Implementing decision,"European Commission, Directorate-General for Environment",15/01/2025; Date of adoption,https://eur-lex.europa.eu/legal-content/AUTO/?uri=CELEX:32025D0057,541,,,ecac76f3b0f63d30d253c16cb8f813fa437fc0c705ec4f5a7152a4a45b63fef8
Directive (EU) 2024/3100 of the European Parliament and of the Council of 27 November 2024 amending Directive 2009/21/EC on compliance with flag State requirements (Text with EEA relevance),PE/83/2024/REV/1,"OJ L, 2024/3100,  16.12.2024, ELI:http://data.europa.eu/eli/dir/2024/3100/oj(BG, ES, CS, DA, DE, ET, EL, EN, FR, GA, HR, IT, LV, LT, HU, MT, NL, PL, PT, RO, SK, SL, FI, SV)",In force,32024L3100,"BG, ES, CS, DA, DE, ET, EL, EN, FR, GA, HR, IT, LV, LT, HU, MT, NL, PL, PT, RO, SK, SL, FI, SV",Directive,"European Parliament, Council of the European Union",27/11/2024,https://eur-lex.europa.eu/legal-content/AUTO/?uri=CELEX:32024L3100,541,,,7df7aa125c95b9a9f2602116910964fc38070654538659871fa421da73d9ff22
Commission Delegated Regulation (EU) 2024/1389 of 12 March 2024 amending Regulation (EU) 2023/2053 of the European Parliament and of the Council as regards the management of bluefin tuna in the eastern Atlantic and in the Mediterranean,C/2024/1504,"OJ L, 2024/1389,  22.5.2024, ELI:http://data.europa.eu/eli/reg_del/2024/1389/oj(BG, ES, CS, DA, DE, ET, EL, EN, FR, GA, HR, IT, LV, LT, HU, MT, NL, PL, PT, RO, SK, SL, FI, SV)",In force,32024R1389,"BG, ES, CS, DA, DE, ET, EL, EN, FR, GA, HR, IT, LV, LT, HU, MT, NL, PL, PT, RO, SK, SL, FI, SV",Delegated regulation,"European Commission, Directorate-General for Maritime Affairs and Fisheries",12/03/2024; Date of adoption,https://eur-lex.europa.eu/legal-content/AUTO/?uri=CELEX:32024R1389,551,,,bba0edf36590571a14d55da8b52a84de702931d139d81c9488275613ffcbddf8
"Commission Implementing Regulation (EU) 2024/2185 of 3 September 2024 concerning the authorisation of a preparation of Bacillus subtilis FERM BP-07462, Enterococcus lactis FERM BP-10867 and Clostridium butyricum FERM BP-10866 as a feed additive for all poultry species for fattening, all poultry species reared for laying or breeding and ornamental birds (holder of authorisation: Toa Biopharma Co., Ltd.)",C/2024/5963,"OJ L, 2024/2185,  4.9.2024, ELI:http://data.europa.eu/eli/reg_impl/2024/2185/oj(BG, ES, CS, DA, DE, ET, EL, EN, FR, GA, HR, IT, LV, LT, HU, MT, NL, PL, PT, RO, SK, SL, FI, SV)",In force,32024R2185,"BG, ES, CS, DA, DE, ET, EL, EN, FR, GA, HR, IT, LV, LT, HU, MT, NL, PL, PT, RO, SK, SL, FI, SV",Implementing regulation,"European Commission, Directorate-General for Health and Food Safety",03/09/2024; Date of adoption,https://eur-lex.europa.eu/legal-content/AUTO/?uri=CELEX:32024R2185,552,,,083023b26a60fb262f26f6cbdcc74bac49917a29937f0569d61ceb39d89f85f2
Commission Implementing Regulation (EU) 2024/1057 of 10 April 2024 concerning the authorisation of a preparation of 6-phytase produced by Komagataella phaffii CGMCC 7.19 as a feed additive for all poultry species for fattening or reared for laying and ornamental birds (holder of authorisation: Nutrex N.V.),C/2024/2292,"OJ L, 2024/1057,  11.4.2024, ELI:http://data.europa.eu/eli/reg_impl/2024/1057/oj(BG, ES, CS, DA, DE, ET, EL, EN, FR, GA, HR, IT, LV, LT, HU, MT, NL, PL, PT, RO, SK, SL, FI, SV)",In force,32024R1057,"BG, ES, CS, DA, DE, ET, EL, EN, FR, GA, HR, IT, LV, LT, HU, MT, NL, PL, PT, RO, SK, SL, FI, SV",Implementing regulation,"European Commission, Directorate-General for Health and Food Safety",10/04/2024; Date of adoption,https://eur-lex.europa.eu/legal-content/AUTO/?uri=CELEX:32024R1057,552,,,91f17dae68926782f5dd6b923f4b2bdd6e06682c5e70f73efba7296bd8cf7540
"Commission Delegated Regulation (EU) 2025/656 of 2 April 2025 amending Regulation (EU) 2023/1804 of the European Parliament and of the Council as regards standards for wireless recharging, electric road system, vehicle-to-grid communication and hydrogen supply for road transport vehicles",C/2025/1918,"OJ L, 2025/656,  18.6.2025, ELI:http://data.europa.eu/eli/reg_del/2025/656/oj(BG, ES, CS, DA, DE, ET, EL, EN, FR, GA, HR, IT, LV, LT, HU, MT, NL, PL, PT, RO, SK, SL, FI, SV)",In force,32025R0656,"BG, ES, CS, DA, DE, ET, EL, EN, FR, GA, HR, IT, LV, LT, HU, MT, NL, PL, PT, RO, SK, SL, FI, SV",Delegated regulation,"European Commission, Directorate-General for Mobility and Transport",02/04/2025; Date of adoption,https://eur-lex.europa.eu/legal-content/AUTO/?uri=CELEX:32025R0656,554,,,60a27b6cb8489b18a884acd778965e451cad81c9b0e80b33d80858082f46158b
"Regulation (EU) 2024/2865 of the European Parliament and of the Council of 23 October 2024 amending Regulation (EC) No 1272/2008 on classification, labelling and packaging of substances and mixtures (Text with EEA relevance)",PE/108/2023/REV/1,"OJ L, 2024/2865,  20.11.2024, ELI:http://data.europa.eu/eli/reg/2024/2865/oj(BG, ES, CS, DA, DE, ET, EL, EN, FR, GA, HR, IT, LV, LT, HU, MT, NL, PL, PT, RO, SK, SL, FI, SV)",In force,32024R2865,"BG, ES, CS, DA, DE, ET, EL, EN, FR, GA, HR, IT, LV, LT, HU, MT, NL, PL, PT, RO, SK, SL, FI, SV",Regulation,"European Parliament, Council of the European Union",23/10/2024,https://eur-lex.europa.eu/legal-content/AUTO/?uri=CELEX:32024R2865,561,,,36f78cce539e93fee4bf1605a60c8571380e270a36ce0ce88bbd72533c78d14b
"Regulation (EU) 2024/1849 of the European Parliament and of the Council of 13 June 2024 amending Regulation (EU) 2017/852 on mercury as regards dental amalgam and other mercury-added products subject to export, import and manufacturing restrictions (Text with EEA relevance)",PE/53/2024/REV/1,"OJ L, 2024/1849,  10.7.2024, ELI:http://data.europa.eu/eli/reg/2024/1849/oj(BG, ES, CS, DA, DE, ET, EL, EN, FR, GA, HR, IT, LV, LT, HU, MT, NL, PL, PT, RO, SK, SL, FI, SV)",In force,32024R1849,"BG, ES, CS, DA, DE, ET, EL, EN, FR, GA, HR, IT, LV, LT, HU, MT, NL, PL, PT, RO, SK, SL, FI, SV",Regulation,"European Parliament, Council of the European Union",13/06/2024,https://eur-lex.europa.eu/legal-content/AUTO/?uri=CELEX:32024R1849,561,,,8d89a4e5a9e7c53604c7edbdce41a20d748cb5e6caaa968f2536c49afbafe3ad
"Commission Implementing Regulation (EU) 2025/1260 of 26 June 2025 approving peracetic acid generated from 1,3-diacetyloxypropan-2-yl acetate and hydrogen peroxide as an existing active substance for use in biocidal products of product-type 2 in accordance with Regulation (EU) No 528/2012 of the European Parliament and of the Council",C/2025/4007,"OJ L, 2025/1260,  27.6.2025, ELI:http://data.europa.eu/eli/reg_impl/2025/1260/oj(BG, ES, CS, DA, DE, ET, EL, EN, FR, GA, HR, IT, LV, LT, HU, MT, NL, PL, PT, RO, SK, SL, FI, SV)",In force,32025R1260,"BG, ES, CS, DA, DE, ET, EL, EN, FR, GA, HR, IT, LV, LT, HU, MT, NL, PL, PT, RO, SK, SL, FI, SV",Implementing regulation,"European Commission, Directorate-General for Health and Food Safety",26/06/2025; Date of adoption,https://eur-lex.europa.eu/legal-content/AUTO/?uri=CELEX:32025R1260,563,,,d5a293ae0e4abd8873a444758f1a538616be70ad25d66595130d0dec1eed7607
Commission Implementing Regulation (EU) 2025/1116 of 12 June 2025 granting a Union authorisation for the biocidal product family PAA family UCO Group in accordance with Regulation (EU) No 528/2012 of the European Parliament and of the Council,C/2025/3646,"OJ L, 2025/1116,  18.6.2025, ELI:http://data.europa.eu/eli/reg_impl/2025/1116/oj(BG, ES, CS, DA, DE, ET, EL, EN, FR, GA, HR, IT, LV, LT, HU, MT, NL, PL, PT, RO, SK, SL, FI, SV)",In force,32025R1116,"BG, ES, CS, DA, DE, ET, EL, EN, FR, GA, HR, IT, LV, LT, HU, MT, NL, PL, PT, RO, SK, SL, FI, SV",Implementing regulation,"European Commission, Directorate-General for Health and Food Safety",12/06/2025; Date of adoption,https://eur-lex.europa.eu/legal-content/AUTO/?uri=CELEX:32025R1116,563,,,1f36374d4fc683ef4262add250c7da46c00d4a3a067f7dc209a60c697c33788d
Commission Implementing Decision (EU) 2025/1074 of 2 June 2025 not approving ethylene oxide as an existing active substance for use in biocidal products of product-type 2 in accordance with Regulation (EU) No 528/2012 of the European Parliament and of the Council,C/2025/3323,"OJ L, 2025/1074,  3.6.2025, ELI:http://data.europa.eu/eli/dec_impl/2025/1074/oj(BG, ES, CS, DA, DE, ET, EL, EN, FR, GA, HR, IT, LV, LT, HU, MT, NL, PL, PT, RO, SK, SL, FI, SV)",In force,32025D1074,"BG, ES, CS, DA, DE, ET, EL, EN, FR, GA, HR, IT, LV, LT, HU, MT, NL, PL, PT, RO, SK, SL, FI, SV",Implementing decision,"European Commission, Directorate-General for Health and Food Safety",02/06/2025; Date of adoption,https://eur-lex.europa.eu/legal-content/AUTO/?uri=CELEX:32025D1074,563,,,54a24e459c2fc8f7d4f3efcac0bcb62aaeb95aba56f434e8ea1d9093e83b7917
Commission Implementing Regulation (EU) 2025/455 of 7 March 2025 granting a Union authorisation for the single biocidal product SatPax® 70/30 IPA in accordance with Regulation (EU) No 528/2012 of the European Parliament and of the Council,C/2025/1390,"OJ L, 2025/455,  10.3.2025, ELI:http://data.europa.eu/eli/reg_impl/2025/455/oj(BG, ES, CS, DA, DE, ET, EL, EN, FR, GA, HR, IT, LV, LT, HU, MT, NL, PL, PT, RO, SK, SL, FI, SV)",In force,32025R0455,"BG, ES, CS, DA, DE, ET, EL, EN, FR, GA, HR, IT, LV, LT, HU, MT, NL, PL, PT, RO, SK, SL, FI, SV",Implementing regulation,"European Commission, Directorate-General for Health and Food Safety",07/03/2025; Date of adoption,https://eur-lex.europa.eu/legal-content/AUTO/?uri=CELEX:32025R0455,563,,,44bdb391ab4cabc8de180e798193e72fba08e1a489a6efaa7f8784cdf17094f2
Commission Implementing Regulation (EU) 2024/2405 of 12 September 2024 cancelling the Union authorisation for the single biocidal product SchwabEX-Guard in accordance with Regulation (EU) No 528/2012 of the European Parliament and of the Council and repealing Commission Implementing Regulation (EU) 2022/114,C/2024/6371,"OJ L, 2024/2405,  13.9.2024, ELI:http://data.europa.eu/eli/reg_impl/2024/2405/oj(BG, ES, CS, DA, DE, ET, EL, EN, FR, GA, HR, IT, LV, LT, HU, MT, NL, PL, PT, RO, SK, SL, FI, SV)",In force,32024R2405,"BG, ES, CS, DA, DE, ET, EL, EN, FR, GA, HR, IT, LV, LT, HU, MT, NL, PL, PT, RO, SK, SL, FI, SV",Implementing regulation,"European Commission, Directorate-General for Health and Food Safety",12/09/2024; Date of adoption,https://eur-lex.europa.eu/legal-content/AUTO/?uri=CELEX:32024R2405,563,,,f51c789f8396600247ef82740a8a694624baa0426c8ba1823796e357d974b1f5
Commission Implementing Regulation (EU) 2024/2175 of 3 September 2024 granting a Union authorisation for the biocidal product family Contec Calcium Hypochlorite Product Family in accordance with Regulation (EU) No 528/2012 of the European Parliament and of the Council,C/2024/5991,"OJ L, 2024/2175,  4.9.2024, ELI:http://data.europa.eu/eli/reg_impl/2024/2175/oj(BG, ES, CS, DA, DE, ET, EL, EN, FR, GA, HR, IT, LV, LT, HU, MT, NL, PL, PT, RO, SK, SL, FI, SV)",In force,32024R2175,"BG, ES, CS, DA, DE, ET, EL, EN, FR, GA, HR, IT, LV, LT, HU, MT, NL, PL, PT, RO, SK, SL, FI, SV",Implementing regulation,"European Commission, Directorate-General for Health and Food Safety",03/09/2024; Date of adoption,https://eur-lex.europa.eu/legal-content/AUTO/?uri=CELEX:32024R2175,563,,,caa77e4508f2174b740ee9f694c560e81b753b9746fb0ed57ee8d96befa45b16
Commission Regulation (EU) 2024/2711 of 22 October 2024 amending Annexes II and V to Regulation (EC) No 396/2005 of the European Parliament and of the Council as regards maximum residue levels for thiacloprid in or on certain products,C/2024/7269,"OJ L, 2024/2711,  23.10.2024, ELI:http://data.europa.eu/eli/reg/2024/2711/oj(BG, ES, CS, DA, DE, ET, EL, EN, FR, GA, HR, IT, LV, LT, HU, MT, NL, PL, PT, RO, SK, SL, FI, SV)",In force,32024R2711,"BG, ES, CS, DA, DE, ET, EL, EN, FR, GA, HR, IT, LV, LT, HU, MT, NL, PL, PT, RO, SK, SL, FI, SV",Regulation,"European Commission, Directorate-General for Health and Food Safety",22/10/2024; Date of adoption,https://eur-lex.europa.eu/legal-content/AUTO/?uri=CELEX:32024R2711,565,,,848260df1fc3e7ec87290b11f2afd258d171a51d41d64ce570ab0d99ddbb674d
"Commission Implementing Regulation (EU) 2025/833 of 5 May 2025 renewing the approval of the active substance lenacil in accordance with Regulation (EC) No 1107/2009 of the European Parliament and of the Council, and amending Commission Implementing Regulations (EU) No 540/2011 and (EU) 2015/408",C/2025/2583,"OJ L, 2025/833,  6.5.2025, ELI:http://data.europa.eu/eli/reg_impl/2025/833/oj(BG, ES, CS, DA, DE, ET, EL, EN, FR, GA, HR, IT, LV, LT, HU, MT, NL, PL, PT, RO, SK, SL, FI, SV)",In force,32025R0833,"BG, ES, CS, DA, DE, ET, EL, EN, FR, GA, HR, IT, LV, LT, HU, MT, NL, PL, PT, RO, SK, SL, FI, SV",Implementing regulation,"European Commission, Directorate-General for Health and Food Safety",05/05/2025; Date of adoption,https://eur-lex.europa.eu/legal-content/AUTO/?uri=CELEX:32025R0833,572,,,32dbebe5e358b2655689817d4294b90af04cf86dbe079456abcd29be918943e4
Commission Implementing Regulation (EU) 2025/89 of 20 January 2025 authorising the placing on the market of UV-treated powder of whole Tenebrio molitor larvae (yellow mealworm) as a novel food and amending Implementing Regulation (EU) 2017/2470,C/2025/172,"OJ L, 2025/89,  21.1.2025, ELI:http://data.europa.eu/eli/reg_impl/2025/89/oj(BG, ES, CS, DA, DE, ET, EL, EN, FR, GA, HR, IT, LV, LT, HU, MT, NL, PL, PT, RO, SK, SL, FI, SV)",In force,32025R0089,"BG, ES, CS, DA, DE, ET, EL, EN, FR, GA, HR, IT, LV, LT, HU, MT, NL, PL, PT, RO, SK, SL, FI, SV",Implementing regulation,"European Commission, Directorate-General for Health and Food Safety",20/01/2025; Date of adoption,https://eur-lex.europa.eu/legal-content/AUTO/?uri=CELEX:32025R0089,575,,,85aeb8f5e2fb836378fcfda9898ebce3f27ac08478f5ca0046870aafdd435398
"Commission Implementing Decision (EU) 2024/1278 of 8 May 2024 postponing the expiry date of the approval of hydrogen cyanide for use in biocidal products of product-types 8, 14 and 18 in accordance with Regulation (EU) No 528/2012 of the European Parliament and of the Council",C/2024/2966,"OJ L, 2024/1278,  13.5.2024, ELI:http://data.europa.eu/eli/dec_impl/2024/1278/oj(BG, ES, CS, DA, DE, ET, EL, EN, FR, GA, HR, IT, LV, LT, HU, MT, NL, PL, PT, RO, SK, SL, FI, SV)",In force,32024D1278,"BG, ES, CS, DA, DE, ET, EL, EN, FR, GA, HR, IT, LV, LT, HU, MT, NL, PL, PT, RO, SK, SL, FI, SV",Implementing decision,"European Commission, Directorate-General for Health and Food Safety",08/05/2024; Date of adoption,https://eur-lex.europa.eu/legal-content/AUTO/?uri=CELEX:32024D1278,575,,,7e152788013b321dbff3b94fb6af97e40f4bca22a77f7bd0b885393269ce8e0b
Commission Implementing Regulation (EU) 2025/89 of 20 January 2025 authorising the placing on the market of UV-treated powder of whole Tenebrio molitor larvae (yellow mealworm) as a novel food and amending Implementing Regulation (EU) 2017/2470,C/2025/172,"OJ L, 2025/89,  21.1.2025, ELI:http://data.europa.eu/eli/reg_impl/2025/89/oj(BG, ES, CS, DA, DE, ET, EL, EN, FR, GA, HR, IT, LV, LT, HU, MT, NL, PL, PT, RO, SK, SL, FI, SV)",In force,32025R0089,"BG, ES, CS, DA, DE, ET, EL, EN, FR, GA, HR, IT, LV, LT, HU, MT, NL, PL, PT, RO, SK, SL, FI, SV",Implementing regulation,"European Commission, Directorate-General for Health and Food Safety",20/01/2025; Date of adoption,https://eur-lex.europa.eu/legal-content/AUTO/?uri=CELEX:32025R0089,578,,,85aeb8f5e2fb836378fcfda9898ebce3f27ac08478f5ca0046870aafdd435398
"Commission Implementing Decision (EU) 2024/1278 of 8 May 2024 postponing the expiry date of the approval of hydrogen cyanide for use in biocidal products of product-types 8, 14 and 18 in accordance with Regulation (EU) No 528/2012 of the European Parliament and of the Council",C/2024/2966,"OJ L, 2024/1278,  13.5.2024, ELI:http://data.europa.eu/eli/dec_impl/2024/1278/oj(BG, ES, CS, DA, DE, ET, EL, EN, FR, GA, HR, IT, LV, LT, HU, MT, NL, PL, PT, RO, SK, SL, FI, SV)",In force,32024D1278,"BG, ES, CS, DA, DE, ET, EL, EN, FR, GA, HR, IT, LV, LT, HU, MT, NL, PL, PT, RO, SK, SL, FI, SV",Implementing decision,"European Commission, Directorate-General for Health and Food Safety",08/05/2024; Date of adoption,https://eur-lex.europa.eu/legal-content/AUTO/?uri=CELEX:32024D1278,578,,,7e152788013b321dbff3b94fb6af97e40f4bca22a77f7bd0b885393269ce8e0b
Directive (EU) 2025/1892 of the European Parliament and of the Council of 10 September 2025 amending Directive 2008/98/EC on waste (Text with EEA relevance),PE/29/2025/INIT,"OJ L, 2025/1892,  26.9.2025, ELI:http://data.europa.eu/eli/dir/2025/1892/oj(BG, ES, CS, DA, DE, ET, EL, EN, FR, GA, HR, IT, LV, LT, HU, MT, NL, PL, PT, RO, SK, SL, FI, SV)",In force,32025L1892,"BG, ES, CS, DA, DE, ET, EL, EN, FR, GA, HR, IT, LV, LT, HU, MT, NL, PL, PT, RO, SK, SL, FI, SV",Directive,"European Parliament, Council of the European Union",10/09/2025,https://eur-lex.europa.eu/legal-content/AUTO/?uri=CELEX:32025L1892,586,,,1b1d88dff9f203e9e4784b3e59b47c362d5a65b0c0e2fbcbba714e66ea8b9dd6
"Commission Implementing Decision (EU) 2025/1040 of 16 May 2025 on the inconsistency of certain performance targets included in the draft national and functional airspace block performance plans submitted by Belgium, Denmark, Germany, Estonia, Ireland, Greece, France, Latvia, Luxembourg, the Netherlands and Slovakia pursuant to Regulation (EC) No 549/2004 of the European Parliament and of the Council with the Union-wide performance targets for the fourth reference period of the Single European Sky performance and charging scheme (notified under document C(2025) 2930)",C/2025/2930,"OJ L, 2025/1040,  23.5.2025, ELI:http://data.europa.eu/eli/dec_impl/2025/1040/oj(BG, ES, CS, DA, DE, ET, EL, EN, FR, GA, HR, IT, LV, LT, HU, MT, NL, PL, PT, RO, SK, SL, FI, SV)",In force,32025D1040,"BG, ES, CS, DA, DE, ET, EL, EN, FR, GA, HR, IT, LV, LT, HU, MT, NL, PL, PT, RO, SK, SL, FI, SV",Implementing decision,"European Commission, Directorate-General for Mobility and Transport",16/05/2025; Date of adoption,https://eur-lex.europa.eu/legal-content/AUTO/?uri=CELEX:32025D1040,586,,,a4f212ad0961dd68352f1c71e41ce1f582bcbbf4727ae07c07c86c64264906f4
Directive (EU) 2024/3017 of the European Parliament and of the Council of 27 November 2024 amending Directive 2009/18/EC of the European Parliament and of the Council establishing the fundamental principles governing the investigation of accidents in the maritime transport sector and repealing Commission Regulation (EU) No 1286/2011 (Text with EEA relevance),PE/90/2024/REV/1,"OJ L, 2024/3017,  6.12.2024, ELI:http://data.europa.eu/eli/dir/2024/3017/oj(BG, ES, CS, DA, DE, ET, EL, EN, FR, GA, HR, IT, LV, LT, HU, MT, NL, PL, PT, RO, SK, SL, FI, SV)",In force,32024L3017,"BG, ES, CS, DA, DE, ET, EL, EN, FR, GA, HR, IT, LV, LT, HU, MT, NL, PL, PT, RO, SK, SL, FI, SV",Directive,"European Parliament, Council of the European Union",27/11/2024,https://eur-lex.europa.eu/legal-content/AUTO/?uri=CELEX:32024L3017,586,,,1652c5ab56515341a911f66b393ce37885747e4f1f802f7190ad01d88d2b7f5e
Regulation (EU) 2024/3024 of the European Parliament and of the Council of 27 November 2024 amending Regulation (EU) No 691/2011 as regards introducing new environmental economic account modules (Text with EEA relevance),PE/31/2024/REV/1,"OJ L, 2024/3024,  6.12.2024, ELI:http://data.europa.eu/eli/reg/2024/3024/oj(BG, ES, CS, DA, DE, ET, EL, EN, FR, GA, HR, IT, LV, LT, HU, MT, NL, PL, PT, RO, SK, SL, FI, SV)",In force,32024R3024,"BG, ES, CS, DA, DE, ET, EL, EN, FR, GA, HR, IT, LV, LT, HU, MT, NL, PL, PT, RO, SK, SL, FI, SV",Regulation,"European Parliament, Council of the European Union",27/11/2024,https://eur-lex.europa.eu/legal-content/AUTO/?uri=CELEX:32024R3024,586,,,74cb5fc9ebf7ca888de6668ecf16c77f4b28fbd242345c5487b6c2c6d56b4d0e
Decision (ΕU) 2024/2829 of the European Parliament and of the Council of 23 October 2024 amending Directive 2007/2/EC as regards certain reporting requirements for infrastructures for spatial information (Text with EEA relevance),PE/84/2024/REV/1,"OJ L, 2024/2829,  6.11.2024, ELI:http://data.europa.eu/eli/dec/2024/2829/oj(BG, ES, CS, DA, DE, ET, EL, EN, FR, GA, HR, IT, LV, LT, HU, MT, NL, PL, PT, RO, SK, SL, FI, SV)",In force,32024D2829,"BG, ES, CS, DA, DE, ET, EL, EN, FR, GA, HR, IT, LV, LT, HU, MT, NL, PL, PT, RO, SK, SL, FI, SV",Decision,"European Parliament, Council of the European Union",23/10/2024,https://eur-lex.europa.eu/legal-content/AUTO/?uri=CELEX:32024D2829,586,,,b61a2224d83d9c39e0f7c12114b734ef75a27e5354fbe15f6e6a3cdb76d6a47d
Commission Implementing Decision (EU) 2024/1688 of 12 June 2024 setting Union-wide performance targets for the air traffic management network for the fourth reference period from 1 January 2025 to 31 December 2029,C/2024/4006,"OJ L, 2024/1688,  17.6.2024, ELI:http://data.europa.eu/eli/dec_impl/2024/1688/oj(BG, ES, CS, DA, DE, ET, EL, EN, FR, GA, HR, IT, LV, LT, HU, MT, NL, PL, PT, RO, SK, SL, FI, SV)",In force,32024D1688,"BG, ES, CS, DA, DE, ET, EL, EN, FR, GA, HR, IT, LV, LT, HU, MT, NL, PL, PT, RO, SK, SL, FI, SV",Implementing decision,"European Commission, Directorate-General for Mobility and Transport",12/06/2024; Date of adoption,https://eur-lex.europa.eu/legal-content/AUTO/?uri=CELEX:32024D1688,586,,,3ada814d5390c2dc87548c91f3b2fa4d2d9182c3b9214a26464199cba5e51f56
Commission Implementing Decision (EU) 2025/1100 of 23 May 2025 adopting guidelines for the implementation of certain selection criteria for net-zero strategic projects laid down in Article 13 of Regulation (EU) 2024/1735 of the European Parliament and of the Council,C/2025/9035,"OJ L, 2025/1100,  18.6.2025, ELI:http://data.europa.eu/eli/dec_impl/2025/1100/oj(BG, ES, CS, DA, DE, ET, EL, EN, FR, GA, HR, IT, LV, LT, HU, MT, NL, PL, PT, RO, SK, SL, FI, SV)",In force,32025D1100,"BG, ES, CS, DA, DE, ET, EL, EN, FR, GA, HR, IT, LV, LT, HU, MT, NL, PL, PT, RO, SK, SL, FI, SV",Implementing decision,"European Commission, Directorate-General for Internal Market, Industry, Entrepreneurship and SMEs",23/05/2025; Date of adoption,https://eur-lex.europa.eu/legal-content/AUTO/?uri=CELEX:32025D1100,594,,,94baaa7de65cc7852238120f2d6b704f20d299a62443b8612f937ebde796ad3f
Commission Implementing Regulation (EU) 2025/1176 of 23 May 2025 specifying the pre-qualification and award criteria for auctions for the deployment of energy from renewable sources,C/2025/2900,"OJ L, 2025/1176,  18.6.2025, ELI:http://data.europa.eu/eli/reg_impl/2025/1176/oj(BG, ES, CS, DA, DE, ET, EL, EN, FR, GA, HR, IT, LV, LT, HU, MT, NL, PL, PT, RO, SK, SL, FI, SV)",In force,32025R1176,"BG, ES, CS, DA, DE, ET, EL, EN, FR, GA, HR, IT, LV, LT, HU, MT, NL, PL, PT, RO, SK, SL, FI, SV",Implementing regulation,"European Commission, Directorate-General for Energy",23/05/2025; Date of adoption,https://eur-lex.europa.eu/legal-content/AUTO/?uri=CELEX:32025R1176,594,,,cb1369ed291dbe372ef0e00d9b65177a2dcace7fe3bf87792346a661a113b96d
Commission Implementing Decision (EU) 2025/1262 of 27 June 2025 on the non-approval of certain active substances for use in biocidal products in accordance with Regulation (EU) No 528/2012 of the European Parliament and of the Council,C/2025/4027,"OJ L, 2025/1262,  1.7.2025, ELI:http://data.europa.eu/eli/dec_impl/2025/1262/oj(BG, ES, CS, DA, DE, ET, EL, EN, FR, GA, HR, IT, LV, LT, HU, MT, NL, PL, PT, RO, SK, SL, FI, SV)",In force,32025D1262,"BG, ES, CS, DA, DE, ET, EL, EN, FR, GA, HR, IT, LV, LT, HU, MT, NL, PL, PT, RO, SK, SL, FI, SV",Implementing decision,"European Commission, Directorate-General for Health and Food Safety",27/06/2025; Date of adoption,https://eur-lex.europa.eu/legal-content/AUTO/?uri=CELEX:32025D1262,595,,,c91f539d86fdfa3b9615cdac7f13186fa4074ffd20bcb821da7729525b9d716e
Commission Implementing Regulation (EU) 2025/1196 of 18 June 2025 cancelling the Union authorisation for the single biocidal product Nordkalk Filtra G in accordance with Regulation (EU) No 528/2012 of the European Parliament and of the Council and repealing Commission Implementing Regulation (EU) 2024/2400,C/2025/3774,"OJ L, 2025/1196,  19.6.2025, ELI:http://data.europa.eu/eli/reg_impl/2025/1196/oj(BG, ES, CS, DA, DE, ET, EL, EN, FR, GA, HR, IT, LV, LT, HU, MT, NL, PL, PT, RO, SK, SL, FI, SV)",In force,32025R1196,"BG, ES, CS, DA, DE, ET, EL, EN, FR, GA, HR, IT, LV, LT, HU, MT, NL, PL, PT, RO, SK, SL, FI, SV",Implementing regulation,"European Commission, Directorate-General for Health and Food Safety",18/06/2025; Date of adoption,https://eur-lex.europa.eu/legal-content/AUTO/?uri=CELEX:32025R1196,595,,,14c67a86eb26012c51d2ee0c3243441626845632616e848e30230db65699bcfd
Commission Implementing Regulation (EU) 2025/1171 of 16 June 2025 granting a Union authorisation for the biocidal product family PRODHYNET’s Lactic acid based products in accordance with Regulation (EU) No 528/2012 of the European Parliament and of the Council,C/2025/3731,"OJ L, 2025/1171,  17.6.2025, ELI:http://data.europa.eu/eli/reg_impl/2025/1171/oj(BG, ES, CS, DA, DE, ET, EL, EN, FR, GA, HR, IT, LV, LT, HU, MT, NL, PL, PT, RO, SK, SL, FI, SV)",In force,32025R1171,"BG, ES, CS, DA, DE, ET, EL, EN, FR, GA, HR, IT, LV, LT, HU, MT, NL, PL, PT, RO, SK, SL, FI, SV",Implementing regulation,"European Commission, Directorate-General for Health and Food Safety",16/06/2025; Date of adoption,https://eur-lex.europa.eu/legal-content/AUTO/?uri=CELEX:32025R1171,595,,,1a46707d669b825c90cdb2d6a41137d7b06ead1f636144e9da9dde7d102b69ca
Commission Implementing Regulation (EU) 2025/1019 of 26 May 2025 granting a Union authorisation for the biocidal product family Lactic Acid Teatdip Products in accordance with Regulation (EU) No 528/2012 of the European Parliament and of the Council,C/2025/3203,"OJ L, 2025/1019,  27.5.2025, ELI:http://data.europa.eu/eli/reg_impl/2025/1019/oj(BG, ES, CS, DA, DE, ET, EL, EN, FR, GA, HR, IT, LV, LT, HU, MT, NL, PL, PT, RO, SK, SL, FI, SV)",In force,32025R1019,"BG, ES, CS, DA, DE, ET, EL, EN, FR, GA, HR, IT, LV, LT, HU, MT, NL, PL, PT, RO, SK, SL, FI, SV",Implementing regulation,"European Commission, Directorate-General for Health and Food Safety",26/05/2025; Date of adoption,https://eur-lex.europa.eu/legal-content/AUTO/?uri=CELEX:32025R1019,595,,,0abfaa176a08a8bf91214257f67c283d8032973e650c5da6cb85a3fde1604d0c
Commission Implementing Decision (EU) 2025/945 of 22 May 2025 postponing the expiry date of the approval of nonanoic acid for use in biocidal products of product-type 2 in accordance with Regulation (EU) No 528/2012 of the European Parliament and of the Council,C/2025/3122,"OJ L, 2025/945,  23.5.2025, ELI:http://data.europa.eu/eli/dec_impl/2025/945/oj(BG, ES, CS, DA, DE, ET, EL, EN, FR, GA, HR, IT, LV, LT, HU, MT, NL, PL, PT, RO, SK, SL, FI, SV)",In force,32025D0945,"BG, ES, CS, DA, DE, ET, EL, EN, FR, GA, HR, IT, LV, LT, HU, MT, NL, PL, PT, RO, SK, SL, FI, SV",Implementing decision,"European Commission, Directorate-General for Health and Food Safety",22/05/2025; Date of adoption,https://eur-lex.europa.eu/legal-content/AUTO/?uri=CELEX:32025D0945,595,,,b0ac2de5ff3a491688e165842373837bfb2c9dcfaad1f192ec9f757e77989447
Commission Implementing Regulation (EU) 2025/839 of 5 May 2025 granting a Union authorisation for the biocidal product family Oxivir Excel BPF in accordance with Regulation (EU) No 528/2012 of the European Parliament and of the Council,C/2025/2578,"OJ L, 2025/839,  6.5.2025, ELI:http://data.europa.eu/eli/reg_impl/2025/839/oj(BG, ES, CS, DA, DE, ET, EL, EN, FR, GA, HR, IT, LV, LT, HU, MT, NL, PL, PT, RO, SK, SL, FI, SV)",In force,32025R0839,"BG, ES, CS, DA, DE, ET, EL, EN, FR, GA, HR, IT, LV, LT, HU, MT, NL, PL, PT, RO, SK, SL, FI, SV",Implementing regulation,"European Commission, Directorate-General for Health and Food Safety",05/05/2025; Date of adoption,https://eur-lex.europa.eu/legal-content/AUTO/?uri=CELEX:32025R0839,595,,,7cb1e74185eed455317682e039eb418481df30af27ec8ae5897d68f30f80b757
Commission Implementing Regulation (EU) 2025/534 of 21 March 2025 amending Implementing Regulation (EU) 2022/1226 as regards administrative changes to the Union authorisation for the single biocidal product Bioquell HPV-AQ,C/2025/1679,"OJ L, 2025/534,  25.3.2025, ELI:http://data.europa.eu/eli/reg_impl/2025/534/oj(BG, ES, CS, DA, DE, ET, EL, EN, FR, GA, HR, IT, LV, LT, HU, MT, NL, PL, PT, RO, SK, SL, FI, SV)",In force,32025R0534,"BG, ES, CS, DA, DE, ET, EL, EN, FR, GA, HR, IT, LV, LT, HU, MT, NL, PL, PT, RO, SK, SL, FI, SV",Implementing regulation,"European Commission, Directorate-General for Health and Food Safety",21/03/2025; Date of adoption,https://eur-lex.europa.eu/legal-content/AUTO/?uri=CELEX:32025R0534,595,,,dfa96146307aa37aa3bfd4f3aedb7f31c0ac425397ed515b3a2909ed0152a149
Commission Implementing Regulation (EU) 2025/524 of 20 March 2025 granting a Union authorisation for the biocidal product family Sodium hypochlorite Liquid disinfectant biocidal product family in accordance with Regulation (EU) No 528/2012 of the European Parliament and of the Council,C/2025/1645,"OJ L, 2025/524,  24.3.2025, ELI:http://data.europa.eu/eli/reg_impl/2025/524/oj(BG, ES, CS, DA, DE, ET, EL, EN, FR, GA, HR, IT, LV, LT, HU, MT, NL, PL, PT, RO, SK, SL, FI, SV)",In force,32025R0524,"BG, ES, CS, DA, DE, ET, EL, EN, FR, GA, HR, IT, LV, LT, HU, MT, NL, PL, PT, RO, SK, SL, FI, SV",Implementing regulation,"European Commission, Directorate-General for Health and Food Safety",20/03/2025; Date of adoption,https://eur-lex.europa.eu/legal-content/AUTO/?uri=CELEX:32025R0524,595,,,3ca56c030694924926609d86552c19c812ca977aca07e00484edbe4580241821
Commission Implementing Decision (EU) 2025/432 of 5 March 2025 postponing the expiry date of the approval of copper sulphate pentahydrate for use in biocidal products of product-type 2 in accordance with Regulation (EU) No 528/2012 of the European Parliament and of the Council,C/2025/1329,"OJ L, 2025/432,  6.3.2025, ELI:http://data.europa.eu/eli/dec_impl/2025/432/oj(BG, ES, CS, DA, DE, ET, EL, EN, FR, GA, HR, IT, LV, LT, HU, MT, NL, PL, PT, RO, SK, SL, FI, SV)",In force,32025D0432,"BG, ES, CS, DA, DE, ET, EL, EN, FR, GA, HR, IT, LV, LT, HU, MT, NL, PL, PT, RO, SK, SL, FI, SV",Implementing decision,"European Commission, Directorate-General for Health and Food Safety",05/03/2025; Date of adoption,https://eur-lex.europa.eu/legal-content/AUTO/?uri=CELEX:32025D0432,595,,,c3777fd5bf2802b5a62adc2dfe537675730bac3d61a048ef2b7d774d81a107fd
Commission Implementing Regulation (EU) 2024/2863 of 12 November 2024 granting a Union authorisation for the biocidal product family Teat disinfectants L-(+)-lactic acid based biocidal product family of Novadan in accordance with Regulation (EU) No 528/2012 of the European Parliament and of the Council,C/2024/7775,"OJ L, 2024/2863,  13.11.2024, ELI:http://data.europa.eu/eli/reg_impl/2024/2863/oj(BG, ES, CS, DA, DE, ET, EL, EN, FR, GA, HR, IT, LV, LT, HU, MT, NL, PL, PT, RO, SK, SL, FI, SV)",In force,32024R2863,"BG, ES, CS, DA, DE, ET, EL, EN, FR, GA, HR, IT, LV, LT, HU, MT, NL, PL, PT, RO, SK, SL, FI, SV",Implementing regulation,"European Commission, Directorate-General for Health and Food Safety",12/11/2024; Date of adoption,https://eur-lex.europa.eu/legal-content/AUTO/?uri=CELEX:32024R2863,595,,,e29be9ee3975b1e58b31244c5bfad43cb1c889f6c3462f92898786299a32f636
"Commission Implementing Regulation (EU) 2024/2635 of 3 October 2024 approving silver zinc zeolite as an existing active substance for use in biocidal products of product-types 2, 7 and 9 in accordance with Regulation (EU) No 528/2012 of the European Parliament and of the Council",C/2024/6783,"OJ L, 2024/2635,  4.10.2024, ELI:http://data.europa.eu/eli/reg_impl/2024/2635/oj(BG, ES, CS, DA, DE, ET, EL, EN, FR, GA, HR, IT, LV, LT, HU, MT, NL, PL, PT, RO, SK, SL, FI, SV)",In force,32024R2635,"BG, ES, CS, DA, DE, ET, EL, EN, FR, GA, HR, IT, LV, LT, HU, MT, NL, PL, PT, RO, SK, SL, FI, SV",Implementing regulation,"European Commission, Directorate-General for Health and Food Safety",03/10/2024; Date of adoption,https://eur-lex.europa.eu/legal-content/AUTO/?uri=CELEX:32024R2635,596,,,7e770967a6d57b6bb071aa21ff2afe839d5b23ef5952a940a2af5ca6f22e3667
Commission Implementing Regulation (EU) 2024/2432 of 16 September 2024 granting a Union authorisation for the biocidal product family Diversey Hydrogen Peroxide Product Family in accordance with Regulation (EU) No 528/2012 of the European Parliament and of the Council,C/2024/6431,"OJ L, 2024/2432,  17.9.2024, ELI:http://data.europa.eu/eli/reg_impl/2024/2432/oj(BG, ES, CS, DA, DE, ET, EL, EN, FR, GA, HR, IT, LV, LT, HU, MT, NL, PL, PT, RO, SK, SL, FI, SV)",In force,32024R2432,"BG, ES, CS, DA, DE, ET, EL, EN, FR, GA, HR, IT, LV, LT, HU, MT, NL, PL, PT, RO, SK, SL, FI, SV",Implementing regulation,"European Commission, Directorate-General for Health and Food Safety",16/09/2024; Date of adoption,https://eur-lex.europa.eu/legal-content/AUTO/?uri=CELEX:32024R2432,596,,,f53a6d7cfe9695b5a92916ef1e7408a1e9717a015e2a88595126d2a7ba3e78fc
Commission Implementing Regulation (EU) 2024/2430 of 16 September 2024 granting a Union authorisation for the single biocidal product EuLA Ca(OH)2 template in accordance with Regulation (EU) No 528/2012 of the European Parliament and of the Council,C/2024/6437,"OJ L, 2024/2430,  17.9.2024, ELI:http://data.europa.eu/eli/reg_impl/2024/2430/oj(BG, ES, CS, DA, DE, ET, EL, EN, FR, GA, HR, IT, LV, LT, HU, MT, NL, PL, PT, RO, SK, SL, FI, SV)",In force,32024R2430,"BG, ES, CS, DA, DE, ET, EL, EN, FR, GA, HR, IT, LV, LT, HU, MT, NL, PL, PT, RO, SK, SL, FI, SV",Implementing regulation,"European Commission, Directorate-General for Health and Food Safety",16/09/2024; Date of adoption,https://eur-lex.europa.eu/legal-content/AUTO/?uri=CELEX:32024R2430,596,,,03195494fa4d9f0f4fb271cbb9bbe74f5d3fb0aef179213ff306ec93b9433af4
Commission Implementing Regulation (EU) 2024/2419 of 13 September 2024 granting a Union authorisation for the single biocidal product Soft Care Med H5 in accordance with Regulation (EU) No 528/2012 of the European Parliament and of the Council,C/2024/6408,"OJ L, 2024/2419,  16.9.2024, ELI:http://data.europa.eu/eli/reg_impl/2024/2419/oj(BG, ES, CS, DA, DE, ET, EL, EN, FR, GA, HR, IT, LV, LT, HU, MT, NL, PL, PT, RO, SK, SL, FI, SV)",In force,32024R2419,"BG, ES, CS, DA, DE, ET, EL, EN, FR, GA, HR, IT, LV, LT, HU, MT, NL, PL, PT, RO, SK, SL, FI, SV",Implementing regulation,"European Commission, Directorate-General for Health and Food Safety",13/09/2024; Date of adoption,https://eur-lex.europa.eu/legal-content/AUTO/?uri=CELEX:32024R2419,596,,,1ed3336f40c32ed766735176a6350acb3bba219477d0cac0e7c9bd0b886b3518
Commission Implementing Decision (EU) 2024/2421 of 13 September 2024 postponing the expiry date of the approval of formaldehyde for use in biocidal products of product-types 2 and 3 in accordance with Regulation (EU) No 528/2012 of the European Parliament and of the Council,C/2024/6414,"OJ L, 2024/2421,  16.9.2024, ELI:http://data.europa.eu/eli/dec_impl/2024/2421/oj(BG, ES, CS, DA, DE, ET, EL, EN, FR, GA, HR, IT, LV, LT, HU, MT, NL, PL, PT, RO, SK, SL, FI, SV)",In force,32024D2421,"BG, ES, CS, DA, DE, ET, EL, EN, FR, GA, HR, IT, LV, LT, HU, MT, NL, PL, PT, RO, SK, SL, FI, SV",Implementing decision,"European Commission, Directorate-General for Health and Food Safety",13/09/2024; Date of adoption,https://eur-lex.europa.eu/legal-content/AUTO/?uri=CELEX:32024D2421,596,,,f6dcac0ed2ece42bdaff908fcfc57fc05d5215e8b0f96c6a4a851ac46cd311f6
Commission Implementing Regulation (EU) 2024/2424 of 13 September 2024 granting a Union authorisation for the single biocidal product SANICALCO S in accordance with Regulation (EU) No 528/2012 of the European Parliament and of the Council,C/2024/6406,"OJ L, 2024/2424,  16.9.2024, ELI:http://data.europa.eu/eli/reg_impl/2024/2424/oj(BG, ES, CS, DA, DE, ET, EL, EN, FR, GA, HR, IT, LV, LT, HU, MT, NL, PL, PT, RO, SK, SL, FI, SV)",In force,32024R2424,"BG, ES, CS, DA, DE, ET, EL, EN, FR, GA, HR, IT, LV, LT, HU, MT, NL, PL, PT, RO, SK, SL, FI, SV",Implementing regulation,"European Commission, Directorate-General for Health and Food Safety",13/09/2024; Date of adoption,https://eur-lex.europa.eu/legal-content/AUTO/?uri=CELEX:32024R2424,596,,,7548d1e48e1e3486948920e1f7a85946ad35053bd85b70b5f795d9d51f5c1a7f
Commission Implementing Regulation (EU) 2024/2404 of 12 September 2024 granting a Union authorisation for the single biocidal product Nordkalk SL 90 in accordance with Regulation (EU) No 528/2012 of the European Parliament and of the Council,C/2024/6370,"OJ L, 2024/2404,  13.9.2024, ELI:http://data.europa.eu/eli/reg_impl/2024/2404/oj(BG, ES, CS, DA, DE, ET, EL, EN, FR, GA, HR, IT, LV, LT, HU, MT, NL, PL, PT, RO, SK, SL, FI, SV)",In force,32024R2404,"BG, ES, CS, DA, DE, ET, EL, EN, FR, GA, HR, IT, LV, LT, HU, MT, NL, PL, PT, RO, SK, SL, FI, SV",Implementing regulation,"European Commission, Directorate-General for Health and Food Safety",12/09/2024; Date of adoption,https://eur-lex.europa.eu/legal-content/AUTO/?uri=CELEX:32024R2404,596,,,c8cd7e91eafba6fd724a0f25d03bf0d2bf9de13ee85718f05af004e8ae7c4dcd
Commission Implementing Regulation (EU) 2024/2188 of 3 September 2024 granting a Union authorisation for the biocidal product family Kersia’s Lactic acid based products in accordance with Regulation (EU) No 528/2012 of the European Parliament and of the Council,C/2024/5979,"OJ L, 2024/2188,  4.9.2024, ELI:http://data.europa.eu/eli/reg_impl/2024/2188/oj(BG, ES, CS, DA, DE, ET, EL, EN, FR, GA, HR, IT, LV, LT, HU, MT, NL, PL, PT, RO, SK, SL, FI, SV)",In force,32024R2188,"BG, ES, CS, DA, DE, ET, EL, EN, FR, GA, HR, IT, LV, LT, HU, MT, NL, PL, PT, RO, SK, SL, FI, SV",Implementing regulation,"European Commission, Directorate-General for Health and Food Safety",03/09/2024; Date of adoption,https://eur-lex.europa.eu/legal-content/AUTO/?uri=CELEX:32024R2188,596,,,d8661dbc1a078585dbb2769c8e1996b49b5a502a07ae8f26aa4a2a7120e9abb6
Commission Implementing Regulation (EU) 2024/1710 of 19 June 2024 granting a Union authorisation for the biocidal product family Saniswiss H2O2 in accordance with Regulation (EU) No 528/2012 of the European Parliament and of the Council,C/2024/3996,"OJ L, 2024/1710,  20.6.2024, ELI:http://data.europa.eu/eli/reg_impl/2024/1710/oj(BG, ES, CS, DA, DE, ET, EL, EN, FR, GA, HR, IT, LV, LT, HU, MT, NL, PL, PT, RO, SK, SL, FI, SV)",In force,32024R1710,"BG, ES, CS, DA, DE, ET, EL, EN, FR, GA, HR, IT, LV, LT, HU, MT, NL, PL, PT, RO, SK, SL, FI, SV",Implementing regulation,"European Commission, Directorate-General for Health and Food Safety",19/06/2024; Date of adoption,https://eur-lex.europa.eu/legal-content/AUTO/?uri=CELEX:32024R1710,596,,,22a0fe9a44754096676fbc5e586aa1b6dd0c0c4bcc874e3e581d7b91506bbea3
Commission Implementing Regulation (EU) 2024/1707 of 19 June 2024 granting a Union authorisation for the biocidal product family STERI-PEROX in accordance with Regulation (EU) No 528/2012 of the European Parliament and of the Council,C/2024/3995,"OJ L, 2024/1707,  20.6.2024, ELI:http://data.europa.eu/eli/reg_impl/2024/1707/oj(BG, ES, CS, DA, DE, ET, EL, EN, FR, GA, HR, IT, LV, LT, HU, MT, NL, PL, PT, RO, SK, SL, FI, SV)",In force,32024R1707,"BG, ES, CS, DA, DE, ET, EL, EN, FR, GA, HR, IT, LV, LT, HU, MT, NL, PL, PT, RO, SK, SL, FI, SV",Implementing regulation,"European Commission, Directorate-General for Health and Food Safety",19/06/2024; Date of adoption,https://eur-lex.europa.eu/legal-content/AUTO/?uri=CELEX:32024R1707,597,,,6172c0d77cb564e1f93d6b753ee5afd112c4276787f65084b0fc589db9e0d044
Commission Implementing Regulation (EU) 2024/1541 of 3 June 2024 granting a Union authorisation for the biocidal product family Sanoserv H202 in accordance with Regulation (EU) No 528/2012 of the European Parliament and of the Council,C/2024/3573,"OJ L, 2024/1541,  4.6.2024, ELI:http://data.europa.eu/eli/reg_impl/2024/1541/oj(BG, ES, CS, DA, DE, ET, EL, EN, FR, GA, HR, IT, LV, LT, HU, MT, NL, PL, PT, RO, SK, SL, FI, SV)",In force,32024R1541,"BG, ES, CS, DA, DE, ET, EL, EN, FR, GA, HR, IT, LV, LT, HU, MT, NL, PL, PT, RO, SK, SL, FI, SV",Implementing regulation,"European Commission, Directorate-General for Health and Food Safety",03/06/2024; Date of adoption,https://eur-lex.europa.eu/legal-content/AUTO/?uri=CELEX:32024R1541,597,,,04a2927c22f18f72bb1f771fd83a50cd9f1ad40920a9c584056ab5cd3bc16459
Commission Implementing Regulation (EU) 2024/1486 of 29 May 2024 granting a Union authorisation for the single biocidal product CaO PT02 in accordance with Regulation (EU) No 528/2012 of the European Parliament and of the Council,C/2024/3483,"OJ L, 2024/1486,  30.5.2024, ELI:http://data.europa.eu/eli/reg_impl/2024/1486/oj(BG, ES, CS, DA, DE, ET, EL, EN, FR, GA, HR, IT, LV, LT, HU, MT, NL, PL, PT, RO, SK, SL, FI, SV)",In force,32024R1486,"BG, ES, CS, DA, DE, ET, EL, EN, FR, GA, HR, IT, LV, LT, HU, MT, NL, PL, PT, RO, SK, SL, FI, SV",Implementing regulation,"European Commission, Directorate-General for Health and Food Safety",29/05/2024; Date of adoption,https://eur-lex.europa.eu/legal-content/AUTO/?uri=CELEX:32024R1486,597,,,ad8ce7def3bd0f73c583b7d42413eff9aa4f9d6f61d58620babfaa4a7cd1df81
"Commission Implementing Regulation (EU) 2024/780 of 5 March 2024 concerning the renewal of the authorisation of a preparation of endo–1,4-beta-xylanase produced by Trichoderma citrinoviride DSM 34663 as a feed additive for all poultry species for fattening, all poultry species for laying and reared for laying, weaned piglets, pigs for fattening and carp, the authorisation of that preparation as a feed additive for all poultry species for breeding, turkeys reared for breeding, minor poultry species reared for breeding, ornamental birds, suckling piglets and minor porcine species for fattening (holder of authorisation: Huvepharma NV) and repealing Implementing Regulations (EU) 2015/1043, (EU) 2017/1906 and (EU) 2018/327",C/2024/1339,"OJ L, 2024/780,  6.3.2024, ELI:http://data.europa.eu/eli/reg_impl/2024/780/oj(BG, ES, CS, DA, DE, ET, EL, EN, FR, GA, HR, IT, LV, LT, HU, MT, NL, PL, PT, RO, SK, SL, FI, SV)",In force,32024R0780,"BG, ES, CS, DA, DE, ET, EL, EN, FR, GA, HR, IT, LV, LT, HU, MT, NL, PL, PT, RO, SK, SL, FI, SV",Implementing regulation,"European Commission, Directorate-General for Health and Food Safety",05/03/2024; Date of adoption,https://eur-lex.europa.eu/legal-content/AUTO/?uri=CELEX:32024R0780,604,,,c6fc9e9a18020df2ec4da135de08d8c6d07b3530c5ca2537ffc9e0ca0e96eca9
"Commission Implementing Regulation (EU) 2024/262 of 17 January 2024 concerning the renewal of the authorisation of a preparation of endo-1,4-beta-glucanase produced by Trichoderma citrinoviride IMI 360748 as a feed additive for chickens for fattening, minor poultry species for fattening and weaned piglets, the authorisation of that preparation as a feed additive for turkeys for fattening, all poultry species reared for laying or breeding, ornamental birds and suckling piglets (holder of the authorisation: Huvepharma NV) and amending Implementing Regulation (EU) 2015/2305",C/2024/207,"OJ L, 2024/262,  18.1.2024, ELI:http://data.europa.eu/eli/reg_impl/2024/262/oj(BG, ES, CS, DA, DE, ET, EL, EN, FR, GA, HR, IT, LV, LT, HU, MT, NL, PL, PT, RO, SK, SL, FI, SV)",In force,32024R0262,"BG, ES, CS, DA, DE, ET, EL, EN, FR, GA, HR, IT, LV, LT, HU, MT, NL, PL, PT, RO, SK, SL, FI, SV",Implementing regulation,"European Commission, Directorate-General for Health and Food Safety",17/01/2024; Date of adoption,https://eur-lex.europa.eu/legal-content/AUTO/?uri=CELEX:32024R0262,604,,,aa2deeeb9a4d0633d435ce04f6d4f66cfb5891e04cbc945fa108a2f59bc5195d
Commission Implementing Decision (EU) 2025/953 of 23 May 2025 postponing the expiry date of the approval of medetomidine for use in biocidal products of product-type 21 in accordance with Regulation (EU) No 528/2012 of the European Parliament and of the Council,C/2025/3126,"OJ L, 2025/953,  23.5.2025, ELI:http://data.europa.eu/eli/dec_impl/2025/953/oj(BG, ES, CS, DA, DE, ET, EL, EN, FR, GA, HR, IT, LV, LT, HU, MT, NL, PL, PT, RO, SK, SL, FI, SV)",In force,32025D0953,"BG, ES, CS, DA, DE, ET, EL, EN, FR, GA, HR, IT, LV, LT, HU, MT, NL, PL, PT, RO, SK, SL, FI, SV",Implementing decision,"European Commission, Directorate-General for Health and Food Safety",23/05/2025; Date of adoption,https://eur-lex.europa.eu/legal-content/AUTO/?uri=CELEX:32025D0953,605,,,ba1caa08dde479e27f3ede8c6e1a7f99ee2f16b7b50fc1b7adbfa543c3bf3987
"Commission Implementing Regulation (EU) 2024/2806 of 31 October 2024 concerning the non-renewal of the approval of the active substance metribuzin, in accordance with Regulation (EC) No 1107/2009 of the European Parliament and of the Council, and amending Commission Implementing Regulation (EU) No 540/2011 and Commission Implementing Regulation (EU) 2015/408",C/2024/7545,"OJ L, 2024/2806,  4.11.2024, ELI:http://data.europa.eu/eli/reg_impl/2024/2806/oj(BG, ES, CS, DA, DE, ET, EL, EN, FR, GA, HR, IT, LV, LT, HU, MT, NL, PL, PT, RO, SK, SL, FI, SV)",In force,32024R2806,"BG, ES, CS, DA, DE, ET, EL, EN, FR, GA, HR, IT, LV, LT, HU, MT, NL, PL, PT, RO, SK, SL, FI, SV",Implementing regulation,"European Commission, Directorate-General for Health and Food Safety",31/10/2024; Date of adoption,https://eur-lex.europa.eu/legal-content/AUTO/?uri=CELEX:32024R2806,605,,,7395dd653de3722a0fba3662c7c20ebb35b6cb7fed76e2f27537ec8659155770
"Commission Implementing Regulation (EU) 2024/425 of 2 February 2024 concerning the non-approval of the active substance asulam-sodium, in accordance with Regulation (EC) No 1107/2009 of the European Parliament and of the Council",C/2024/554,"OJ L, 2024/425,  5.2.2024, ELI:http://data.europa.eu/eli/reg_impl/2024/425/oj(BG, ES, CS, DA, DE, ET, EL, EN, FR, GA, HR, IT, LV, LT, HU, MT, NL, PL, PT, RO, SK, SL, FI, SV)",In force,32024R0425,"BG, ES, CS, DA, DE, ET, EL, EN, FR, GA, HR, IT, LV, LT, HU, MT, NL, PL, PT, RO, SK, SL, FI, SV",Implementing regulation,"European Commission, Directorate-General for Health and Food Safety",02/02/2024; Date of adoption,https://eur-lex.europa.eu/legal-content/AUTO/?uri=CELEX:32024R0425,605,,,4b5474f760938ae1ba9166e8df382c692761f0d8655dfc6251d26136c897abb4
"Council Decision (EU) 2024/1775 of 18 June 2024 on the position to be taken on behalf of the European Union in the World Forum for Harmonization of Vehicle Regulations of the United Nations Economic Commission for Europe on proposals for modifications to UN regulation Nos 13, 13-H, 22, 30, 41, 49, 51, 54, 63, 78, 79, 83, 85, 96, 100, 101, 108, 109, 117, 120, 129, 134, 138, 150, and 155, on a proposal for a new UN regulation on snow grip performance and traction tyre classification for retreaded tyres, on proposals for modifications to UN global technical regulation Nos 9, 13, 21, 22, and 24, and on a proposal for an amendment of UN mutual resolution No 1",ST/10609/2024/INIT,"OJ L, 2024/1775,  25.6.2024, ELI:http://data.europa.eu/eli/dec/2024/1775/oj(BG, ES, CS, DA, DE, ET, EL, EN, FR, GA, HR, IT, LV, LT, HU, MT, NL, PL, PT, RO, SK, SL, FI, SV)",In force,32024D1775,"BG, ES, CS, DA, DE, ET, EL, EN, FR, GA, HR, IT, LV, LT, HU, MT, NL, PL, PT, RO, SK, SL, FI, SV",Decision,Council of the European Union,18/06/2024; Date of adoption,https://eur-lex.europa.eu/legal-content/AUTO/?uri=CELEX:32024D1775,606,,,62b1185bb871934fbf0159884e3d8b41222374603cb2df7dd1c89953334d2439
"Commission Implementing Regulation (EU) 2025/339 of 19 February 2025 laying down rules for the implementation of Article 6a of Regulation (EU) 2020/2220 of the European Parliament and of the Council as regards monitoring and evaluation, presentation of the rural development programmes and the presentation of annual implementation reports",C/2025/1016,"OJ L, 2025/339,  21.2.2025, ELI:http://data.europa.eu/eli/reg_impl/2025/339/oj(BG, ES, CS, DA, DE, ET, EL, EN, FR, GA, HR, IT, LV, LT, HU, MT, NL, PL, PT, RO, SK, SL, FI, SV)",In force,32025R0339,"BG, ES, CS, DA, DE, ET, EL, EN, FR, GA, HR, IT, LV, LT, HU, MT, NL, PL, PT, RO, SK, SL, FI, SV",Implementing regulation,"European Commission, Directorate-General for Agriculture and Rural Development",19/02/2025; Date of adoption,https://eur-lex.europa.eu/legal-content/AUTO/?uri=CELEX:32025R0339,615,,,611c4f2718b960172913ca99d8f7de6a3da5d2a006c57136418eee3b087f6db4
Commission Implementing Regulation (EU) 2025/341 of 20 February 2025 laying down rules for the implementation of Article 6a of Regulation (EU) 2020/2220 of the European Parliament and of the Council as regards checks and penalties,C/2025/1099,"OJ L, 2025/341,  21.2.2025, ELI:http://data.europa.eu/eli/reg_impl/2025/341/oj(BG, ES, CS, DA, DE, ET, EL, EN, FR, GA, HR, IT, LV, LT, HU, MT, NL, PL, PT, RO, SK, SL, FI, SV)",In force,32025R0341,"BG, ES, CS, DA, DE, ET, EL, EN, FR, GA, HR, IT, LV, LT, HU, MT, NL, PL, PT, RO, SK, SL, FI, SV",Implementing regulation,"European Commission, Directorate-General for Agriculture and Rural Development",20/02/2025; Date of adoption,https://eur-lex.europa.eu/legal-content/AUTO/?uri=CELEX:32025R0341,615,,,d810d50c102a0640f8ee0128840937639c7f450e99a08162cc2b3db6bca8ed38
Commission Implementing Regulation (EU) 2024/1769 of 26 June 2024 amending Implementing Regulation (EU) 2015/2174 as regards updating the indicative compendium of environmental goods and services and of economic activities,C/2024/4295,"OJ L, 2024/1769,  27.6.2024, ELI:http://data.europa.eu/eli/reg_impl/2024/1769/oj(BG, ES, CS, DA, DE, ET, EL, EN, FR, GA, HR, IT, LV, LT, HU, MT, NL, PL, PT, RO, SK, SL, FI, SV)",In force,32024R1769,"BG, ES, CS, DA, DE, ET, EL, EN, FR, GA, HR, IT, LV, LT, HU, MT, NL, PL, PT, RO, SK, SL, FI, SV",Implementing regulation,"European Commission, Eurostat",26/06/2024; Date of adoption,https://eur-lex.europa.eu/legal-content/AUTO/?uri=CELEX:32024R1769,621,,,a19ec30396fd016fd50a8d6c64772dfdd7660c8c6aaf57bb55dd7edc9343a074
Commission Implementing Regulation (EU) 2024/256 of 17 January 2024 amending Implementing Regulation (EU) 2020/1158 on the conditions governing imports of food and feed originating in third countries following the accident at the Chernobyl nuclear power station,C/2024/142,"OJ L, 2024/256,  18.1.2024, ELI:http://data.europa.eu/eli/reg_impl/2024/256/oj(BG, ES, CS, DA, DE, ET, EL, EN, FR, GA, HR, IT, LV, LT, HU, MT, NL, PL, PT, RO, SK, SL, FI, SV)",In force,32024R0256,"BG, ES, CS, DA, DE, ET, EL, EN, FR, GA, HR, IT, LV, LT, HU, MT, NL, PL, PT, RO, SK, SL, FI, SV",Implementing regulation,"European Commission, Directorate-General for Health and Food Safety",17/01/2024; Date of adoption,https://eur-lex.europa.eu/legal-content/AUTO/?uri=CELEX:32024R0256,621,,,6c603383ec3327acdf2879c7ca59b1235bdc938708e3f0e305ec50fca27fc588
Commission Implementing Regulation (EU) 2024/256 of 17 January 2024 amending Implementing Regulation (EU) 2020/1158 on the conditions governing imports of food and feed originating in third countries following the accident at the Chernobyl nuclear power station,C/2024/142,"OJ L, 2024/256,  18.1.2024, ELI:http://data.europa.eu/eli/reg_impl/2024/256/oj(BG, ES, CS, DA, DE, ET, EL, EN, FR, GA, HR, IT, LV, LT, HU, MT, NL, PL, PT, RO, SK, SL, FI, SV)",In force,32024R0256,"BG, ES, CS, DA, DE, ET, EL, EN, FR, GA, HR, IT, LV, LT, HU, MT, NL, PL, PT, RO, SK, SL, FI, SV",Implementing regulation,"European Commission, Directorate-General for Health and Food Safety",17/01/2024; Date of adoption,https://eur-lex.europa.eu/legal-content/AUTO/?uri=CELEX:32024R0256,622,,,6c603383ec3327acdf2879c7ca59b1235bdc938708e3f0e305ec50fca27fc588
Commission Implementing Regulation (EU) 2025/1186 of 17 June 2025 granting a Union authorisation for the single biocidal product exeol air cid 01 in accordance with Regulation (EU) No 528/2012 of the European Parliament and of the Council,C/2025/3739,"OJ L, 2025/1186,  18.6.2025, ELI:http://data.europa.eu/eli/reg_impl/2025/1186/oj(BG, ES, CS, DA, DE, ET, EL, EN, FR, GA, HR, IT, LV, LT, HU, MT, NL, PL, PT, RO, SK, SL, FI, SV)",In force,32025R1186,"BG, ES, CS, DA, DE, ET, EL, EN, FR, GA, HR, IT, LV, LT, HU, MT, NL, PL, PT, RO, SK, SL, FI, SV",Implementing regulation,"European Commission, Directorate-General for Health and Food Safety",17/06/2025; Date of adoption,https://eur-lex.europa.eu/legal-content/AUTO/?uri=CELEX:32025R1186,624,,,54085a2c5c1d67da6c532073aee3c6733f37d943b31705104232b9f84764c8dd
Commission Implementing Decision (EU) 2025/947 of 22 May 2025 postponing the expiry date of the approval of iodine for use in biocidal products of product-type 3 in accordance with Regulation (EU) No 528/2012 of the European Parliament and of the Council,C/2025/3121,"OJ L, 2025/947,  23.5.2025, ELI:http://data.europa.eu/eli/dec_impl/2025/947/oj(BG, ES, CS, DA, DE, ET, EL, EN, FR, GA, HR, IT, LV, LT, HU, MT, NL, PL, PT, RO, SK, SL, FI, SV)",In force,32025D0947,"BG, ES, CS, DA, DE, ET, EL, EN, FR, GA, HR, IT, LV, LT, HU, MT, NL, PL, PT, RO, SK, SL, FI, SV",Implementing decision,"European Commission, Directorate-General for Health and Food Safety",22/05/2025; Date of adoption,https://eur-lex.europa.eu/legal-content/AUTO/?uri=CELEX:32025D0947,624,,,e0f476c85b2536d0baee23390ec38bb094ab8e725c390f9cefb9731828b22870
Commission Implementing Regulation (EU) 2025/474 of 13 March 2025 granting a Union authorisation for the single biocidal product Büfa-Oxy WS in accordance with Regulation (EU) No 528/2012 of the European Parliament and of the Council,C/2025/1504,"OJ L, 2025/474,  17.3.2025, ELI:http://data.europa.eu/eli/reg_impl/2025/474/oj(BG, ES, CS, DA, DE, ET, EL, EN, FR, GA, HR, IT, LV, LT, HU, MT, NL, PL, PT, RO, SK, SL, FI, SV)",In force,32025R0474,"BG, ES, CS, DA, DE, ET, EL, EN, FR, GA, HR, IT, LV, LT, HU, MT, NL, PL, PT, RO, SK, SL, FI, SV",Implementing regulation,"European Commission, Directorate-General for Health and Food Safety",13/03/2025; Date of adoption,https://eur-lex.europa.eu/legal-content/AUTO/?uri=CELEX:32025R0474,624,,,23e93a63eb75b4d7bddbab4ea1882be39b29edb491191fc395e0189495be94dc
Commission Implementing Decision (EU) 2025/444 of 5 March 2025 postponing the expiry date of the approval of benzoic acid for use in biocidal products of product-types 3 and 4 in accordance with Regulation (EU) No 528/2012 of the European Parliament and of the Council,C/2025/1331,"OJ L, 2025/444,  7.3.2025, ELI:http://data.europa.eu/eli/dec_impl/2025/444/oj(BG, ES, CS, DA, DE, ET, EL, EN, FR, GA, HR, IT, LV, LT, HU, MT, NL, PL, PT, RO, SK, SL, FI, SV)",In force,32025D0444,"BG, ES, CS, DA, DE, ET, EL, EN, FR, GA, HR, IT, LV, LT, HU, MT, NL, PL, PT, RO, SK, SL, FI, SV",Implementing decision,"European Commission, Directorate-General for Health and Food Safety",05/03/2025; Date of adoption,https://eur-lex.europa.eu/legal-content/AUTO/?uri=CELEX:32025D0444,624,,,ad36981dc79dc3cc06c7b361a05d7a698924fae534877c7cc63539e10d6c6e8a
Commission Implementing Decision (EU) 2024/2712 of 23 October 2024 on the unresolved objections regarding the conditions for granting an authorisation for the biocidal product Phenogen in accordance with Regulation (EU) No 528/2012 of the European Parliament and of the Council (notified under document C(2024) 7275),C/2024/7275,"OJ L, 2024/2712,  28.10.2024, ELI:http://data.europa.eu/eli/dec_impl/2024/2712/oj(BG, ES, CS, DA, DE, ET, EL, EN, FR, GA, HR, IT, LV, LT, HU, MT, NL, PL, PT, RO, SK, SL, FI, SV)",In force,32024D2712,"BG, ES, CS, DA, DE, ET, EL, EN, FR, GA, HR, IT, LV, LT, HU, MT, NL, PL, PT, RO, SK, SL, FI, SV",Implementing decision,"European Commission, Directorate-General for Health and Food Safety",23/10/2024; Date of adoption,https://eur-lex.europa.eu/legal-content/AUTO/?uri=CELEX:32024D2712,624,,,e89de8279508f89c0ac108d13b63b1caf9c4219bca0c993a9e68addc752e874c
Commission Implementing Regulation (EU) 2024/2679 of 15 October 2024 amending Implementing Regulation (EU) 2019/2076 as regards administrative and minor changes to the Union authorisation for the biocidal product family Contec IPA Product Family,C/2024/7093,"OJ L, 2024/2679,  16.10.2024, ELI:http://data.europa.eu/eli/reg_impl/2024/2679/oj(BG, ES, CS, DA, DE, ET, EL, EN, FR, GA, HR, IT, LV, LT, HU, MT, NL, PL, PT, RO, SK, SL, FI, SV)",In force,32024R2679,"BG, ES, CS, DA, DE, ET, EL, EN, FR, GA, HR, IT, LV, LT, HU, MT, NL, PL, PT, RO, SK, SL, FI, SV",Implementing regulation,"European Commission, Directorate-General for Health and Food Safety",15/10/2024; Date of adoption,https://eur-lex.europa.eu/legal-content/AUTO/?uri=CELEX:32024R2679,624,,,8bb7b6eeb0bc73de146e4039a59717b77523fe9a118bc226edfa3b60653df8f7
Commission Implementing Regulation (EU) 2024/2426 of 16 September 2024 granting a Union authorisation for the single biocidal product Nordkalk SL in accordance with Regulation (EU) No 528/2012 of the European Parliament and of the Council,C/2024/6439,"OJ L, 2024/2426,  17.9.2024, ELI:http://data.europa.eu/eli/reg_impl/2024/2426/oj(BG, ES, CS, DA, DE, ET, EL, EN, FR, GA, HR, IT, LV, LT, HU, MT, NL, PL, PT, RO, SK, SL, FI, SV)",In force,32024R2426,"BG, ES, CS, DA, DE, ET, EL, EN, FR, GA, HR, IT, LV, LT, HU, MT, NL, PL, PT, RO, SK, SL, FI, SV",Implementing regulation,"European Commission, Directorate-General for Health and Food Safety",16/09/2024; Date of adoption,https://eur-lex.europa.eu/legal-content/AUTO/?uri=CELEX:32024R2426,624,,,2414f87246ac594a076be1d93edd0d109ff92b49d3227e210a74badf17dee342
Commission Implementing Regulation (EU) 2024/2422 of 13 September 2024 granting a Union authorisation for the single biocidal product Ca(OH)2 PT03 in accordance with Regulation (EU) No 528/2012 of the European Parliament and of the Council,C/2024/6402,"OJ L, 2024/2422,  16.9.2024, ELI:http://data.europa.eu/eli/reg_impl/2024/2422/oj(BG, ES, CS, DA, DE, ET, EL, EN, FR, GA, HR, IT, LV, LT, HU, MT, NL, PL, PT, RO, SK, SL, FI, SV)",In force,32024R2422,"BG, ES, CS, DA, DE, ET, EL, EN, FR, GA, HR, IT, LV, LT, HU, MT, NL, PL, PT, RO, SK, SL, FI, SV",Implementing regulation,"European Commission, Directorate-General for Health and Food Safety",13/09/2024; Date of adoption,https://eur-lex.europa.eu/legal-content/AUTO/?uri=CELEX:32024R2422,624,,,7dfbe4386f21bbe199ee9fecc5c407d41fb2ec36bbd61f0387a5fd7c0152ceb6
Commission Implementing Regulation (EU) 2024/2205 of 4 September 2024 granting a Union authorisation for the biocidal product family SICO Biocidal Product Family in accordance with Regulation (EU) No 528/2012 of the European Parliament and of the Council,C/2024/6078,"OJ L, 2024/2205,  5.9.2024, ELI:http://data.europa.eu/eli/reg_impl/2024/2205/oj(BG, ES, CS, DA, DE, ET, EL, EN, FR, GA, HR, IT, LV, LT, HU, MT, NL, PL, PT, RO, SK, SL, FI, SV)",In force,32024R2205,"BG, ES, CS, DA, DE, ET, EL, EN, FR, GA, HR, IT, LV, LT, HU, MT, NL, PL, PT, RO, SK, SL, FI, SV",Implementing regulation,"European Commission, Directorate-General for Health and Food Safety",04/09/2024; Date of adoption,https://eur-lex.europa.eu/legal-content/AUTO/?uri=CELEX:32024R2205,625,,,9aa7fe1a40eb378839b4a8cc53a6b92b1d78a7053e42adafed85387ed6573bfe
Commission Implementing Regulation (EU) 2024/2194 of 4 September 2024 amending Implementing Regulation (EU) 2020/1991 as regards administrative and minor changes to the Union authorisation for the biocidal product family perform-IPA,C/2024/6022,"OJ L, 2024/2194,  5.9.2024, ELI:http://data.europa.eu/eli/reg_impl/2024/2194/oj(BG, ES, CS, DA, DE, ET, EL, EN, FR, GA, HR, IT, LV, LT, HU, MT, NL, PL, PT, RO, SK, SL, FI, SV)",In force,32024R2194,"BG, ES, CS, DA, DE, ET, EL, EN, FR, GA, HR, IT, LV, LT, HU, MT, NL, PL, PT, RO, SK, SL, FI, SV",Implementing regulation,"European Commission, Directorate-General for Health and Food Safety",04/09/2024; Date of adoption,https://eur-lex.europa.eu/legal-content/AUTO/?uri=CELEX:32024R2194,625,,,9c0d2c389ee7ae4bee72d36a62f23b233268f01cd1022d48e5af5a3aa35e26f2
Commission Implementing Regulation (EU) 2024/1990 of 22 July 2024 amending Implementing Regulation (EU) 2023/1763 as regards an administrative change to the Union authorisation of the biocidal product family Lactic acid Family – Quatchem,C/2024/5030,"OJ L, 2024/1990,  23.7.2024, ELI:http://data.europa.eu/eli/reg_impl/2024/1990/oj(BG, ES, CS, DA, DE, ET, EL, EN, FR, GA, HR, IT, LV, LT, HU, MT, NL, PL, PT, RO, SK, SL, FI, SV)",In force,32024R1990,"BG, ES, CS, DA, DE, ET, EL, EN, FR, GA, HR, IT, LV, LT, HU, MT, NL, PL, PT, RO, SK, SL, FI, SV",Implementing regulation,"European Commission, Directorate-General for Health and Food Safety",22/07/2024; Date of adoption,https://eur-lex.europa.eu/legal-content/AUTO/?uri=CELEX:32024R1990,625,,,ed9157027f8e43017eff1e996f1c3096615a31abfd92a1693646b0eada00985a
Commission Implementing Regulation (EU) 2024/1674 of 13 June 2024 granting a Union authorisation for the single biocidal product SANICALCO Q in accordance with Regulation (EU) No 528/2012 of the European Parliament and of the Council,C/2024/3851,"OJ L, 2024/1674,  14.6.2024, ELI:http://data.europa.eu/eli/reg_impl/2024/1674/oj(BG, ES, CS, DA, DE, ET, EL, EN, FR, GA, HR, IT, LV, LT, HU, MT, NL, PL, PT, RO, SK, SL, FI, SV)",In force,32024R1674,"BG, ES, CS, DA, DE, ET, EL, EN, FR, GA, HR, IT, LV, LT, HU, MT, NL, PL, PT, RO, SK, SL, FI, SV",Implementing regulation,"European Commission, Directorate-General for Health and Food Safety",13/06/2024; Date of adoption,https://eur-lex.europa.eu/legal-content/AUTO/?uri=CELEX:32024R1674,625,,,d0f817ac2d08f8027494976d7b78ed87a4205d329a6d110a2dacb57aa0de4ff1
Commission Implementing Regulation (EU) 2024/1491 of 29 May 2024 granting a Union authorisation for the single biocidal product CaO PT02-PT03 in accordance with Regulation (EU) No 528/2012 of the European Parliament and of the Council,C/2024/3485,"OJ L, 2024/1491,  30.5.2024, ELI:http://data.europa.eu/eli/reg_impl/2024/1491/oj(BG, ES, CS, DA, DE, ET, EL, EN, FR, GA, HR, IT, LV, LT, HU, MT, NL, PL, PT, RO, SK, SL, FI, SV)",In force,32024R1491,"BG, ES, CS, DA, DE, ET, EL, EN, FR, GA, HR, IT, LV, LT, HU, MT, NL, PL, PT, RO, SK, SL, FI, SV",Implementing regulation,"European Commission, Directorate-General for Health and Food Safety",29/05/2024; Date of adoption,https://eur-lex.europa.eu/legal-content/AUTO/?uri=CELEX:32024R1491,625,,,c8469a38102a0e78dacbe6d7ca42e194705d97eb6d384e1dfd5a0132e6808d9f
Commission Implementing Regulation (EU) 2024/1481 of 29 May 2024 granting a Union authorisation for the single biocidal product Nordkalk QL 0-2 in accordance with Regulation (EU) No 528/2012 of the European Parliament and of the Council,C/2024/3486,"OJ L, 2024/1481,  30.5.2024, ELI:http://data.europa.eu/eli/reg_impl/2024/1481/oj(BG, ES, CS, DA, DE, ET, EL, EN, FR, GA, HR, IT, LV, LT, HU, MT, NL, PL, PT, RO, SK, SL, FI, SV)",In force,32024R1481,"BG, ES, CS, DA, DE, ET, EL, EN, FR, GA, HR, IT, LV, LT, HU, MT, NL, PL, PT, RO, SK, SL, FI, SV",Implementing regulation,"European Commission, Directorate-General for Health and Food Safety",29/05/2024; Date of adoption,https://eur-lex.europa.eu/legal-content/AUTO/?uri=CELEX:32024R1481,625,,,cff854f018d58f99968fe1d76673d51ad3254437fc06e5c1c3f1d79af7481a53
Commission Implementing Regulation (EU) 2024/1482 of 29 May 2024 granting a Union authorisation for the single biocidal product Nordkalk CL 90-Q in accordance with Regulation (EU) No 528/2012 of the European Parliament and of the Council,C/2024/3475,"OJ L, 2024/1482,  30.5.2024, ELI:http://data.europa.eu/eli/reg_impl/2024/1482/oj(BG, ES, CS, DA, DE, ET, EL, EN, FR, GA, HR, IT, LV, LT, HU, MT, NL, PL, PT, RO, SK, SL, FI, SV)",In force,32024R1482,"BG, ES, CS, DA, DE, ET, EL, EN, FR, GA, HR, IT, LV, LT, HU, MT, NL, PL, PT, RO, SK, SL, FI, SV",Implementing regulation,"European Commission, Directorate-General for Health and Food Safety",29/05/2024; Date of adoption,https://eur-lex.europa.eu/legal-content/AUTO/?uri=CELEX:32024R1482,625,,,d51caa3ac9c9e70657034c506f92076af97d8265085e2b18d5492ec9c3590c20
Commission Implementing Regulation (EU) 2024/1302 of 14 May 2024 granting a Union authorisation for the single biocidal product CaO PT03 in accordance with Regulation (EU) No 528/2012 of the European Parliament and of the Council,C/2024/3096,"OJ L, 2024/1302,  15.5.2024, ELI:http://data.europa.eu/eli/reg_impl/2024/1302/oj(BG, ES, CS, DA, DE, ET, EL, EN, FR, GA, HR, IT, LV, LT, HU, MT, NL, PL, PT, RO, SK, SL, FI, SV)",In force,32024R1302,"BG, ES, CS, DA, DE, ET, EL, EN, FR, GA, HR, IT, LV, LT, HU, MT, NL, PL, PT, RO, SK, SL, FI, SV",Implementing regulation,"European Commission, Directorate-General for Health and Food Safety",14/05/2024; Date of adoption,https://eur-lex.europa.eu/legal-content/AUTO/?uri=CELEX:32024R1302,625,,,531041d7e2ebd98f5a23c2cadef3632a1325999f1232d89dbbba7eb2542b1dfb
Commission Implementing Regulation (EU) 2024/3094 of 27 November 2024 laying down detailed rules on certain selective devices to reduce incidental catches of cod in the Baltic Sea provided for in Annex VIII to Regulation (EU) 2019/1241 of the European Parliament and of the Council,C/2024/7932,"OJ L, 2024/3094,  10.12.2024, ELI:http://data.europa.eu/eli/reg_impl/2024/3094/oj(BG, ES, CS, DA, DE, ET, EL, EN, FR, GA, HR, IT, LV, LT, HU, MT, NL, PL, PT, RO, SK, SL, FI, SV)",In force,32024R3094,"BG, ES, CS, DA, DE, ET, EL, EN, FR, GA, HR, IT, LV, LT, HU, MT, NL, PL, PT, RO, SK, SL, FI, SV",Implementing regulation,"European Commission, Directorate-General for Maritime Affairs and Fisheries",27/11/2024; Date of adoption,https://eur-lex.europa.eu/legal-content/AUTO/?uri=CELEX:32024R3094,627,,,f84fee477bd3c895f6bfa0c01f5869f08cb917130288f309eda8d1c68952b486
Commission Delegated Regulation (EU) 2024/1296 of 28 February 2024 supplementing Regulation (EU) 2016/1139 of the European Parliament and of the Council concerning an exemption from the application of the landing obligation as regards salmon in the Baltic Sea for the period 2024-2026,C/2024/1162,"OJ L, 2024/1296,  7.5.2024, ELI:http://data.europa.eu/eli/reg_del/2024/1296/oj(BG, ES, CS, DA, DE, ET, EL, EN, FR, GA, HR, IT, LV, LT, HU, MT, NL, PL, PT, RO, SK, SL, FI, SV)",In force,32024R1296,"BG, ES, CS, DA, DE, ET, EL, EN, FR, GA, HR, IT, LV, LT, HU, MT, NL, PL, PT, RO, SK, SL, FI, SV",Delegated regulation,"European Commission, Directorate-General for Maritime Affairs and Fisheries",28/02/2024; Date of adoption,https://eur-lex.europa.eu/legal-content/AUTO/?uri=CELEX:32024R1296,627,,,dd71a2d0bb5adedc6309ead69fae79cf5269a03c21c04a99c8e8b0c96c9feb08
"Commission Implementing Regulation (EU) 2025/1080 of 2 June 2025 amending Implementing Regulation (EU) 2022/1659 as regards the time limit of the application of equivalent requirements for the introduction into the Union of fruits of Citrus sinensis Pers., originating from Israel in view of the risks posed by Thaumatotibia leucotreta",C/2025/3322,"OJ L, 2025/1080,  3.6.2025, ELI:http://data.europa.eu/eli/reg_impl/2025/1080/oj(BG, ES, CS, DA, DE, ET, EL, EN, FR, GA, HR, IT, LV, LT, HU, MT, NL, PL, PT, RO, SK, SL, FI, SV)",In force,32025R1080,"BG, ES, CS, DA, DE, ET, EL, EN, FR, GA, HR, IT, LV, LT, HU, MT, NL, PL, PT, RO, SK, SL, FI, SV",Implementing regulation,"European Commission, Directorate-General for Health and Food Safety",02/06/2025; Date of adoption,https://eur-lex.europa.eu/legal-content/AUTO/?uri=CELEX:32025R1080,628,,,af446cee9744732296ab745bfbb61902fc70394db28ceeb32fbd44f5d9d0c40b
Commission Implementing Regulation (EU) 2024/1045 of 9 April 2024 amending Regulation (EC) No 333/2007 as regards the methods of sampling and analysis for the control of levels of nickel in foodstuffs and amending certain references,C/2024/2136,"OJ L, 2024/1045,  10.4.2024, ELI:http://data.europa.eu/eli/reg_impl/2024/1045/oj(BG, ES, CS, DA, DE, ET, EL, EN, FR, GA, HR, IT, LV, LT, HU, MT, NL, PL, PT, RO, SK, SL, FI, SV)",In force,32024R1045,"BG, ES, CS, DA, DE, ET, EL, EN, FR, GA, HR, IT, LV, LT, HU, MT, NL, PL, PT, RO, SK, SL, FI, SV",Implementing regulation,"European Commission, Directorate-General for Health and Food Safety",09/04/2024; Date of adoption,https://eur-lex.europa.eu/legal-content/AUTO/?uri=CELEX:32024R1045,631,,,3a69fcde7858a84fbe62c91979ccfab8accd974cac42e9b1816c47089b49628e
"Commission Implementing Regulation (EU) 2024/2959 of 29 November 2024 designating European Union reference laboratories for public health on food- and water-borne bacteria; on food-, water- and vector-borne helminths and protozoa; and on food- and water-borne viruses",C/2024/8354,"OJ L, 2024/2959,  2.12.2024, ELI:http://data.europa.eu/eli/reg_impl/2024/2959/oj(BG, ES, CS, DA, DE, ET, EL, EN, FR, GA, HR, IT, LV, LT, HU, MT, NL, PL, PT, RO, SK, SL, FI, SV)",In force,32024R2959,"BG, ES, CS, DA, DE, ET, EL, EN, FR, GA, HR, IT, LV, LT, HU, MT, NL, PL, PT, RO, SK, SL, FI, SV",Implementing regulation,"European Commission, Directorate-General for Health and Food Safety",29/11/2024; Date of adoption,https://eur-lex.europa.eu/legal-content/AUTO/?uri=CELEX:32024R2959,641,,,ed7c1516d5bbcb2bd275797a284a668b909e5e6338d602d107258a770ad441b9
Commission Regulation (EU) 2024/1719 of 20 June 2024 correcting the Spanish language version of Regulation (EU) No 142/2011 implementing Regulation (EC) No 1069/2009 of the European Parliament and of the Council laying down health rules as regards animal by-products and derived products not intended for human consumption and implementing Council Directive 97/78/EC as regards certain samples and items exempt from veterinary checks at the border under that Directive,C/2024/4143,"OJ L, 2024/1719,  21.6.2024, ELI:http://data.europa.eu/eli/reg/2024/1719/oj(BG, ES, CS, DA, DE, ET, EL, EN, FR, GA, HR, IT, LV, LT, HU, MT, NL, PL, PT, RO, SK, SL, FI, SV)",In force,32024R1719,"BG, ES, CS, DA, DE, ET, EL, EN, FR, GA, HR, IT, LV, LT, HU, MT, NL, PL, PT, RO, SK, SL, FI, SV",Regulation,"European Commission, Directorate-General for Translation",20/06/2024; Date of adoption,https://eur-lex.europa.eu/legal-content/AUTO/?uri=CELEX:32024R1719,646,,,f4170a96cb9bcd792fecc5f1fcde2d2c6f5609540afdda4f88e3412a2db55b24
Commission Regulation (EU) 2024/1318 of 15 May 2024 amending Annex II to Regulation (EC) No 396/2005 of the European Parliament and of the Council as regards maximum residue levels prothioconazole in or on certain products,C/2024/3136,"OJ L, 2024/1318,  16.5.2024, ELI:http://data.europa.eu/eli/reg/2024/1318/oj(BG, ES, CS, DA, DE, ET, EL, EN, FR, GA, HR, IT, LV, LT, HU, MT, NL, PL, PT, RO, SK, SL, FI, SV)",In force,32024R1318,"BG, ES, CS, DA, DE, ET, EL, EN, FR, GA, HR, IT, LV, LT, HU, MT, NL, PL, PT, RO, SK, SL, FI, SV",Regulation,"European Commission, Directorate-General for Health and Food Safety",15/05/2024; Date of adoption,https://eur-lex.europa.eu/legal-content/AUTO/?uri=CELEX:32024R1318,654,,,54b16407ab78f7533abbe81f0258e9554754164d64211796f2ca205d73d16ac1
"Commission Delegated Regulation (EU) 2025/838 of 19 February 2025 amending Regulation (EU) 2018/975 of the European Parliament and of the Council as regards data reporting for the jack mackerel fishery, technical failure of the satellite-tracking device, vessel data requirements in Annex V, transhipment data requirements in Annexes VII, VIII and IX, and port data requirements in Annexes XI and XII",C/2025/937,"OJ L, 2025/838,  2.5.2025, ELI:http://data.europa.eu/eli/reg_del/2025/838/oj(BG, ES, CS, DA, DE, ET, EL, EN, FR, GA, HR, IT, LV, LT, HU, MT, NL, PL, PT, RO, SK, SL, FI, SV)",In force,32025R0838,"BG, ES, CS, DA, DE, ET, EL, EN, FR, GA, HR, IT, LV, LT, HU, MT, NL, PL, PT, RO, SK, SL, FI, SV",Delegated regulation,"European Commission, Directorate-General for Maritime Affairs and Fisheries",19/02/2025; Date of adoption,https://eur-lex.europa.eu/legal-content/AUTO/?uri=CELEX:32025R0838,659,,,878d64bc7abc2f85398f83148c06e2c9cd82b2e9c99bb68502da228dfbe39266
Commission Delegated Regulation (EU) 2024/3000 of 19 July 2024 amending Regulation (EU) 2019/1241 of the European Parliament and of the Council as regards a derogation from restrictions on fishing for sprat in ICES division 4b,C/2024/5023,"OJ L, 2024/3000,  3.12.2024, ELI:http://data.europa.eu/eli/reg_del/2024/3000/oj(BG, ES, CS, DA, DE, ET, EL, EN, FR, GA, HR, IT, LV, LT, HU, MT, NL, PL, PT, RO, SK, SL, FI, SV)",In force,32024R3000,"BG, ES, CS, DA, DE, ET, EL, EN, FR, GA, HR, IT, LV, LT, HU, MT, NL, PL, PT, RO, SK, SL, FI, SV",Delegated regulation,"European Commission, Directorate-General for Maritime Affairs and Fisheries",19/07/2024; Date of adoption,https://eur-lex.europa.eu/legal-content/AUTO/?uri=CELEX:32024R3000,659,,,cfb6f36768f7544d1bd68a07bbeab9dd2ee49369cce81f73422ab3e5d415844b
Council Regulation (EU) 2024/2903 of 18 November 2024 fixing the fishing opportunities for certain fish stocks and groups of fish stocks applicable in the Baltic Sea for 2025 and amending Regulation (EU) 2024/257 as regards certain fishing opportunities in other waters,ST/14775/2024/INIT,"OJ L, 2024/2903,  19.11.2024, ELI:http://data.europa.eu/eli/reg/2024/2903/oj(BG, ES, CS, DA, DE, ET, EL, EN, FR, GA, HR, IT, LV, LT, HU, MT, NL, PL, PT, RO, SK, SL, FI, SV)",In force,32024R2903,"BG, ES, CS, DA, DE, ET, EL, EN, FR, GA, HR, IT, LV, LT, HU, MT, NL, PL, PT, RO, SK, SL, FI, SV",Regulation,Council of the European Union,18/11/2024; Date of adoption,https://eur-lex.europa.eu/legal-content/AUTO/?uri=CELEX:32024R2903,659,,,8614a716dc979d1fc49b3fd1d0b7d3ed529a3656324cd852ca5a7e464a393970
Commission Implementing Regulation (EU) 2024/1890 of 11 July 2024 adding to the 2024 fishing quotas certain quantities withheld in the year 2023 pursuant to Article 4(2) of Council Regulation (EC) No 847/96,C/2024/4776,"OJ L, 2024/1890,  12.7.2024, ELI:http://data.europa.eu/eli/reg_impl/2024/1890/oj(BG, ES, CS, DA, DE, ET, EL, EN, FR, GA, HR, IT, LV, LT, HU, MT, NL, PL, PT, RO, SK, SL, FI, SV)",In force,32024R1890,"BG, ES, CS, DA, DE, ET, EL, EN, FR, GA, HR, IT, LV, LT, HU, MT, NL, PL, PT, RO, SK, SL, FI, SV",Implementing regulation,"European Commission, Directorate-General for Maritime Affairs and Fisheries",11/07/2024; Date of adoption,https://eur-lex.europa.eu/legal-content/AUTO/?uri=CELEX:32024R1890,659,,,ef52f10b84a94753f27aeebcd26ac3024489a6079c8214385ff3a020a9ab2fcc
Commission Delegated Regulation (EU) 2024/1388 of 11 March 2024 correcting Delegated Regulation (EU) 2023/2623 supplementing Regulation (EU) 2019/472 of the European Parliament and of the Council by specifying details of the landing obligation for certain fisheries in Western Waters for the period 2024-2027,C/2024/1411,"OJ L, 2024/1388,  22.5.2024, ELI:http://data.europa.eu/eli/reg_del/2024/1388/oj(BG, ES, CS, DA, DE, ET, EL, EN, FR, GA, HR, IT, LV, LT, HU, MT, NL, PL, PT, RO, SK, SL, FI, SV)",In force,32024R1388,"BG, ES, CS, DA, DE, ET, EL, EN, FR, GA, HR, IT, LV, LT, HU, MT, NL, PL, PT, RO, SK, SL, FI, SV",Delegated regulation,"European Commission, Directorate-General for Maritime Affairs and Fisheries",11/03/2024; Date of adoption,https://eur-lex.europa.eu/legal-content/AUTO/?uri=CELEX:32024R1388,659,,,bec0735a674c137662b6bc3f8230bc03f950606b9e81bde79202c726d340f2a4
Commission Implementing Regulation (EU) 2025/127 of 27 January 2025 correcting certain language versions of Implementing Regulation (EU) 2021/808 on the performance of analytical methods for residues of pharmacologically active substances used in food-producing animals and on the interpretation of results as well as on the methods to be used for sampling,C/2025/423,"OJ L, 2025/127,  28.1.2025, ELI:http://data.europa.eu/eli/reg_impl/2025/127/oj(BG, ES, CS, DA, DE, ET, EL, EN, FR, GA, HR, IT, LV, LT, HU, MT, NL, PL, PT, RO, SK, SL, FI, SV)",In force,32025R0127,"BG, ES, CS, DA, DE, ET, EL, EN, FR, GA, HR, IT, LV, LT, HU, MT, NL, PL, PT, RO, SK, SL, FI, SV",Implementing regulation,"European Commission, Directorate-General for Translation",27/01/2025; Date of adoption,https://eur-lex.europa.eu/legal-content/AUTO/?uri=CELEX:32025R0127,662,,,6718c4491d1849fd0bccf4e58301e3f75e8a1a93da9f7dc8049570bb8fbf1a56
"Commission Implementing Regulation (EU) 2024/591 of 20 February 2024 amending Implementing Regulation (EU) 2022/2389 concerning the establishment of frequency rates for identity checks and physical checks on consignments of plants, plant products and other objects entering the Union",C/2024/955,"OJ L, 2024/591,  21.2.2024, ELI:http://data.europa.eu/eli/reg_impl/2024/591/oj(BG, ES, CS, DA, DE, ET, EL, EN, FR, GA, HR, IT, LV, LT, HU, MT, NL, PL, PT, RO, SK, SL, FI, SV)",In force,32024R0591,"BG, ES, CS, DA, DE, ET, EL, EN, FR, GA, HR, IT, LV, LT, HU, MT, NL, PL, PT, RO, SK, SL, FI, SV",Implementing regulation,"European Commission, Directorate-General for Health and Food Safety",20/02/2024; Date of adoption,https://eur-lex.europa.eu/legal-content/AUTO/?uri=CELEX:32024R0591,662,,,539da7af1e5fa4bcc8a96004bea73a1c64a8b034330f608ded624efb3ed51227
Commission Implementing Decision (EU) 2025/949 of 22 May 2025 postponing the expiry date of the approval of decanoic acid for use in biocidal products of product-type 4 in accordance with Regulation (EU) No 528/2012 of the European Parliament and of the Council,C/2025/3127,"OJ L, 2025/949,  26.5.2025, ELI:http://data.europa.eu/eli/dec_impl/2025/949/oj(BG, ES, CS, DA, DE, ET, EL, EN, FR, GA, HR, IT, LV, LT, HU, MT, NL, PL, PT, RO, SK, SL, FI, SV)",In force,32025D0949,"BG, ES, CS, DA, DE, ET, EL, EN, FR, GA, HR, IT, LV, LT, HU, MT, NL, PL, PT, RO, SK, SL, FI, SV",Implementing decision,"European Commission, Directorate-General for Health and Food Safety",22/05/2025; Date of adoption,https://eur-lex.europa.eu/legal-content/AUTO/?uri=CELEX:32025D0949,663,,,b9955ac092b04adf20b5d7669e6abc2078c81b34b897290cfc8ae6c18cbcfbe4
Commission Implementing Decision (EU) 2025/951 of 22 May 2025 postponing the expiry date of the approval of polyvinylpyrrolidone iodine for use in biocidal products of product-types 1 and 3 in accordance with Regulation (EU) No 528/2012 of the European Parliament and of the Council,C/2025/3118,"OJ L, 2025/951,  26.5.2025, ELI:http://data.europa.eu/eli/dec_impl/2025/951/oj(BG, ES, CS, DA, DE, ET, EL, EN, FR, GA, HR, IT, LV, LT, HU, MT, NL, PL, PT, RO, SK, SL, FI, SV)",In force,32025D0951,"BG, ES, CS, DA, DE, ET, EL, EN, FR, GA, HR, IT, LV, LT, HU, MT, NL, PL, PT, RO, SK, SL, FI, SV",Implementing decision,"European Commission, Directorate-General for Health and Food Safety",22/05/2025; Date of adoption,https://eur-lex.europa.eu/legal-content/AUTO/?uri=CELEX:32025D0951,663,,,4fcc8beee4654d35e52746ede8be2a731799476495dc49cdbd84b019f3ce29ce
Commission Implementing Decision (EU) 2025/946 of 22 May 2025 postponing the expiry date of the approval of octanoic acid for use in biocidal products of product-type 4 in accordance with Regulation (EU) No 528/2012 of the European Parliament and of the Council,C/2025/3111,"OJ L, 2025/946,  23.5.2025, ELI:http://data.europa.eu/eli/dec_impl/2025/946/oj(BG, ES, CS, DA, DE, ET, EL, EN, FR, GA, HR, IT, LV, LT, HU, MT, NL, PL, PT, RO, SK, SL, FI, SV)",In force,32025D0946,"BG, ES, CS, DA, DE, ET, EL, EN, FR, GA, HR, IT, LV, LT, HU, MT, NL, PL, PT, RO, SK, SL, FI, SV",Implementing decision,"European Commission, Directorate-General for Health and Food Safety",22/05/2025; Date of adoption,https://eur-lex.europa.eu/legal-content/AUTO/?uri=CELEX:32025D0946,663,,,69e3babf46ed99070c0915f941b601c2ada3631c119b5b879ec67da25bdb1fa7
Commission Implementing Decision (EU) 2025/360 of 21 February 2025 postponing the expiry date of the approval of bromoacetic acid for use in biocidal products of product-type 4 in accordance with Regulation (EU) No 528/2012 of the European Parliament and of the Council,C/2025/1038,"OJ L, 2025/360,  25.2.2025, ELI:http://data.europa.eu/eli/dec_impl/2025/360/oj(BG, ES, CS, DA, DE, ET, EL, EN, FR, GA, HR, IT, LV, LT, HU, MT, NL, PL, PT, RO, SK, SL, FI, SV)",In force,32025D0360,"BG, ES, CS, DA, DE, ET, EL, EN, FR, GA, HR, IT, LV, LT, HU, MT, NL, PL, PT, RO, SK, SL, FI, SV",Implementing decision,"European Commission, Directorate-General for Health and Food Safety",21/02/2025; Date of adoption,https://eur-lex.europa.eu/legal-content/AUTO/?uri=CELEX:32025D0360,663,,,5f53712b731e204452870426173ed97f070bdefc99af16517e9c93ddded31804
Commission Implementing Regulation (EU) 2025/285 of 12 February 2025 amending Implementing Regulation (EU) 2023/1758 as regards administrative changes to the Union authorisation of the biocidal product family SALVECO SALVESAFE PRODUCTS,C/2025/826,"OJ L, 2025/285,  13.2.2025, ELI:http://data.europa.eu/eli/reg_impl/2025/285/oj(BG, ES, CS, DA, DE, ET, EL, EN, FR, GA, HR, IT, LV, LT, HU, MT, NL, PL, PT, RO, SK, SL, FI, SV)",In force,32025R0285,"BG, ES, CS, DA, DE, ET, EL, EN, FR, GA, HR, IT, LV, LT, HU, MT, NL, PL, PT, RO, SK, SL, FI, SV",Implementing regulation,"European Commission, Directorate-General for Health and Food Safety",12/02/2024; Date of adoption,https://eur-lex.europa.eu/legal-content/AUTO/?uri=CELEX:32025R0285,663,,,1e9be95d60829c28c7a37ee512f73f7509f58701d37069f38f0d0d3fb95f2c3b
Commission Implementing Regulation (EU) 2024/1767 of 26 June 2024 granting a Union authorisation for the biocidal product family Sure Lactic Family in accordance with Regulation (EU) No 528/2012 of the European Parliament and of the Council,C/2024/4325,"OJ L, 2024/1767,  27.6.2024, ELI:http://data.europa.eu/eli/reg_impl/2024/1767/oj(BG, ES, CS, DA, DE, ET, EL, EN, FR, GA, HR, IT, LV, LT, HU, MT, NL, PL, PT, RO, SK, SL, FI, SV)",In force,32024R1767,"BG, ES, CS, DA, DE, ET, EL, EN, FR, GA, HR, IT, LV, LT, HU, MT, NL, PL, PT, RO, SK, SL, FI, SV",Implementing regulation,"European Commission, Directorate-General for Health and Food Safety",26/06/2024; Date of adoption,https://eur-lex.europa.eu/legal-content/AUTO/?uri=CELEX:32024R1767,663,,,78d923d06425aee3c7603a55ce6b7e76f14e151a2dc2631edbaaf2335efec566
Commission Implementing Regulation (EU) 2024/819 of 8 March 2024 imposing a definitive anti-dumping duty on imports of certain corrosion resistant steels originating in the People’s Republic of China following an expiry review pursuant to Article 11(2) of Regulation (EU) 2016/1036 of the European Parliament and of the Council,C/2024/1378,"OJ L, 2024/819,  11.3.2024, ELI:http://data.europa.eu/eli/reg_impl/2024/819/oj(BG, ES, CS, DA, DE, ET, EL, EN, FR, GA, HR, IT, LV, LT, HU, MT, NL, PL, PT, RO, SK, SL, FI, SV)",In force,32024R0819,"BG, ES, CS, DA, DE, ET, EL, EN, FR, GA, HR, IT, LV, LT, HU, MT, NL, PL, PT, RO, SK, SL, FI, SV",Implementing regulation,"European Commission, Directorate-General for Trade and Economic Security",08/03/2024; Date of adoption,https://eur-lex.europa.eu/legal-content/AUTO/?uri=CELEX:32024R0819,666,,,59f2171a472cee1fb83dd4c50c4708b4d59a02bb73eea27d9ab84c376461a3ca
Commission Implementing Regulation (EU) 2024/819 of 8 March 2024 imposing a definitive anti-dumping duty on imports of certain corrosion resistant steels originating in the People’s Republic of China following an expiry review pursuant to Article 11(2) of Regulation (EU) 2016/1036 of the European Parliament and of the Council,C/2024/1378,"OJ L, 2024/819,  11.3.2024, ELI:http://data.europa.eu/eli/reg_impl/2024/819/oj(BG, ES, CS, DA, DE, ET, EL, EN, FR, GA, HR, IT, LV, LT, HU, MT, NL, PL, PT, RO, SK, SL, FI, SV)",In force,32024R0819,"BG, ES, CS, DA, DE, ET, EL, EN, FR, GA, HR, IT, LV, LT, HU, MT, NL, PL, PT, RO, SK, SL, FI, SV",Implementing regulation,"European Commission, Directorate-General for Trade and Economic Security",08/03/2024; Date of adoption,https://eur-lex.europa.eu/legal-content/AUTO/?uri=CELEX:32024R0819,667,,,59f2171a472cee1fb83dd4c50c4708b4d59a02bb73eea27d9ab84c376461a3ca
Commission Implementing Regulation (EU) 2024/870 of 13 March 2024 amending Annex I to Implementing Regulation (EU) 2023/594 laying down special control measures for African swine fever,C/2024/1758,"OJ L, 2024/870,  14.3.2024, ELI:http://data.europa.eu/eli/reg_impl/2024/870/oj(BG, ES, CS, DA, DE, ET, EL, EN, FR, GA, HR, IT, LV, LT, HU, MT, NL, PL, PT, RO, SK, SL, FI, SV)",In force,32024R0870,"BG, ES, CS, DA, DE, ET, EL, EN, FR, GA, HR, IT, LV, LT, HU, MT, NL, PL, PT, RO, SK, SL, FI, SV",Implementing regulation,"European Commission, Directorate-General for Health and Food Safety",13/03/2024; Date of adoption,https://eur-lex.europa.eu/legal-content/AUTO/?uri=CELEX:32024R0870,667,,,adacedc3089ae5a9490e28d9935ec681ed2e1526c06ca17b1d1f4d2b6fef8d0e
Decision No S12 of 16 October 2024 concerning the reimbursement of healthcare in connection to patients’ transfer to another Member State in case of mass casualties following disasters,PUB/2025/236,"OJ C, C/2025/1598,  13.3.2025, ELI:http://data.europa.eu/eli/C/2025/1598/oj(BG, ES, CS, DA, DE, ET, EL, EN, FR, GA, HR, IT, LV, LT, HU, MT, NL, PL, PT, RO, SK, SL, FI, SV)",In force,32025D01598,"BG, ES, CS, DA, DE, ET, EL, EN, FR, GA, HR, IT, LV, LT, HU, MT, NL, PL, PT, RO, SK, SL, FI, SV",Decision,Administrative Commission for the Coordination of Social Security Systems,16/10/2024; Date of adoption,https://eur-lex.europa.eu/legal-content/AUTO/?uri=CELEX:32025D01598,673,,,d6401ffc6d8ebe882f87981a16497fd69cc10765516332d3995806cc7bd0b718
"Council Decision (EU) 2025/521 of 10 March 2025 on the signing, on behalf of the European Union, of the Agreement between the European Union and the Republic of Lebanon, in the form of an Exchange of Letters, amending and supplementing the Agreement for scientific and technological cooperation between the European Union and the Republic of Lebanon setting out the terms and conditions for the participation of the Republic of Lebanon in the Partnership for Research and Innovation in the Mediterranean Area (PRIMA)",ST/5943/2025/INIT,"OJ L, 2025/521,  18.3.2025, ELI:http://data.europa.eu/eli/dec/2025/521/oj(BG, ES, CS, DA, DE, ET, EL, EN, FR, GA, HR, IT, LV, LT, HU, MT, NL, PL, PT, RO, SK, SL, FI, SV)",In force,32025D0521,"BG, ES, CS, DA, DE, ET, EL, EN, FR, GA, HR, IT, LV, LT, HU, MT, NL, PL, PT, RO, SK, SL, FI, SV",Decision,Council of the European Union,10/03/2025; Date of adoption,https://eur-lex.europa.eu/legal-content/AUTO/?uri=CELEX:32025D0521,674,,,15a6d93e8b6a2237f99971322d2fc331acbcf99175053e8f36a39ccd0d829310
"Commission Regulation (EU) 2025/351 of 21 February 2025 amending Regulation (EU) No 10/2011 on plastic materials and articles intended to come into contact with food, amending Regulation (EU) 2022/1616 on recycled plastic materials and articles intended to come into contact with foods, and repealing Regulation (EC) No 282/2008, and amending Regulation (EC) No 2023/2006 on good manufacturing practice for materials and articles intended to come into contact with food as regards recycled plastic and other matters related to quality control and manufacturing of plastic materials and articles intended to come into contact with food",C/2025/1085,"OJ L, 2025/351,  24.2.2025, ELI:http://data.europa.eu/eli/reg/2025/351/oj(BG, ES, CS, DA, DE, ET, EL, EN, FR, GA, HR, IT, LV, LT, HU, MT, NL, PL, PT, RO, SK, SL, FI, SV)",In force,32025R0351,"BG, ES, CS, DA, DE, ET, EL, EN, FR, GA, HR, IT, LV, LT, HU, MT, NL, PL, PT, RO, SK, SL, FI, SV",Regulation,"European Commission, Directorate-General for Health and Food Safety",21/02/2025; Date of adoption,https://eur-lex.europa.eu/legal-content/AUTO/?uri=CELEX:32025R0351,675,,,3d0f11fe51e5d5c01698ae0d66241fd82b6f6acabe6af3372fffac8f3afd89f3
"Commission Regulation (EU) 2025/351 of 21 February 2025 amending Regulation (EU) No 10/2011 on plastic materials and articles intended to come into contact with food, amending Regulation (EU) 2022/1616 on recycled plastic materials and articles intended to come into contact with foods, and repealing Regulation (EC) No 282/2008, and amending Regulation (EC) No 2023/2006 on good manufacturing practice for materials and articles intended to come into contact with food as regards recycled plastic and other matters related to quality control and manufacturing of plastic materials and articles intended to come into contact with food",C/2025/1085,"OJ L, 2025/351,  24.2.2025, ELI:http://data.europa.eu/eli/reg/2025/351/oj(BG, ES, CS, DA, DE, ET, EL, EN, FR, GA, HR, IT, LV, LT, HU, MT, NL, PL, PT, RO, SK, SL, FI, SV)",In force,32025R0351,"BG, ES, CS, DA, DE, ET, EL, EN, FR, GA, HR, IT, LV, LT, HU, MT, NL, PL, PT, RO, SK, SL, FI, SV",Regulation,"European Commission, Directorate-General for Health and Food Safety",21/02/2025; Date of adoption,https://eur-lex.europa.eu/legal-content/AUTO/?uri=CELEX:32025R0351,676,,,3d0f11fe51e5d5c01698ae0d66241fd82b6f6acabe6af3372fffac8f3afd89f3
Commission Implementing Decision (EU) 2024/1736 of 21 June 2024 laying down the final import response on behalf of the Union concerning the future import of terbufos pursuant to Regulation (EU) No 649/2012 of the European Parliament and of the Council,C/2024/4212,"OJ L, 2024/1736,  24.6.2024, ELI:http://data.europa.eu/eli/dec_impl/2024/1736/oj(BG, ES, CS, DA, DE, ET, EL, EN, FR, GA, HR, IT, LV, LT, HU, MT, NL, PL, PT, RO, SK, SL, FI, SV)",In force,32024D1736,"BG, ES, CS, DA, DE, ET, EL, EN, FR, GA, HR, IT, LV, LT, HU, MT, NL, PL, PT, RO, SK, SL, FI, SV",Implementing decision,"European Commission, Directorate-General for Environment",21/06/2024; Date of adoption,https://eur-lex.europa.eu/legal-content/AUTO/?uri=CELEX:32024D1736,681,,,8dfc4ff239223bccc6fe2b0e1ae3f6bad35fe98db4b14d51e128b4de38461fc9
Commission Regulation (EU) 2024/1595 of 5 June 2024 correcting certain language versions of Regulation (EU) 2023/1783 as regards the transitional provision on the applicability of Regulation (EC) No 396/2005 of the European Parliament and of the Council to certain active substances,C/2024/3657,"OJ L, 2024/1595,  6.6.2024, ELI:http://data.europa.eu/eli/reg/2024/1595/oj(BG, ES, CS, DA, DE, ET, EL, EN, FR, GA, HR, IT, LV, LT, HU, MT, NL, PL, PT, RO, SK, SL, FI, SV)",In force,32024R1595,"BG, ES, CS, DA, DE, ET, EL, EN, FR, GA, HR, IT, LV, LT, HU, MT, NL, PL, PT, RO, SK, SL, FI, SV",Regulation,"European Commission, Directorate-General for Translation",05/06/2024; Date of adoption,https://eur-lex.europa.eu/legal-content/AUTO/?uri=CELEX:32024R1595,681,,,bded4a5130b4885319bb7b857312656b0e6e9ee5a4dce193d9d8544df2d2ad42
"Commission Regulation (EU) 2024/1439 of 24 May 2024 amending Annexes II and III to Regulation (EC) No 396/2005 of the European Parliament and of the Council as regards maximum residue levels for fenazaquin, mepiquat and propamocarb in or on certain products",C/2024/3344,"OJ L, 2024/1439,  27.5.2024, ELI:http://data.europa.eu/eli/reg/2024/1439/oj(BG, ES, CS, DA, DE, ET, EL, EN, FR, GA, HR, IT, LV, LT, HU, MT, NL, PL, PT, RO, SK, SL, FI, SV)",In force,32024R1439,"BG, ES, CS, DA, DE, ET, EL, EN, FR, GA, HR, IT, LV, LT, HU, MT, NL, PL, PT, RO, SK, SL, FI, SV",Regulation,"European Commission, Directorate-General for Health and Food Safety",24/05/2024; Date of adoption,https://eur-lex.europa.eu/legal-content/AUTO/?uri=CELEX:32024R1439,681,,,7706cad0ce2f3425694a4e0efa3c84505cf08eb1b20e80ed6c5e25bf2f6e9681
"Commission Regulation (EU) 2024/1076 of 15 April 2024 amending Annexes II and V to Regulation (EC) No 396/2005 of the European Parliament and of the Council as regards maximum residue levels for bispyribac, metosulam, oryzalin, oxasulfuron and triazoxide in or on certain products",C/2024/2345,"OJ L, 2024/1076,  16.4.2024, ELI:http://data.europa.eu/eli/reg/2024/1076/oj(BG, ES, CS, DA, DE, ET, EL, EN, FR, GA, HR, IT, LV, LT, HU, MT, NL, PL, PT, RO, SK, SL, FI, SV)",In force,32024R1076,"BG, ES, CS, DA, DE, ET, EL, EN, FR, GA, HR, IT, LV, LT, HU, MT, NL, PL, PT, RO, SK, SL, FI, SV",Regulation,"European Commission, Directorate-General for Health and Food Safety",15/04/2024; Date of adoption,https://eur-lex.europa.eu/legal-content/AUTO/?uri=CELEX:32024R1076,681,,,d3795fe511df010585c169ad50a28bb91a195ecdf901c07c537c83e50ba5abd0
Commission Regulation (EU) 2024/451 of 5 February 2024 amending Annex III to Regulation (EC) No 396/2005 of the European Parliament and of the Council as regards maximum residue levels for nicotine in or on certain products,C/2024/633,"OJ L, 2024/451,  6.2.2024, ELI:http://data.europa.eu/eli/reg/2024/451/oj(BG, ES, CS, DA, DE, ET, EL, EN, FR, GA, HR, IT, LV, LT, HU, MT, NL, PL, PT, RO, SK, SL, FI, SV)",In force,32024R0451,"BG, ES, CS, DA, DE, ET, EL, EN, FR, GA, HR, IT, LV, LT, HU, MT, NL, PL, PT, RO, SK, SL, FI, SV",Regulation,"European Commission, Directorate-General for Health and Food Safety",05/02/2024; Date of adoption,https://eur-lex.europa.eu/legal-content/AUTO/?uri=CELEX:32024R0451,681,,,37df4f89fa45039758693985ed7158cf5770053005655b55d721ed33c96a801a
"Commission Regulation (EU) 2024/345 of 22 January 2024 amending Annexes II, III and V to Regulation (EC) No 396/2005 of the European Parliament and of the Council as regards maximum residue levels for desmedipham, etridiazole, flurtamone, profoxydim, difenacoum and potassium permanganate in or on certain products",C/2024/268,"OJ L, 2024/345,  23.1.2024, ELI:http://data.europa.eu/eli/reg/2024/345/oj(BG, ES, CS, DA, DE, ET, EL, EN, FR, GA, HR, IT, LV, LT, HU, MT, NL, PL, PT, RO, SK, SL, FI, SV)",In force,32024R0345,"BG, ES, CS, DA, DE, ET, EL, EN, FR, GA, HR, IT, LV, LT, HU, MT, NL, PL, PT, RO, SK, SL, FI, SV",Regulation,"European Commission, Directorate-General for Health and Food Safety",22/01/2024; Date of adoption,https://eur-lex.europa.eu/legal-content/AUTO/?uri=CELEX:32024R0345,681,,,7dedf48f5415104c5e23f29b9ba72da2e444e544e762561b5c386c5718f87573
"Commission Regulation (EU) 2024/341 of 22 January 2024 amending Annexes II and V to Regulation (EC) No 396/2005 of the European Parliament and of the Council as regards maximum residue levels for diethofencarb, fenoxycarb, flutriafol and pencycuron in or on certain products",C/2024/280,"OJ L, 2024/341,  23.1.2024, ELI:http://data.europa.eu/eli/reg/2024/341/oj(BG, ES, CS, DA, DE, ET, EL, EN, FR, GA, HR, IT, LV, LT, HU, MT, NL, PL, PT, RO, SK, SL, FI, SV)",In force,32024R0341,"BG, ES, CS, DA, DE, ET, EL, EN, FR, GA, HR, IT, LV, LT, HU, MT, NL, PL, PT, RO, SK, SL, FI, SV",Regulation,"European Commission, Directorate-General for Health and Food Safety",22/01/2024; Date of adoption,https://eur-lex.europa.eu/legal-content/AUTO/?uri=CELEX:32024R0341,681,,,a9e207a286954ea47fc43b4ac1968d1e6d5e3921b549e2d15aa7845fda605e85
Commission Regulation (EU) 2024/331 of 19 January 2024 amending Annexes II and V to Regulation (EC) No 396/2005 of the European Parliament and of the Council as regards maximum residue levels for oxamyl in or on certain products,C/2024/260,"OJ L, 2024/331,  22.1.2024, ELI:http://data.europa.eu/eli/reg/2024/331/oj(BG, ES, CS, DA, DE, ET, EL, EN, FR, GA, HR, IT, LV, LT, HU, MT, NL, PL, PT, RO, SK, SL, FI, SV)",In force,32024R0331,"BG, ES, CS, DA, DE, ET, EL, EN, FR, GA, HR, IT, LV, LT, HU, MT, NL, PL, PT, RO, SK, SL, FI, SV",Regulation,"European Commission, Directorate-General for Health and Food Safety",19/01/2024; Date of adoption,https://eur-lex.europa.eu/legal-content/AUTO/?uri=CELEX:32024R0331,681,,,afac170c8cd76756e54b190ccd567fd52ee500a724fa228e3bd8e90841d03555
"Commission Regulation (EU) 2024/246 of 16 January 2024 amending Annex IV to Regulation (EC) No 396/2005 of the European Parliament and of the Council as regards Pythium oligandrum strain M1, Trichoderma atroviride strain AGR2 and Trichoderma atroviride strain AT10",C/2024/118,"OJ L, 2024/246,  17.1.2024, ELI:http://data.europa.eu/eli/reg/2024/246/oj(BG, ES, CS, DA, DE, ET, EL, EN, FR, GA, HR, IT, LV, LT, HU, MT, NL, PL, PT, RO, SK, SL, FI, SV)",In force,32024R0246,"BG, ES, CS, DA, DE, ET, EL, EN, FR, GA, HR, IT, LV, LT, HU, MT, NL, PL, PT, RO, SK, SL, FI, SV",Regulation,"European Commission, Directorate-General for Health and Food Safety",16/01/2024; Date of adoption,https://eur-lex.europa.eu/legal-content/AUTO/?uri=CELEX:32024R0246,681,,,5d8f6478e733f525110618d546af90ecf44b6e72f6f71af068331fc40dc358bb
Commission Implementing Regulation (EU) 2024/1653 of 4 June 2024 granting a Union authorisation for the biocidal product family Thonhauser PAA in accordance with Regulation (EU) No 528/2012 of the European Parliament and of the Council,C/2024/3572,"OJ L, 2024/1653,  7.6.2024, ELI:http://data.europa.eu/eli/reg_impl/2024/1653/oj(BG, ES, CS, DA, DE, ET, EL, EN, FR, GA, HR, IT, LV, LT, HU, MT, NL, PL, PT, RO, SK, SL, FI, SV)",In force,32024R1653,"BG, ES, CS, DA, DE, ET, EL, EN, FR, GA, HR, IT, LV, LT, HU, MT, NL, PL, PT, RO, SK, SL, FI, SV",Implementing regulation,"European Commission, Directorate-General for Health and Food Safety",04/06/2024; Date of adoption,https://eur-lex.europa.eu/legal-content/AUTO/?uri=CELEX:32024R1653,694,,,e4b8fb93facd6bfa8b56bff3296c2f998478db095230819887a8b5db04766065
Commission Implementing Decision (EU) 2024/237 of 15 January 2024 amending Implementing Decision (EU) 2019/450 as regards the publication of references of European Assessment Documents for three-layer polyethylene-based coating for corrosion protection of steel pipes and other construction products,C/2024/65,"OJ L, 2024/237,  17.1.2024, ELI:http://data.europa.eu/eli/dec_impl/2024/237/oj(BG, ES, CS, DA, DE, ET, EL, EN, FR, GA, HR, IT, LV, LT, HU, MT, NL, PL, PT, RO, SK, SL, FI, SV)",In force,32024D0237,"BG, ES, CS, DA, DE, ET, EL, EN, FR, GA, HR, IT, LV, LT, HU, MT, NL, PL, PT, RO, SK, SL, FI, SV",Implementing decision,"European Commission, Directorate-General for Internal Market, Industry, Entrepreneurship and SMEs",15/01/2024; Date of adoption,https://eur-lex.europa.eu/legal-content/AUTO/?uri=CELEX:32024D0237,696,,,c16aa1abb21c032e322ebfd91559f22eacfc5cf0632cc25032ece246ce00c54a
Council Decision (EU) 2025/93 of 10 January 2025 on the position to be taken on behalf of the European Union in the written procedure by the Participants to the Arrangement on Officially Supported Export Credits as regards the adoption of a decision on amendments to that Arrangement,ST/16807/2024/INIT,"OJ L, 2025/93,  16.1.2025, ELI:http://data.europa.eu/eli/dec/2025/93/oj(BG, ES, CS, DA, DE, ET, EL, EN, FR, GA, HR, IT, LV, LT, HU, MT, NL, PL, PT, RO, SK, SL, FI, SV)",In force,32025D0093,"BG, ES, CS, DA, DE, ET, EL, EN, FR, GA, HR, IT, LV, LT, HU, MT, NL, PL, PT, RO, SK, SL, FI, SV",Decision,Council of the European Union,10/01/2025; Date of adoption,https://eur-lex.europa.eu/legal-content/AUTO/?uri=CELEX:32025D0093,697,,,c016ada342be241d779f8b3ba5a2641ca0cb7fc0b0d04e40b4ff8f42ac9e8a13
Council Decision (CFSP) 2025/1554 of 25 July 2025 on an assistance measure under the European Peace Facility to support the Djibouti Armed Forces,ST/10363/2025/INIT,"OJ L, 2025/1554,  28.7.2025, ELI:http://data.europa.eu/eli/dec/2025/1554/oj(BG, ES, CS, DA, DE, ET, EL, EN, FR, GA, HR, IT, LV, LT, HU, MT, NL, PL, PT, RO, SK, SL, FI, SV)",In force,32025D1554,"BG, ES, CS, DA, DE, ET, EL, EN, FR, GA, HR, IT, LV, LT, HU, MT, NL, PL, PT, RO, SK, SL, FI, SV",Decision,Council of the European Union,25/07/2025; Date of adoption,https://eur-lex.europa.eu/legal-content/AUTO/?uri=CELEX:32025D1554,708,,,63d261a5e6b74e095bb1a6dd337b79e864580684d7a41002df3570680b567651
Political and Security Committee Decision (CFSP) 2024/2590 of 24 September 2024 extending the mandate of the Head of the Civilian Command and Support Cell of the European Union Security and Defence Initiative in support of West African countries of the Gulf of Guinea (EUSDI/2/2024),ST/13172/2024/INIT,"OJ L, 2024/2590,  30.9.2024, ELI:http://data.europa.eu/eli/dec/2024/2590/oj(BG, ES, CS, DA, DE, ET, EL, EN, FR, GA, HR, IT, LV, LT, HU, MT, NL, PL, PT, RO, SK, SL, FI, SV)",In force,32024D2590,"BG, ES, CS, DA, DE, ET, EL, EN, FR, GA, HR, IT, LV, LT, HU, MT, NL, PL, PT, RO, SK, SL, FI, SV",Decision,Political and Security Committee,24/09/2024; Date of adoption,https://eur-lex.europa.eu/legal-content/AUTO/?uri=CELEX:32024D2590,708,,,6d6ac0df78ba77ad5accdee8f466e15f25a343f5d5bcfa6fea6410f9e8d19384
"Commission Regulation (EU) 2025/1305 of 2 July 2025 amending Annexes II, III and IV to Regulation (EC) No 396/2005 of the European Parliament and of the Council as regards maximum residue levels for amidosulfuron, azoxystrobin, hexythiazox, isoxaben, picloram, propamocarb, sodium silver thiosulfate and tefluthrin in or on certain products",C/2025/4303,"OJ L, 2025/1305,  3.7.2025, ELI:http://data.europa.eu/eli/reg/2025/1305/oj(BG, ES, CS, DA, DE, ET, EL, EN, FR, GA, HR, IT, LV, LT, HU, MT, NL, PL, PT, RO, SK, SL, FI, SV)",In force,32025R1305,"BG, ES, CS, DA, DE, ET, EL, EN, FR, GA, HR, IT, LV, LT, HU, MT, NL, PL, PT, RO, SK, SL, FI, SV",Regulation,"European Commission, Directorate-General for Health and Food Safety",02/07/2025; Date of adoption,https://eur-lex.europa.eu/legal-content/AUTO/?uri=CELEX:32025R1305,708,,,b0b23d2e069303f88b2615559a7915289efabe1afab885d2dbb7e54761ae87db
"Commission Regulation (EU) 2025/1090 of 2 June 2025 amending Annex XVII to Regulation (EC) No 1907/2006 of the European Parliament and of the Council as regards N,N-dimethylacetamide (DMAC) and 1-ethylpyrrolidin-2-one (NEP)",C/2025/3318,"OJ L, 2025/1090,  3.6.2025, ELI:http://data.europa.eu/eli/reg/2025/1090/oj(BG, ES, CS, DA, DE, ET, EL, EN, FR, GA, HR, IT, LV, LT, HU, MT, NL, PL, PT, RO, SK, SL, FI, SV)",In force,32025R1090,"BG, ES, CS, DA, DE, ET, EL, EN, FR, GA, HR, IT, LV, LT, HU, MT, NL, PL, PT, RO, SK, SL, FI, SV",Regulation,"European Commission, Directorate-General for Internal Market, Industry, Entrepreneurship and SMEs",02/06/2025; Date of adoption,https://eur-lex.europa.eu/legal-content/AUTO/?uri=CELEX:32025R1090,708,,,123f9f72692d3dfd3cfb50ce849a4ea5fe39e3f1039a83f1320eb2e9b6a80610
"Commission Implementing Regulation (EU) 2025/854 of 7 May 2025 concerning a coordinated multiannual control programme of the Union for 2026, 2027 and 2028 to ensure compliance with maximum residue levels of pesticides and to assess the consumer exposure to pesticide residues in and on food of plant and animal origin and repealing Implementing Regulation (EU) 2024/989",C/2025/2660,"OJ L, 2025/854,  8.5.2025, ELI:http://data.europa.eu/eli/reg_impl/2025/854/oj(BG, ES, CS, DA, DE, ET, EL, EN, FR, GA, HR, IT, LV, LT, HU, MT, NL, PL, PT, RO, SK, SL, FI, SV)",Date of entry into force unknown (pending notification) or not yet in force.,32025R0854,"BG, ES, CS, DA, DE, ET, EL, EN, FR, GA, HR, IT, LV, LT, HU, MT, NL, PL, PT, RO, SK, SL, FI, SV",Implementing regulation,"European Commission, Directorate-General for Health and Food Safety",07/05/2025; Date of adoption,https://eur-lex.europa.eu/legal-content/AUTO/?uri=CELEX:32025R0854,708,,,a17f4d233086424dc02f72c7341ea3a17ee87986158471053fe966c0acbb8d86
"Commission Regulation (EU) 2025/1305 of 2 July 2025 amending Annexes II, III and IV to Regulation (EC) No 396/2005 of the European Parliament and of the Council as regards maximum residue levels for amidosulfuron, azoxystrobin, hexythiazox, isoxaben, picloram, propamocarb, sodium silver thiosulfate and tefluthrin in or on certain products",C/2025/4303,"OJ L, 2025/1305,  3.7.2025, ELI:http://data.europa.eu/eli/reg/2025/1305/oj(BG, ES, CS, DA, DE, ET, EL, EN, FR, GA, HR, IT, LV, LT, HU, MT, NL, PL, PT, RO, SK, SL, FI, SV)",In force,32025R1305,"BG, ES, CS, DA, DE, ET, EL, EN, FR, GA, HR, IT, LV, LT, HU, MT, NL, PL, PT, RO, SK, SL, FI, SV",Regulation,"European Commission, Directorate-General for Health and Food Safety",02/07/2025; Date of adoption,https://eur-lex.europa.eu/legal-content/AUTO/?uri=CELEX:32025R1305,709,,,b0b23d2e069303f88b2615559a7915289efabe1afab885d2dbb7e54761ae87db
"Commission Regulation (EU) 2025/1090 of 2 June 2025 amending Annex XVII to Regulation (EC) No 1907/2006 of the European Parliament and of the Council as regards N,N-dimethylacetamide (DMAC) and 1-ethylpyrrolidin-2-one (NEP)",C/2025/3318,"OJ L, 2025/1090,  3.6.2025, ELI:http://data.europa.eu/eli/reg/2025/1090/oj(BG, ES, CS, DA, DE, ET, EL, EN, FR, GA, HR, IT, LV, LT, HU, MT, NL, PL, PT, RO, SK, SL, FI, SV)",In force,32025R1090,"BG, ES, CS, DA, DE, ET, EL, EN, FR, GA, HR, IT, LV, LT, HU, MT, NL, PL, PT, RO, SK, SL, FI, SV",Regulation,"European Commission, Directorate-General for Internal Market, Industry, Entrepreneurship and SMEs",02/06/2025; Date of adoption,https://eur-lex.europa.eu/legal-content/AUTO/?uri=CELEX:32025R1090,709,,,123f9f72692d3dfd3cfb50ce849a4ea5fe39e3f1039a83f1320eb2e9b6a80610
"Commission Implementing Regulation (EU) 2025/854 of 7 May 2025 concerning a coordinated multiannual control programme of the Union for 2026, 2027 and 2028 to ensure compliance with maximum residue levels of pesticides and to assess the consumer exposure to pesticide residues in and on food of plant and animal origin and repealing Implementing Regulation (EU) 2024/989",C/2025/2660,"OJ L, 2025/854,  8.5.2025, ELI:http://data.europa.eu/eli/reg_impl/2025/854/oj(BG, ES, CS, DA, DE, ET, EL, EN, FR, GA, HR, IT, LV, LT, HU, MT, NL, PL, PT, RO, SK, SL, FI, SV)",Date of entry into force unknown (pending notification) or not yet in force.,32025R0854,"BG, ES, CS, DA, DE, ET, EL, EN, FR, GA, HR, IT, LV, LT, HU, MT, NL, PL, PT, RO, SK, SL, FI, SV",Implementing regulation,"European Commission, Directorate-General for Health and Food Safety",07/05/2025; Date of adoption,https://eur-lex.europa.eu/legal-content/AUTO/?uri=CELEX:32025R0854,709,,,a17f4d233086424dc02f72c7341ea3a17ee87986158471053fe966c0acbb8d86
"Commission Implementing Regulation (EU) 2025/623 of 28 March 2025 establishing, pursuant to Regulation (EU) 2024/573 of the European Parliament and of the Council minimum requirements for certificates of natural persons and the conditions for the mutual recognition of such certificates as regards the recovery of fluorinated greenhouse gas-based solvents from equipment and repealing Commission Regulation (EC) No 306/2008",C/2025/1772,"OJ L, 2025/623,  31.3.2025, ELI:http://data.europa.eu/eli/reg_impl/2025/623/oj(BG, ES, CS, DA, DE, ET, EL, EN, FR, GA, HR, IT, LV, LT, HU, MT, NL, PL, PT, RO, SK, SL, FI, SV)",In force,32025R0623,"BG, ES, CS, DA, DE, ET, EL, EN, FR, GA, HR, IT, LV, LT, HU, MT, NL, PL, PT, RO, SK, SL, FI, SV",Implementing regulation,"European Commission, Directorate-General for Climate Action",28/03/2025; Date of adoption,https://eur-lex.europa.eu/legal-content/AUTO/?uri=CELEX:32025R0623,709,,,abdfe4ad27fdadabafc6532c911ded8e7b5e7d7b6560514d97d0508094280f66
"Commission Regulation (EU) 2025/581 of 27 March 2025 amending Annexes II and IV to Regulation (EC) No 396/2005 of the European Parliament and of the Council as regards maximum residue levels for cycloxydim, dichlorprop-P, flupyradifurone, methyl nonyl ketone, plant oils/citronella oil, potassium sorbate and potassium phosphonate in or on certain products",C/2025/1799,"OJ L, 2025/581,  28.3.2025, ELI:http://data.europa.eu/eli/reg/2025/581/oj(BG, ES, CS, DA, DE, ET, EL, EN, FR, GA, HR, IT, LV, LT, HU, MT, NL, PL, PT, RO, SK, SL, FI, SV)",In force,32025R0581,"BG, ES, CS, DA, DE, ET, EL, EN, FR, GA, HR, IT, LV, LT, HU, MT, NL, PL, PT, RO, SK, SL, FI, SV",Regulation,"European Commission, Directorate-General for Health and Food Safety",27/03/2025; Date of adoption,https://eur-lex.europa.eu/legal-content/AUTO/?uri=CELEX:32025R0581,709,,,65d6db04a6cdd0d1ecb9a378ee7b0d2093fa38384b23bdca8b0d67d3792cf826
Commission Regulation (EU) 2025/195 of 3 February 2025 amending Annex II to Regulation (EC) No 396/2005 of the European Parliament and of the Council as regards maximum residue levels for fenbuconazole and penconazole in or on certain products,C/2025/612,"OJ L, 2025/195,  4.2.2025, ELI:http://data.europa.eu/eli/reg/2025/195/oj(BG, ES, CS, DA, DE, ET, EL, EN, FR, GA, HR, IT, LV, LT, HU, MT, NL, PL, PT, RO, SK, SL, FI, SV)",In force,32025R0195,"BG, ES, CS, DA, DE, ET, EL, EN, FR, GA, HR, IT, LV, LT, HU, MT, NL, PL, PT, RO, SK, SL, FI, SV",Regulation,"European Commission, Directorate-General for Health and Food Safety",03/02/2025; Date of adoption,https://eur-lex.europa.eu/legal-content/AUTO/?uri=CELEX:32025R0195,709,,,4d3ec9ee2abeff69bb4f977436aa86d63254e5e9b62129fa0c4376a15b2101f5
Commission Implementing Decision (EU) 2024/2073 of 31 July 2024 refusing the renewal of the authorisation of Smoke Concentrate 809045 (SF-003) as a smoke flavouring primary product (notified under document C(2024) 3703),C/2024/3703,"OJ L, 2024/2073,  1.8.2024, ELI:http://data.europa.eu/eli/dec_impl/2024/2073/oj(BG, ES, CS, DA, DE, ET, EL, EN, FR, GA, HR, IT, LV, LT, HU, MT, NL, PL, PT, RO, SK, SL, FI, SV)",In force,32024D2073,"BG, ES, CS, DA, DE, ET, EL, EN, FR, GA, HR, IT, LV, LT, HU, MT, NL, PL, PT, RO, SK, SL, FI, SV",Implementing decision,"European Commission, Directorate-General for Health and Food Safety",31/07/2024; Date of adoption,https://eur-lex.europa.eu/legal-content/AUTO/?uri=CELEX:32024D2073,710,,,c09df17b9d202757bd7769945c3a3d8da372c59db748e1d90d07e9681cdf9f70
Commission Implementing Decision (EU) 2024/2072 of 31 July 2024 refusing the renewal of the authorisation of Scansmoke SEF 7525 (SF-004) as a smoke flavouring primary product (notified under document C(2024) 3704),C/2024/3704,"OJ L, 2024/2072,  1.8.2024, ELI:http://data.europa.eu/eli/dec_impl/2024/2072/oj(BG, ES, CS, DA, DE, ET, EL, EN, FR, GA, HR, IT, LV, LT, HU, MT, NL, PL, PT, RO, SK, SL, FI, SV)",In force,32024D2072,"BG, ES, CS, DA, DE, ET, EL, EN, FR, GA, HR, IT, LV, LT, HU, MT, NL, PL, PT, RO, SK, SL, FI, SV",Implementing decision,"European Commission, Directorate-General for Health and Food Safety",31/07/2024; Date of adoption,https://eur-lex.europa.eu/legal-content/AUTO/?uri=CELEX:32024D2072,710,,,98a5c69c7a5262bd09627d3fa8f92cc54d86dc0655d0d3702f70bed654000b13
Commission Implementing Decision (EU) 2024/2079 of 31 July 2024 refusing the renewal of the authorisation of SmokEz C-10 (SF-005) as a smoke flavouring primary product (notified under document C(2024) 3705),C/2024/3705,"OJ L, 2024/2079,  1.8.2024, ELI:http://data.europa.eu/eli/dec_impl/2024/2079/oj(BG, ES, CS, DA, DE, ET, EL, EN, FR, GA, HR, IT, LV, LT, HU, MT, NL, PL, PT, RO, SK, SL, FI, SV)",In force,32024D2079,"BG, ES, CS, DA, DE, ET, EL, EN, FR, GA, HR, IT, LV, LT, HU, MT, NL, PL, PT, RO, SK, SL, FI, SV",Implementing decision,"European Commission, Directorate-General for Health and Food Safety",31/07/2024; Date of adoption,https://eur-lex.europa.eu/legal-content/AUTO/?uri=CELEX:32024D2079,710,,,69cbeefb7c0e4049d8a32ba0aa106469d3fb18abb336050e281e808c9bbc40d2
Commission Implementing Decision (EU) 2024/2071 of 31 July 2024 refusing the renewal of the authorisation of Scansmoke PB 1110 (SF-001) as a smoke flavouring primary product (notified under document C(2024) 3700),C/2024/3700,"OJ L, 2024/2071,  1.8.2024, ELI:http://data.europa.eu/eli/dec_impl/2024/2071/oj(BG, ES, CS, DA, DE, ET, EL, EN, FR, GA, HR, IT, LV, LT, HU, MT, NL, PL, PT, RO, SK, SL, FI, SV)",In force,32024D2071,"BG, ES, CS, DA, DE, ET, EL, EN, FR, GA, HR, IT, LV, LT, HU, MT, NL, PL, PT, RO, SK, SL, FI, SV",Implementing decision,"European Commission, Directorate-General for Health and Food Safety",31/07/2024; Date of adoption,https://eur-lex.europa.eu/legal-content/AUTO/?uri=CELEX:32024D2071,710,,,565d5d97ee15fe7db74277ebd2079c3f3cf15372d888c0322829c070e4a94c68
"Commission Regulation (EU) 2024/1342 of 21 May 2024 amending Annex II to Regulation (EC) No 396/2005 of the European Parliament and of the Council as regards maximum residue levels for deltamethrin, metalaxyl, thiabendazole and trifloxystrobin in or on certain products",C/2024/3240,"OJ L, 2024/1342,  22.5.2024, ELI:http://data.europa.eu/eli/reg/2024/1342/oj(BG, ES, CS, DA, DE, ET, EL, EN, FR, GA, HR, IT, LV, LT, HU, MT, NL, PL, PT, RO, SK, SL, FI, SV)",In force,32024R1342,"BG, ES, CS, DA, DE, ET, EL, EN, FR, GA, HR, IT, LV, LT, HU, MT, NL, PL, PT, RO, SK, SL, FI, SV",Regulation,"European Commission, Directorate-General for Health and Food Safety",21/05/2024; Date of adoption,https://eur-lex.europa.eu/legal-content/AUTO/?uri=CELEX:32024R1342,710,,,761a44fe91d8bc213dda53208a40a282c16cb8b7a9edaf9cb9c8878ad4e61f85
"Commission Regulation (EU) 2024/1355 of 21 May 2024 amending Annexes II, III and V to Regulation (EC) No 396/2005 of the European Parliament and of the Council as regards maximum residue levels for benzovindiflupyr, chlorantraniliprole, emamectin, quinclorac, spiromesifen, and triflumuron in or on certain products",C/2024/3255,"OJ L, 2024/1355,  22.5.2024, ELI:http://data.europa.eu/eli/reg/2024/1355/oj(BG, ES, CS, DA, DE, ET, EL, EN, FR, GA, HR, IT, LV, LT, HU, MT, NL, PL, PT, RO, SK, SL, FI, SV)",In force,32024R1355,"BG, ES, CS, DA, DE, ET, EL, EN, FR, GA, HR, IT, LV, LT, HU, MT, NL, PL, PT, RO, SK, SL, FI, SV",Regulation,"European Commission, Directorate-General for Health and Food Safety",21/05/2024; Date of adoption,https://eur-lex.europa.eu/legal-content/AUTO/?uri=CELEX:32024R1355,710,,,db836182ee199661601f94547b3774de6d501817e2238aded8846daa55a03a2f
Commission Regulation (EU) 2024/1314 of 15 May 2024 amending Annex III to Regulation (EC) No 396/2005 of the European Parliament and of the Council as regards maximum residue levels for dithianon in or on certain products,C/2024/3150,"OJ L, 2024/1314,  16.5.2024, ELI:http://data.europa.eu/eli/reg/2024/1314/oj(BG, ES, CS, DA, DE, ET, EL, EN, FR, GA, HR, IT, LV, LT, HU, MT, NL, PL, PT, RO, SK, SL, FI, SV)",In force,32024R1314,"BG, ES, CS, DA, DE, ET, EL, EN, FR, GA, HR, IT, LV, LT, HU, MT, NL, PL, PT, RO, SK, SL, FI, SV",Regulation,"European Commission, Directorate-General for Health and Food Safety",15/05/2024; Date of adoption,https://eur-lex.europa.eu/legal-content/AUTO/?uri=CELEX:32024R1314,710,,,1a3fb4f23b61cfb065479a902877774826cfccfd47d1c0cf0d437fa60f9f2d5f
"Commission Regulation (EU) 2024/1077 of 15 April 2024 amending Annex II to Regulation (EC) No 396/2005 of the European Parliament and of the Council as regards maximum residue levels for 2,4-DB, iodosulfuron-methyl, mesotrione and pyraflufen-ethyl in or on certain products",C/2024/2342,"OJ L, 2024/1077,  16.4.2024, ELI:http://data.europa.eu/eli/reg/2024/1077/oj(BG, ES, CS, DA, DE, ET, EL, EN, FR, GA, HR, IT, LV, LT, HU, MT, NL, PL, PT, RO, SK, SL, FI, SV)",In force,32024R1077,"BG, ES, CS, DA, DE, ET, EL, EN, FR, GA, HR, IT, LV, LT, HU, MT, NL, PL, PT, RO, SK, SL, FI, SV",Regulation,"European Commission, Directorate-General for Health and Food Safety",15/04/2024; Date of adoption,https://eur-lex.europa.eu/legal-content/AUTO/?uri=CELEX:32024R1077,710,,,4b0c7891af5eafa147de2d16b87b5226c347066bcbfeca68009bdb85fbd49c25
"Commission Regulation (EU) 2024/996 of 3 April 2024 amending Regulation (EC) No 1223/2009 of the European Parliament and of the Council as regards the use of Vitamin A, Alpha-Arbutin and Arbutin and certain substances with potential endocrine disrupting properties in cosmetic products",C/2024/1768,"OJ L, 2024/996,  4.4.2024, ELI:http://data.europa.eu/eli/reg/2024/996/oj(BG, ES, CS, DA, DE, ET, EL, EN, FR, GA, HR, IT, LV, LT, HU, MT, NL, PL, PT, RO, SK, SL, FI, SV)",In force,32024R0996,"BG, ES, CS, DA, DE, ET, EL, EN, FR, GA, HR, IT, LV, LT, HU, MT, NL, PL, PT, RO, SK, SL, FI, SV",Regulation,"European Commission, Directorate-General for Internal Market, Industry, Entrepreneurship and SMEs",03/04/2024; Date of adoption,https://eur-lex.europa.eu/legal-content/AUTO/?uri=CELEX:32024R0996,710,,,fcfe54cc655cf48fc9d3d3773649c43215e12c4632a6b6dc1c7dd2cc5397653f
"Commission Implementing Regulation (EU) 2024/989 of 2 April 2024 concerning a coordinated multiannual control programme of the Union for 2025, 2026 and 2027 to ensure compliance with maximum residue levels of pesticides and to assess the consumer exposure to pesticide residues in and on food of plant and animal origin and repealing Implementing Regulation (EU) 2023/731",C/2024/1939,"OJ L, 2024/989,  3.4.2024, ELI:http://data.europa.eu/eli/reg_impl/2024/989/oj(BG, ES, CS, DA, DE, ET, EL, EN, FR, GA, HR, IT, LV, LT, HU, MT, NL, PL, PT, RO, SK, SL, FI, SV)",In force,32024R0989,"BG, ES, CS, DA, DE, ET, EL, EN, FR, GA, HR, IT, LV, LT, HU, MT, NL, PL, PT, RO, SK, SL, FI, SV",Implementing regulation,"European Commission, Directorate-General for Health and Food Safety",02/04/2024; Date of adoption,https://eur-lex.europa.eu/legal-content/AUTO/?uri=CELEX:32024R0989,710,,,e934d90dab14852848990c013398b00ed16d0b68bf73faac5b2da1bf1737cb76
"Commission Regulation (EU) 2024/996 of 3 April 2024 amending Regulation (EC) No 1223/2009 of the European Parliament and of the Council as regards the use of Vitamin A, Alpha-Arbutin and Arbutin and certain substances with potential endocrine disrupting properties in cosmetic products",C/2024/1768,"OJ L, 2024/996,  4.4.2024, ELI:http://data.europa.eu/eli/reg/2024/996/oj(BG, ES, CS, DA, DE, ET, EL, EN, FR, GA, HR, IT, LV, LT, HU, MT, NL, PL, PT, RO, SK, SL, FI, SV)",In force,32024R0996,"BG, ES, CS, DA, DE, ET, EL, EN, FR, GA, HR, IT, LV, LT, HU, MT, NL, PL, PT, RO, SK, SL, FI, SV",Regulation,"European Commission, Directorate-General for Internal Market, Industry, Entrepreneurship and SMEs",03/04/2024; Date of adoption,https://eur-lex.europa.eu/legal-content/AUTO/?uri=CELEX:32024R0996,711,,,fcfe54cc655cf48fc9d3d3773649c43215e12c4632a6b6dc1c7dd2cc5397653f
"Commission Implementing Regulation (EU) 2024/989 of 2 April 2024 concerning a coordinated multiannual control programme of the Union for 2025, 2026 and 2027 to ensure compliance with maximum residue levels of pesticides and to assess the consumer exposure to pesticide residues in and on food of plant and animal origin and repealing Implementing Regulation (EU) 2023/731",C/2024/1939,"OJ L, 2024/989,  3.4.2024, ELI:http://data.europa.eu/eli/reg_impl/2024/989/oj(BG, ES, CS, DA, DE, ET, EL, EN, FR, GA, HR, IT, LV, LT, HU, MT, NL, PL, PT, RO, SK, SL, FI, SV)",In force,32024R0989,"BG, ES, CS, DA, DE, ET, EL, EN, FR, GA, HR, IT, LV, LT, HU, MT, NL, PL, PT, RO, SK, SL, FI, SV",Implementing regulation,"European Commission, Directorate-General for Health and Food Safety",02/04/2024; Date of adoption,https://eur-lex.europa.eu/legal-content/AUTO/?uri=CELEX:32024R0989,711,,,e934d90dab14852848990c013398b00ed16d0b68bf73faac5b2da1bf1737cb76
Commission Regulation (EU) 2024/891 of 22 March 2024 amending Annexes II and V to Regulation (EC) No 396/2005 of the European Parliament and of the Council as regards maximum residue levels for bifenazate in or on certain products,C/2024/1806,"OJ L, 2024/891,  25.3.2024, ELI:http://data.europa.eu/eli/reg/2024/891/oj(BG, ES, CS, DA, DE, ET, EL, EN, FR, GA, HR, IT, LV, LT, HU, MT, NL, PL, PT, RO, SK, SL, FI, SV)",In force,32024R0891,"BG, ES, CS, DA, DE, ET, EL, EN, FR, GA, HR, IT, LV, LT, HU, MT, NL, PL, PT, RO, SK, SL, FI, SV",Regulation,"European Commission, Directorate-General for Health and Food Safety",22/03/2024; Date of adoption,https://eur-lex.europa.eu/legal-content/AUTO/?uri=CELEX:32024R0891,711,,,b202e4589f2f6cc9abc666a6bc52112952890c53c7aeebc0fa4aacb8c4e90dad
Commission Regulation (EU) 2024/398 of 29 January 2024 amending Annex II to Regulation (EC) No 396/2005 of the European Parliament and of the Council as regards maximum residue levels for haloxyfop in or on certain products,C/2024/446,"OJ L, 2024/398,  30.1.2024, ELI:http://data.europa.eu/eli/reg/2024/398/oj(BG, ES, CS, DA, DE, ET, EL, EN, FR, GA, HR, IT, LV, LT, HU, MT, NL, PL, PT, RO, SK, SL, FI, SV)",In force,32024R0398,"BG, ES, CS, DA, DE, ET, EL, EN, FR, GA, HR, IT, LV, LT, HU, MT, NL, PL, PT, RO, SK, SL, FI, SV",Regulation,"European Commission, Directorate-General for Health and Food Safety",29/01/2024; Date of adoption,https://eur-lex.europa.eu/legal-content/AUTO/?uri=CELEX:32024R0398,711,,,9fc79ce870a413e2b5744f3fbb9cb5b4e8650136deb054e8dd31adf92633416c
Commission Regulation (EU) 2024/344 of 22 January 2024 amending and correcting Annex II to Regulation (EC) No 396/2005 of the European Parliament and of the Council as regards maximum residue levels for mandipropamid in or on certain products,C/2024/342,"OJ L, 2024/344,  23.1.2024, ELI:http://data.europa.eu/eli/reg/2024/344/oj(BG, ES, CS, DA, DE, ET, EL, EN, FR, GA, HR, IT, LV, LT, HU, MT, NL, PL, PT, RO, SK, SL, FI, SV)",In force,32024R0344,"BG, ES, CS, DA, DE, ET, EL, EN, FR, GA, HR, IT, LV, LT, HU, MT, NL, PL, PT, RO, SK, SL, FI, SV",Regulation,"European Commission, Directorate-General for Health and Food Safety",22/01/2024; Date of adoption,https://eur-lex.europa.eu/legal-content/AUTO/?uri=CELEX:32024R0344,711,,,400710cb8d71f8ff82b1d399b2ce51cf4c1ea377d3e225c3bbb87308b161b74c
"Commission Regulation (EU) 2024/342 of 22 January 2024 amending Annex II to Regulation (EC) No 396/2005 of the European Parliament and of the Council as regards maximum residue levels for cyflumetofen, oxathiapiprolin and pyraclostrobin in or on certain products",C/2024/292,"OJ L, 2024/342,  23.1.2024, ELI:http://data.europa.eu/eli/reg/2024/342/oj(BG, ES, CS, DA, DE, ET, EL, EN, FR, GA, HR, IT, LV, LT, HU, MT, NL, PL, PT, RO, SK, SL, FI, SV)",In force,32024R0342,"BG, ES, CS, DA, DE, ET, EL, EN, FR, GA, HR, IT, LV, LT, HU, MT, NL, PL, PT, RO, SK, SL, FI, SV",Regulation,"European Commission, Directorate-General for Health and Food Safety",22/01/2024; Date of adoption,https://eur-lex.europa.eu/legal-content/AUTO/?uri=CELEX:32024R0342,711,,,678c73b1f790a69b28b0f7e1dfab0ce494a9f8dec43ce8e57b3072389b2a336f
"Commission Regulation (EU) 2024/352 of 22 January 2024 amending Annexes II and V to Regulation (EC) No 396/2005 of the European Parliament and of the Council as regards maximum residue levels for (Z)-13-hexadecen-11-yn-1-yl acetate, (Z,Z,Z,Z)-7,13,16,19-docosatetraen-1-yl isobutyrate, acrinathrin, azimsulfuron, famoxadone, prochloraz and sodium hypochlorite in or on certain products",C/2024/357,"OJ L, 2024/352,  23.1.2024, ELI:http://data.europa.eu/eli/reg/2024/352/oj(BG, ES, CS, DA, DE, ET, EL, EN, FR, GA, HR, IT, LV, LT, HU, MT, NL, PL, PT, RO, SK, SL, FI, SV)",In force,32024R0352,"BG, ES, CS, DA, DE, ET, EL, EN, FR, GA, HR, IT, LV, LT, HU, MT, NL, PL, PT, RO, SK, SL, FI, SV",Regulation,"European Commission, Directorate-General for Health and Food Safety",22/01/2024; Date of adoption,https://eur-lex.europa.eu/legal-content/AUTO/?uri=CELEX:32024R0352,711,,,6d7d097eb484240c76cd1a042f20e77e216497abd8bec4d049271217e3b2809f
"Commission Regulation (EU) 2024/3190 of 19 December 2024 on the use of bisphenol A (BPA) and other bisphenols and bisphenol derivatives with harmonised classification for specific hazardous properties in certain materials and articles intended to come into contact with food, amending Regulation (EU) No 10/2011 and repealing Regulation (EU) 2018/213",C/2024/8885,"OJ L, 2024/3190,  31.12.2024, ELI:http://data.europa.eu/eli/reg/2024/3190/oj(BG, ES, CS, DA, DE, ET, EL, EN, FR, GA, HR, IT, LV, LT, HU, MT, NL, PL, PT, RO, SK, SL, FI, SV)",In force,32024R3190,"BG, ES, CS, DA, DE, ET, EL, EN, FR, GA, HR, IT, LV, LT, HU, MT, NL, PL, PT, RO, SK, SL, FI, SV",Regulation,"European Commission, Directorate-General for Health and Food Safety",19/12/2024; Date of adoption,https://eur-lex.europa.eu/legal-content/AUTO/?uri=CELEX:32024R3190,715,,,47b061a9a5523de13fd69d10b6b03c2690313dddf993d3d23777680ab43759fe
"Commission Regulation (EU) 2024/2492 of 23 September 2024 amending Regulation (EC) No 440/2008 as regards the test methods, to adapt them to technical progress",C/2024/6545,"OJ L, 2024/2492,  24.9.2024, ELI:http://data.europa.eu/eli/reg/2024/2492/oj(BG, ES, CS, DA, DE, ET, EL, EN, FR, GA, HR, IT, LV, LT, HU, MT, NL, PL, PT, RO, SK, SL, FI, SV)",In force,32024R2492,"BG, ES, CS, DA, DE, ET, EL, EN, FR, GA, HR, IT, LV, LT, HU, MT, NL, PL, PT, RO, SK, SL, FI, SV",Regulation,"European Commission, Directorate-General for Environment",23/09/2024; Date of adoption,https://eur-lex.europa.eu/legal-content/AUTO/?uri=CELEX:32024R2492,715,,,21ccd0f4ec2ccd47c5e65a3c73c31575bc27aadba953715b3ba6ab4187dc5a13
"Commission Regulation (EU) 2024/3190 of 19 December 2024 on the use of bisphenol A (BPA) and other bisphenols and bisphenol derivatives with harmonised classification for specific hazardous properties in certain materials and articles intended to come into contact with food, amending Regulation (EU) No 10/2011 and repealing Regulation (EU) 2018/213",C/2024/8885,"OJ L, 2024/3190,  31.12.2024, ELI:http://data.europa.eu/eli/reg/2024/3190/oj(BG, ES, CS, DA, DE, ET, EL, EN, FR, GA, HR, IT, LV, LT, HU, MT, NL, PL, PT, RO, SK, SL, FI, SV)",In force,32024R3190,"BG, ES, CS, DA, DE, ET, EL, EN, FR, GA, HR, IT, LV, LT, HU, MT, NL, PL, PT, RO, SK, SL, FI, SV",Regulation,"European Commission, Directorate-General for Health and Food Safety",19/12/2024; Date of adoption,https://eur-lex.europa.eu/legal-content/AUTO/?uri=CELEX:32024R3190,716,,,47b061a9a5523de13fd69d10b6b03c2690313dddf993d3d23777680ab43759fe
"Commission Regulation (EU) 2024/2492 of 23 September 2024 amending Regulation (EC) No 440/2008 as regards the test methods, to adapt them to technical progress",C/2024/6545,"OJ L, 2024/2492,  24.9.2024, ELI:http://data.europa.eu/eli/reg/2024/2492/oj(BG, ES, CS, DA, DE, ET, EL, EN, FR, GA, HR, IT, LV, LT, HU, MT, NL, PL, PT, RO, SK, SL, FI, SV)",In force,32024R2492,"BG, ES, CS, DA, DE, ET, EL, EN, FR, GA, HR, IT, LV, LT, HU, MT, NL, PL, PT, RO, SK, SL, FI, SV",Regulation,"European Commission, Directorate-General for Environment",23/09/2024; Date of adoption,https://eur-lex.europa.eu/legal-content/AUTO/?uri=CELEX:32024R2492,716,,,21ccd0f4ec2ccd47c5e65a3c73c31575bc27aadba953715b3ba6ab4187dc5a13
Commission Implementing Regulation (EU) 2025/223 of 6 February 2025 amending Implementing Regulation (EU) 2022/1423 as regards minor changes to the Union authorisation for the biocidal product family Hydrogen Peroxide Family 1,C/2025/708,"OJ L, 2025/223,  12.2.2025, ELI:http://data.europa.eu/eli/reg_impl/2025/223/oj(BG, ES, CS, DA, DE, ET, EL, EN, FR, GA, HR, IT, LV, LT, HU, MT, NL, PL, PT, RO, SK, SL, FI, SV)",In force,32025R0223,"BG, ES, CS, DA, DE, ET, EL, EN, FR, GA, HR, IT, LV, LT, HU, MT, NL, PL, PT, RO, SK, SL, FI, SV",Implementing regulation,"European Commission, Directorate-General for Health and Food Safety",06/02/2025; Date of adoption,https://eur-lex.europa.eu/legal-content/AUTO/?uri=CELEX:32025R0223,720,,,bfc2f2a916620828534a630a432ff501099f9490f326da3494a0b78ca9d68145
Commission Implementing Regulation (EU) 2024/772 of 4 March 2024 granting a Union authorisation for the single biocidal product AEROCLEAN in accordance with Regulation (EU) No 528/2012 of the European Parliament and of the Council,C/2024/1301,"OJ L, 2024/772,  5.3.2024, ELI:http://data.europa.eu/eli/reg_impl/2024/772/oj(BG, ES, CS, DA, DE, ET, EL, EN, FR, GA, HR, IT, LV, LT, HU, MT, NL, PL, PT, RO, SK, SL, FI, SV)",In force,32024R0772,"BG, ES, CS, DA, DE, ET, EL, EN, FR, GA, HR, IT, LV, LT, HU, MT, NL, PL, PT, RO, SK, SL, FI, SV",Implementing regulation,"European Commission, Directorate-General for Health and Food Safety",04/03/2024; Date of adoption,https://eur-lex.europa.eu/legal-content/AUTO/?uri=CELEX:32024R0772,720,,,6652d76732cda95613ea4fef3635b0aaa7cbb0485fff98f3a7589cbcff1f343a
"Commission Implementing Regulation (EU) 2024/885 of 20 March 2024 amending Implementing Regulation (EU) 2023/2782 laying down the methods of sampling and analysis for the control of the levels of mycotoxins in food as regards the method of sampling for dried herbs, herbal infusions (dried product), teas (dried product) and powdered spices",C/2024/1736,"OJ L, 2024/885,  21.3.2024, ELI:http://data.europa.eu/eli/reg_impl/2024/885/oj(BG, ES, CS, DA, DE, ET, EL, EN, FR, GA, HR, IT, LV, LT, HU, MT, NL, PL, PT, RO, SK, SL, FI, SV)",In force,32024R0885,"BG, ES, CS, DA, DE, ET, EL, EN, FR, GA, HR, IT, LV, LT, HU, MT, NL, PL, PT, RO, SK, SL, FI, SV",Implementing regulation,"European Commission, Directorate-General for Health and Food Safety",20/03/2024; Date of adoption,https://eur-lex.europa.eu/legal-content/AUTO/?uri=CELEX:32024R0885,726,,,8cc89d675ad9d83d841a445f7f5fe9be95cbea8a6063d3f8bcb887fd3949eb21
Commission Regulation (EU) 2024/1002 of 4 April 2024 amending Regulation (EU) 2023/915 as regards the maximum levels of perchlorate in beans (Phaseolus vulgaris) with pods,C/2024/1957,"OJ L, 2024/1002,  5.4.2024, ELI:http://data.europa.eu/eli/reg/2024/1002/oj(BG, ES, CS, DA, DE, ET, EL, EN, FR, GA, HR, IT, LV, LT, HU, MT, NL, PL, PT, RO, SK, SL, FI, SV)",In force,32024R1002,"BG, ES, CS, DA, DE, ET, EL, EN, FR, GA, HR, IT, LV, LT, HU, MT, NL, PL, PT, RO, SK, SL, FI, SV",Regulation,"European Commission, Directorate-General for Health and Food Safety",04/04/2024; Date of adoption,https://eur-lex.europa.eu/legal-content/AUTO/?uri=CELEX:32024R1002,728,,,e32632772ecfd9d8ab9372dcfce2cfff0422f7a06b5e23a8b13f35b229b53c40
"Commission Implementing Regulation (EU) 2025/627 of 28 March 2025 establishing, pursuant to Regulation (EU) 2024/573 of the European Parliament and of the Council, minimum requirements for certificates of natural persons and the conditions for the mutual recognition of such certificates, as regards the installation, maintenance or servicing, repair or decommissioning of stationary electrical switchgear containing fluorinated greenhouse gases and recovery of fluorinated greenhouse gases from stationary electrical switchgear and repealing Commission Implementing Regulation (EU) 2015/2066",C/2025/1779,"OJ L, 2025/627,  31.3.2025, ELI:http://data.europa.eu/eli/reg_impl/2025/627/oj(BG, ES, CS, DA, DE, ET, EL, EN, FR, GA, HR, IT, LV, LT, HU, MT, NL, PL, PT, RO, SK, SL, FI, SV)",In force,32025R0627,"BG, ES, CS, DA, DE, ET, EL, EN, FR, GA, HR, IT, LV, LT, HU, MT, NL, PL, PT, RO, SK, SL, FI, SV",Implementing regulation,"European Commission, Directorate-General for Climate Action",28/03/2025; Date of adoption,https://eur-lex.europa.eu/legal-content/AUTO/?uri=CELEX:32025R0627,736,,,bb99afa99f3ece9a5ef3c7e4352970c0490667de6a47426a4c64675f3617a674
"Commission Regulation (EU) 2024/2856 of 12 November 2024 amending Annex I to Regulation (EC) No 1334/2008 of the European Parliament and of the Council as regards the removal of the flavouring substance Benzene-1,2-diol (FL No. 04.029) from the Union list",C/2024/7790,"OJ L, 2024/2856,  13.11.2024, ELI:http://data.europa.eu/eli/reg/2024/2856/oj(BG, ES, CS, DA, DE, ET, EL, EN, FR, GA, HR, IT, LV, LT, HU, MT, NL, PL, PT, RO, SK, SL, FI, SV)",In force,32024R2856,"BG, ES, CS, DA, DE, ET, EL, EN, FR, GA, HR, IT, LV, LT, HU, MT, NL, PL, PT, RO, SK, SL, FI, SV",Regulation,"European Commission, Directorate-General for Health and Food Safety",12/11/2024; Date of adoption,https://eur-lex.europa.eu/legal-content/AUTO/?uri=CELEX:32024R2856,736,,,4e48ca15c34b84d0b06948a9b030788aeb464488462ba5e2eca370259a342a77
"Commission Regulation (EU) 2024/2633 of 8 October 2024 amending Annex II to Regulation (EC) No 396/2005 of the European Parliament and of the Council as regards maximum residue levels for azoxystrobin, famoxadone, flutriafol, mandipropamid and mefentrifluconazole in or on certain products",C/2024/6887,"OJ L, 2024/2633,  9.10.2024, ELI:http://data.europa.eu/eli/reg/2024/2633/oj(BG, ES, CS, DA, DE, ET, EL, EN, FR, GA, HR, IT, LV, LT, HU, MT, NL, PL, PT, RO, SK, SL, FI, SV)",In force,32024R2633,"BG, ES, CS, DA, DE, ET, EL, EN, FR, GA, HR, IT, LV, LT, HU, MT, NL, PL, PT, RO, SK, SL, FI, SV",Regulation,"European Commission, Directorate-General for Health and Food Safety",08/10/2024; Date of adoption,https://eur-lex.europa.eu/legal-content/AUTO/?uri=CELEX:32024R2633,736,,,3b1440992367c968c045514a419ff4472ebc6496e466b28bf1993c2624d4bab3
"Commission Implementing Regulation (EU) 2024/2215 of 6 September 2024 establishing, pursuant to Regulation (EU) 2024/573 of the European Parliament and of the Council, minimum requirements for the issuance of certificates to natural and legal persons and the conditions for the mutual recognition of such certificates, as regards stationary refrigeration, air conditioning and heat pump equipment, organic Rankine cycles and refrigeration units of refrigerated trucks, refrigerated trailers, refrigerated light-duty vehicles, intermodal containers and train wagons containing fluorinated greenhouse gases or their alternatives, and repealing Commission Implementing Regulation (EU) 2015/2067",C/2024/6151,"OJ L, 2024/2215,  9.9.2024, ELI:http://data.europa.eu/eli/reg_impl/2024/2215/oj(BG, ES, CS, DA, DE, ET, EL, EN, FR, GA, HR, IT, LV, LT, HU, MT, NL, PL, PT, RO, SK, SL, FI, SV)",In force,32024R2215,"BG, ES, CS, DA, DE, ET, EL, EN, FR, GA, HR, IT, LV, LT, HU, MT, NL, PL, PT, RO, SK, SL, FI, SV",Implementing regulation,"European Commission, Directorate-General for Climate Action",06/09/2024; Date of adoption,https://eur-lex.europa.eu/legal-content/AUTO/?uri=CELEX:32024R2215,736,,,9099bf375a8ccd10776cbf696dbe9c79bcd7c6aa3483dd167163353bb347e68d
Commission Implementing Regulation (EU) 2024/2067 of 31 July 2024 amending Implementing Regulation (EU) No 1321/2013 as regards the deletion of entries SF-001 to SF-010 from the Union list of authorised smoke flavouring primary products,C/2024/3709,"OJ L, 2024/2067,  1.8.2024, ELI:http://data.europa.eu/eli/reg_impl/2024/2067/oj(BG, ES, CS, DA, DE, ET, EL, EN, FR, GA, HR, IT, LV, LT, HU, MT, NL, PL, PT, RO, SK, SL, FI, SV)",In force,32024R2067,"BG, ES, CS, DA, DE, ET, EL, EN, FR, GA, HR, IT, LV, LT, HU, MT, NL, PL, PT, RO, SK, SL, FI, SV",Implementing regulation,"European Commission, Directorate-General for Health and Food Safety",31/07/2024; Date of adoption,https://eur-lex.europa.eu/legal-content/AUTO/?uri=CELEX:32024R2067,736,,,31a9098b39c0a8ad0efacfe5677a4c2324f328dd93946462fb2c83ed63aaecda
Commission Regulation (EU) 2024/2041 of 29 July 2024 amending Regulation (EU) No 432/2012 as regards the health claim on monacolin K from red yeast rice,C/2024/5349,"OJ L, 2024/2041,  30.7.2024, ELI:http://data.europa.eu/eli/reg/2024/2041/oj(BG, ES, CS, DA, DE, ET, EL, EN, FR, GA, HR, IT, LV, LT, HU, MT, NL, PL, PT, RO, SK, SL, FI, SV)",In force,32024R2041,"BG, ES, CS, DA, DE, ET, EL, EN, FR, GA, HR, IT, LV, LT, HU, MT, NL, PL, PT, RO, SK, SL, FI, SV",Regulation,"European Commission, Directorate-General for Health and Food Safety",29/07/2024; Date of adoption,https://eur-lex.europa.eu/legal-content/AUTO/?uri=CELEX:32024R2041,736,,,cce18b34e107d99f907e7a59a8bb4e75e7b304a451ba928d425061836976d0b1
Commission Regulation (EU) 2024/347 of 22 January 2024 amending Annexes II and V to Regulation (EC) No 396/2005 of the European Parliament and of the Council as regards maximum residue levels for fipronil in or on certain products,C/2024/352,"OJ L, 2024/347,  23.1.2024, ELI:http://data.europa.eu/eli/reg/2024/347/oj(BG, ES, CS, DA, DE, ET, EL, EN, FR, GA, HR, IT, LV, LT, HU, MT, NL, PL, PT, RO, SK, SL, FI, SV)",In force,32024R0347,"BG, ES, CS, DA, DE, ET, EL, EN, FR, GA, HR, IT, LV, LT, HU, MT, NL, PL, PT, RO, SK, SL, FI, SV",Regulation,"European Commission, Directorate-General for Health and Food Safety",22/01/2024; Date of adoption,https://eur-lex.europa.eu/legal-content/AUTO/?uri=CELEX:32024R0347,736,,,688cd6f32d31d28bcc0b4115c9d3ba08a25ae7afda57335189401f26abc863aa
"Council Decision (EU) 2024/1687 of 10 June 2024 on the position to be taken on behalf of the European Union at the 16th session of the Committee of Technical Experts of the Intergovernmental Organisation for International Carriage by Rail (OTIF) as regards the revision of the Uniform Technical Prescription applicable to the subsystem ‘rolling stock – freight wagons’, to the subsystem ‘rolling stock – noise’, to train composition and route compatibility checks, as well as to the subsystem ‘telematics applications for freight services’",ST/10063/2024/INIT,"OJ L, 2024/1687,  13.6.2024, ELI:http://data.europa.eu/eli/dec/2024/1687/oj(BG, ES, CS, DA, DE, ET, EL, EN, FR, GA, HR, IT, LV, LT, HU, MT, NL, PL, PT, RO, SK, SL, FI, SV)",In force,32024D1687,"BG, ES, CS, DA, DE, ET, EL, EN, FR, GA, HR, IT, LV, LT, HU, MT, NL, PL, PT, RO, SK, SL, FI, SV",Decision,Council of the European Union,10/06/2024; Date of adoption,https://eur-lex.europa.eu/legal-content/AUTO/?uri=CELEX:32024D1687,738,,,bc804f484f6f48b9c916c4ea134557587857da57bb399c6e0eae89574acdc474
"Council Decision (EU) 2024/1687 of 10 June 2024 on the position to be taken on behalf of the European Union at the 16th session of the Committee of Technical Experts of the Intergovernmental Organisation for International Carriage by Rail (OTIF) as regards the revision of the Uniform Technical Prescription applicable to the subsystem ‘rolling stock – freight wagons’, to the subsystem ‘rolling stock – noise’, to train composition and route compatibility checks, as well as to the subsystem ‘telematics applications for freight services’",ST/10063/2024/INIT,"OJ L, 2024/1687,  13.6.2024, ELI:http://data.europa.eu/eli/dec/2024/1687/oj(BG, ES, CS, DA, DE, ET, EL, EN, FR, GA, HR, IT, LV, LT, HU, MT, NL, PL, PT, RO, SK, SL, FI, SV)",In force,32024D1687,"BG, ES, CS, DA, DE, ET, EL, EN, FR, GA, HR, IT, LV, LT, HU, MT, NL, PL, PT, RO, SK, SL, FI, SV",Decision,Council of the European Union,10/06/2024; Date of adoption,https://eur-lex.europa.eu/legal-content/AUTO/?uri=CELEX:32024D1687,740,,,bc804f484f6f48b9c916c4ea134557587857da57bb399c6e0eae89574acdc474
Commission Implementing Decision (EU) 2025/871 of 30 April 2025 amending Implementing Decision (EU) 2019/450 as regards the publication of references of European Assessment Documents for insulating foils as barrier against substances with relevance to indoor air quality and polyethylene terephthalate-based foils with coating for insulating glass units and other construction products,C/2025/2746,"OJ L, 2025/871,  7.5.2025, ELI:http://data.europa.eu/eli/dec_impl/2025/871/oj(BG, ES, CS, DA, DE, ET, EL, EN, FR, GA, HR, IT, LV, LT, HU, MT, NL, PL, PT, RO, SK, SL, FI, SV)",In force,32025D0871,"BG, ES, CS, DA, DE, ET, EL, EN, FR, GA, HR, IT, LV, LT, HU, MT, NL, PL, PT, RO, SK, SL, FI, SV",Implementing decision,"European Commission, Directorate-General for Internal Market, Industry, Entrepreneurship and SMEs",30/04/2025; Date of adoption,https://eur-lex.europa.eu/legal-content/AUTO/?uri=CELEX:32025D0871,756,,,d3a6a4f7b351be5589a6a452e81d780b5c27142c13f5e287d9b2c954e446cf1f
Commission Implementing Regulation (EU) 2024/3153 of 18 December 2024 amending Implementing Regulation (EU) 2019/1793 on the temporary increase of official controls and emergency measures governing the entry into the Union of certain goods from certain third countries implementing Regulations (EU) 2017/625 and (EC) No 178/2002 of the European Parliament and of the Council,C/2024/8856,"OJ L, 2024/3153,  19.12.2024, ELI:http://data.europa.eu/eli/reg_impl/2024/3153/oj(BG, ES, CS, DA, DE, ET, EL, EN, FR, GA, HR, IT, LV, LT, HU, MT, NL, PL, PT, RO, SK, SL, FI, SV)",In force,32024R3153,"BG, ES, CS, DA, DE, ET, EL, EN, FR, GA, HR, IT, LV, LT, HU, MT, NL, PL, PT, RO, SK, SL, FI, SV",Implementing regulation,"European Commission, Directorate-General for Health and Food Safety",18/12/2024; Date of adoption,https://eur-lex.europa.eu/legal-content/AUTO/?uri=CELEX:32024R3153,757,,,e49db0bf3dc80cbaa463519dda28ebaf0359d8bd1a1117e46b507c01e224b19b
Commission Implementing Regulation (EU) 2024/1662 of 11 June 2024 amending Implementing Regulation (EU) 2019/1793 on the temporary increase of official controls and emergency measures governing the entry into the Union of certain goods from certain third countries implementing Regulations (EU) 2017/625 and (EC) No 178/2002 of the European Parliament and of the Council,C/2024/3730,"OJ L, 2024/1662,  12.6.2024, ELI:http://data.europa.eu/eli/reg_impl/2024/1662/oj(BG, ES, CS, DA, DE, ET, EL, EN, FR, GA, HR, IT, LV, LT, HU, MT, NL, PL, PT, RO, SK, SL, FI, SV)",In force,32024R1662,"BG, ES, CS, DA, DE, ET, EL, EN, FR, GA, HR, IT, LV, LT, HU, MT, NL, PL, PT, RO, SK, SL, FI, SV",Implementing regulation,"European Commission, Directorate-General for Health and Food Safety",11/06/2024; Date of adoption,https://eur-lex.europa.eu/legal-content/AUTO/?uri=CELEX:32024R1662,757,,,c26fb66766547f3d437b093152eb6b8fe7d1feab335dc685690c0ce547b69f3e
Commission Delegated Regulation (EU) 2024/1229 of 20 February 2024 supplementing Regulation (EU) 2019/4 of the European Parliament and of the Council by establishing specific maximum levels of cross-contamination of antimicrobial active substances in non-target feed and methods of analysis for these substances in feed,C/2024/954,"OJ L, 2024/1229,  30.4.2024, ELI:http://data.europa.eu/eli/reg_del/2024/1229/oj(BG, ES, CS, DA, DE, ET, EL, EN, FR, GA, HR, IT, LV, LT, HU, MT, NL, PL, PT, RO, SK, SL, FI, SV)",In force,32024R1229,"BG, ES, CS, DA, DE, ET, EL, EN, FR, GA, HR, IT, LV, LT, HU, MT, NL, PL, PT, RO, SK, SL, FI, SV",Delegated regulation,"European Commission, Directorate-General for Health and Food Safety",20/02/2024; Date of adoption,https://eur-lex.europa.eu/legal-content/AUTO/?uri=CELEX:32024R1229,757,,,13bb1a4c06dcff66422103ed05b1c361756f3abaf9bab086fd0a1e7743c948d0
Commission Implementing Regulation (EU) 2024/286 of 16 January 2024 amending Implementing Regulation (EU) 2019/1793 on the temporary increase of official controls and emergency measures governing the entry into the Union of certain goods from certain third countries implementing Regulations (EU) 2017/625 and (EC) No 178/2002 of the European Parliament and of the Council,C/2024/95,"OJ L, 2024/286,  17.1.2024, ELI:http://data.europa.eu/eli/reg_impl/2024/286/oj(BG, ES, CS, DA, DE, ET, EL, EN, FR, GA, HR, IT, LV, LT, HU, MT, NL, PL, PT, RO, SK, SL, FI, SV)",In force,32024R0286,"BG, ES, CS, DA, DE, ET, EL, EN, FR, GA, HR, IT, LV, LT, HU, MT, NL, PL, PT, RO, SK, SL, FI, SV",Implementing regulation,"European Commission, Directorate-General for Health and Food Safety",16/01/2024; Date of adoption,https://eur-lex.europa.eu/legal-content/AUTO/?uri=CELEX:32024R0286,757,,,ad913e5d7bf017a9223eff365a599c7a0046583ac1b52cf1a865c2d08fa5df37
"Commission Implementing Regulation (EU) 2025/1078 of 2 June 2025 establishing a derogation from Implementing Regulation (EU) 2019/2072 concerning the introduction into the Union territory of unrooted cuttings for planting of Calibrachoa spp., Petunia spp. and their hybrids from Guatemala",C/2025/3321,"OJ L, 2025/1078,  3.6.2025, ELI:http://data.europa.eu/eli/reg_impl/2025/1078/oj(BG, ES, CS, DA, DE, ET, EL, EN, FR, GA, HR, IT, LV, LT, HU, MT, NL, PL, PT, RO, SK, SL, FI, SV)",In force,32025R1078,"BG, ES, CS, DA, DE, ET, EL, EN, FR, GA, HR, IT, LV, LT, HU, MT, NL, PL, PT, RO, SK, SL, FI, SV",Implementing regulation,"European Commission, Directorate-General for Health and Food Safety",02/06/2025; Date of adoption,https://eur-lex.europa.eu/legal-content/AUTO/?uri=CELEX:32025R1078,761,,,884b79663ebcbf407105707c5ba5fbfe76187a1f041282f2736643cd2ce07b76
Commission Implementing Regulation (EU) 2024/2491 of 16 September 2024 amending Annex I to Implementing Regulation (EU) 2023/594 laying down special control measures for African swine fever,C/2024/6595,"OJ L, 2024/2491,  18.9.2024, ELI:http://data.europa.eu/eli/reg_impl/2024/2491/oj(BG, ES, CS, DA, DE, ET, EL, EN, FR, GA, HR, IT, LV, LT, HU, MT, NL, PL, PT, RO, SK, SL, FI, SV)",In force,32024R2491,"BG, ES, CS, DA, DE, ET, EL, EN, FR, GA, HR, IT, LV, LT, HU, MT, NL, PL, PT, RO, SK, SL, FI, SV",Implementing regulation,"European Commission, Directorate-General for Health and Food Safety",16/09/2024; Date of adoption,https://eur-lex.europa.eu/legal-content/AUTO/?uri=CELEX:32024R2491,761,,,c51e88f6a596dc5ca98689909b50a1a02af9dd1b091ecc5b00d1104bb457201b
Commission Implementing Regulation (EU) 2024/589 of 20 February 2024 amending Implementing Regulation (EU) 2022/1927 as regards the list of demarcated areas for containment of Aleurocanthus spiniferus (Quaintance),C/2024/948,"OJ L, 2024/589,  21.2.2024, ELI:http://data.europa.eu/eli/reg_impl/2024/589/oj(BG, ES, CS, DA, DE, ET, EL, EN, FR, GA, HR, IT, LV, LT, HU, MT, NL, PL, PT, RO, SK, SL, FI, SV)",In force,32024R0589,"BG, ES, CS, DA, DE, ET, EL, EN, FR, GA, HR, IT, LV, LT, HU, MT, NL, PL, PT, RO, SK, SL, FI, SV",Implementing regulation,"European Commission, Directorate-General for Health and Food Safety",20/02/2024; Date of adoption,https://eur-lex.europa.eu/legal-content/AUTO/?uri=CELEX:32024R0589,761,,,22d763f6d35349b4bcce23c711bf1242b2e4fb58a9ed04fc715d3d5c270e2889
Commission Decision (EU) 2024/2779 of 24 October 2024 setting up the group of experts on ecodesign for sustainable products and energy labelling (the Ecodesign Forum),C/2024/7356,"OJ L, 2024/2779,  29.10.2024, ELI:http://data.europa.eu/eli/dec/2024/2779/oj(BG, ES, CS, DA, DE, ET, EL, EN, FR, GA, HR, IT, LV, LT, HU, MT, NL, PL, PT, RO, SK, SL, FI, SV)",In force,32024D2779,"BG, ES, CS, DA, DE, ET, EL, EN, FR, GA, HR, IT, LV, LT, HU, MT, NL, PL, PT, RO, SK, SL, FI, SV",Decision,"European Commission, Directorate-General for Environment",24/10/2024; Date of adoption,https://eur-lex.europa.eu/legal-content/AUTO/?uri=CELEX:32024D2779,762,,,0eac20f03150a3a99fb8a5122139f161faec01cdbd271ce5eb461ce70e34f099
"Commission Regulation (EU) 2024/1078 of 15 April 2024 amending Annexes II and IV to Regulation (EC) No 396/2005 of the European Parliament and of the Council as regards maximum residue levels for azoxystrobin, flonicamid, isofetamid, mefentrifluconazole, metazachlor, pyrimethanil and quartz sand in or on certain products",C/2024/2341,"OJ L, 2024/1078,  16.4.2024, ELI:http://data.europa.eu/eli/reg/2024/1078/oj(BG, ES, CS, DA, DE, ET, EL, EN, FR, GA, HR, IT, LV, LT, HU, MT, NL, PL, PT, RO, SK, SL, FI, SV)",In force,32024R1078,"BG, ES, CS, DA, DE, ET, EL, EN, FR, GA, HR, IT, LV, LT, HU, MT, NL, PL, PT, RO, SK, SL, FI, SV",Regulation,"European Commission, Directorate-General for Health and Food Safety",15/04/2024; Date of adoption,https://eur-lex.europa.eu/legal-content/AUTO/?uri=CELEX:32024R1078,763,,,c478092b732c31c898542efc9dd40edbff0f1df93845e94d3cb868028be7ca3f
Commission Regulation (EU) 2024/376 of 24 January 2024 amending Annex II to Regulation (EC) No 396/2005 of the European Parliament and of the Council as regards maximum residue levels for indoxacarb in or on certain products,C/2024/363,"OJ L, 2024/376,  25.1.2024, ELI:http://data.europa.eu/eli/reg/2024/376/oj(BG, ES, CS, DA, DE, ET, EL, EN, FR, GA, HR, IT, LV, LT, HU, MT, NL, PL, PT, RO, SK, SL, FI, SV)",In force,32024R0376,"BG, ES, CS, DA, DE, ET, EL, EN, FR, GA, HR, IT, LV, LT, HU, MT, NL, PL, PT, RO, SK, SL, FI, SV",Regulation,"European Commission, Directorate-General for Health and Food Safety",24/01/2024; Date of adoption,https://eur-lex.europa.eu/legal-content/AUTO/?uri=CELEX:32024R0376,764,,,007f078a7be25357e59eeb5d539ec321ed976d888b3c104d38f94c2caa9b1fbf
"Council Decision (EU) 2025/1302 of 17 June 2025 establishing the position to be taken on behalf of the European Union in the Partnership Council established by the Trade and Cooperation Agreement between the European Union and the European Atomic Energy Community, of the one part, and the United Kingdom of Great Britain and Northern Ireland, of the other part, as regards decision No 2/2025 of the Partnership Council",ST/9309/2025/INIT,"OJ L, 2025/1302,  2.7.2025, ELI:http://data.europa.eu/eli/dec/2025/1302/oj(BG, ES, CS, DA, DE, ET, EL, EN, FR, GA, HR, IT, LV, LT, HU, MT, NL, PL, PT, RO, SK, SL, FI, SV)",In force,32025D1302,"BG, ES, CS, DA, DE, ET, EL, EN, FR, GA, HR, IT, LV, LT, HU, MT, NL, PL, PT, RO, SK, SL, FI, SV",Decision,Council of the European Union,17/06/2025; Date of adoption,https://eur-lex.europa.eu/legal-content/AUTO/?uri=CELEX:32025D1302,766,,,ebf131532c2b53de7593ad94026b81b35191314841423e3a4182d65ecbb56ac3
"Council Decision (EU) 2025/1295 of 17 June 2025 establishing the position to be taken on behalf of the European Union in the Partnership Council established by the Trade and Cooperation Agreement between the European Union and the European Atomic Energy Community, of the one part, and the United Kingdom of Great Britain and Northern Ireland, of the other part, as regards a joint declaration of the Union and the United Kingdom in the Partnership Council of that Agreement",ST/9315/2025/INIT,"OJ L, 2025/1295,  30.6.2025, ELI:http://data.europa.eu/eli/dec/2025/1295/oj(BG, ES, CS, DA, DE, ET, EL, EN, FR, GA, HR, IT, LV, LT, HU, MT, NL, PL, PT, RO, SK, SL, FI, SV)",In force,32025D1295,"BG, ES, CS, DA, DE, ET, EL, EN, FR, GA, HR, IT, LV, LT, HU, MT, NL, PL, PT, RO, SK, SL, FI, SV",Decision,Council of the European Union,17/06/2025; Date of adoption,https://eur-lex.europa.eu/legal-content/AUTO/?uri=CELEX:32025D1295,766,,,60489307e552007edd7b94652a6ff00e82cf6453eeb177b582f2fa096edea8ef
"Political and Security Committee Decision (CFSP) 2025/1431 of 9 July 2025 on the appointment of the head of the military command and support cell of the European Union Security and Defence Initiative in support of West African countries of the Gulf of Guinea, and repealing Decision (CFSP) 2025/69 (EUSDI/2/2025)",ST/10769/2025/INIT,"OJ L, 2025/1431,  17.7.2025, ELI:http://data.europa.eu/eli/dec/2025/1431/oj(BG, ES, CS, DA, DE, ET, EL, EN, FR, GA, HR, IT, LV, LT, HU, MT, NL, PL, PT, RO, SK, SL, FI, SV)",In force,32025D1431,"BG, ES, CS, DA, DE, ET, EL, EN, FR, GA, HR, IT, LV, LT, HU, MT, NL, PL, PT, RO, SK, SL, FI, SV",Decision,Political and Security Committee,09/07/2025; Date of adoption,https://eur-lex.europa.eu/legal-content/AUTO/?uri=CELEX:32025D1431,776,,,565cf97c940616f1826b448b967519908ca89fbe960bc20a7eaeefd4239bd540
Commission Regulation (EU) 2025/712 of 4 April 2025 establishing a fisheries closure for undulate ray in Union waters of 9 for vessels flying the flag of Spain,C/2025/2156,"OJ L, 2025/712,  9.4.2025, ELI:http://data.europa.eu/eli/reg/2025/712/oj(BG, ES, CS, DA, DE, ET, EL, EN, FR, GA, HR, IT, LV, LT, HU, MT, NL, PL, PT, RO, SK, SL, FI, SV)",In force,32025R0712,"BG, ES, CS, DA, DE, ET, EL, EN, FR, GA, HR, IT, LV, LT, HU, MT, NL, PL, PT, RO, SK, SL, FI, SV",Regulation,"European Commission, Directorate-General for Maritime Affairs and Fisheries",04/04/2025; Date of adoption,https://eur-lex.europa.eu/legal-content/AUTO/?uri=CELEX:32025R0712,776,,,245a328a851a0f3d9824c894322087ad8431f9a3d7a931d03a95bb319c0aeb79
"Commission Delegated Regulation (EU) 2025/283 of 28 November 2024 amending Regulation (EU) 2019/1241 of the European Parliament and of the Council as regards technical measures for certain demersal and pelagic fisheries in the Celtic Sea, the Irish Sea and the West of Scotland",C/2024/8285,"OJ L, 2025/283,  10.2.2025, ELI:http://data.europa.eu/eli/reg_del/2025/283/oj(BG, ES, CS, DA, DE, ET, EL, EN, FR, GA, HR, IT, LV, LT, HU, MT, NL, PL, PT, RO, SK, SL, FI, SV)",In force,32025R0283,"BG, ES, CS, DA, DE, ET, EL, EN, FR, GA, HR, IT, LV, LT, HU, MT, NL, PL, PT, RO, SK, SL, FI, SV",Delegated regulation,"European Commission, Directorate-General for Maritime Affairs and Fisheries",28/11/2024; Date of adoption,https://eur-lex.europa.eu/legal-content/AUTO/?uri=CELEX:32025R0283,779,,,e1ca3ec1c1224830f1c89bb00e4c34c2cedc66408fe83dd96bc7ad1a2edde2cd
Council Decision (EU) 2024/1644 of 30 May 2024 on the position to be taken on behalf of the European Union in the Energy Charter Conference,ST/9616/2024/INIT,"OJ L, 2024/1644,  6.6.2024, ELI:http://data.europa.eu/eli/dec/2024/1644/oj(BG, ES, CS, DA, DE, ET, EL, EN, FR, GA, HR, IT, LV, LT, HU, MT, NL, PL, PT, RO, SK, SL, FI, SV)",In force,32024D1644,"BG, ES, CS, DA, DE, ET, EL, EN, FR, GA, HR, IT, LV, LT, HU, MT, NL, PL, PT, RO, SK, SL, FI, SV",Decision,Council of the European Union,30/05/2024; Date of adoption,https://eur-lex.europa.eu/legal-content/AUTO/?uri=CELEX:32024D1644,789,,,bcb1fa0f49ef3523cb6d919e7eb4e2325daeabb296976881e35f445b78581443
Commission Delegated Regulation (EU) 2024/1108 of 13 March 2024 amending Regulation (EU) No 748/2012 as regards the initial airworthiness of unmanned aircraft systems subject to certification and Delegated Regulation (EU) 2019/945 as regards unmanned aircraft systems and third-country operators of unmanned aircraft systems,C/2024/1570,"OJ L, 2024/1108,  23.5.2024, ELI:http://data.europa.eu/eli/reg_del/2024/1108/oj(BG, ES, CS, DA, DE, ET, EL, EN, FR, GA, HR, IT, LV, LT, HU, MT, NL, PL, PT, RO, SK, SL, FI, SV)",In force,32024R1108,"BG, ES, CS, DA, DE, ET, EL, EN, FR, GA, HR, IT, LV, LT, HU, MT, NL, PL, PT, RO, SK, SL, FI, SV",Delegated regulation,"European Commission, Directorate-General for Mobility and Transport",13/03/2024; Date of adoption,https://eur-lex.europa.eu/legal-content/AUTO/?uri=CELEX:32024R1108,789,,,d307238acd91f673164ae8a81b872a7d8ec3497dd09e54940bfa140a32299f9f
"Commission Implementing Regulation (EU) 2025/355 of 21 February 2025 amending Implementing Regulation (EU) 2022/2389 concerning the establishment of frequency rates for identity checks and physical checks on consignments of plants, plant products and other objects entering the Union",C/2025/1039,"OJ L, 2025/355,  24.2.2025, ELI:http://data.europa.eu/eli/reg_impl/2025/355/oj(BG, ES, CS, DA, DE, ET, EL, EN, FR, GA, HR, IT, LV, LT, HU, MT, NL, PL, PT, RO, SK, SL, FI, SV)",In force,32025R0355,"BG, ES, CS, DA, DE, ET, EL, EN, FR, GA, HR, IT, LV, LT, HU, MT, NL, PL, PT, RO, SK, SL, FI, SV",Implementing regulation,"European Commission, Directorate-General for Health and Food Safety",21/02/2025; Date of adoption,https://eur-lex.europa.eu/legal-content/AUTO/?uri=CELEX:32025R0355,790,,,f2580d28ae8e3330a347de4cf10c1075844b704cfc1ee906772b0c571aee6760
UN Regulation No 34 – Uniform provisions concerning the approval of vehicles with regard to the prevention of fire risks [2025/1454],PUB/2025/106,"OJ L, 2025/1454,  29.7.2025, ELI:http://data.europa.eu/eli/reg/2025/1454/oj(BG, ES, CS, DA, DE, ET, EL, EN, FR, GA, HR, IT, LV, LT, HU, MT, NL, PL, PT, RO, SK, SL, FI, SV)",In force,42025X1454,"BG, ES, CS, DA, DE, ET, EL, EN, FR, GA, HR, IT, LV, LT, HU, MT, NL, PL, PT, RO, SK, SL, FI, SV",Regulation adopted by bodies created by international agreements,United Nations Economic Commission for Europe,29/07/2025; Date of publication,https://eur-lex.europa.eu/legal-content/AUTO/?uri=CELEX:42025X1454,791,,,d9153fef94771a929f3612539f3e1c85bb8f925003d05f7d5ef47d3710c88dc7
UN Regulation No 34 – Uniform provisions concerning the approval of vehicles with regard to the prevention of fire risks [2025/1454],PUB/2025/106,"OJ L, 2025/1454,  29.7.2025, ELI:http://data.europa.eu/eli/reg/2025/1454/oj(BG, ES, CS, DA, DE, ET, EL, EN, FR, GA, HR, IT, LV, LT, HU, MT, NL, PL, PT, RO, SK, SL, FI, SV)",In force,42025X1454,"BG, ES, CS, DA, DE, ET, EL, EN, FR, GA, HR, IT, LV, LT, HU, MT, NL, PL, PT, RO, SK, SL, FI, SV",Regulation adopted by bodies created by international agreements,United Nations Economic Commission for Europe,29/07/2025; Date of publication,https://eur-lex.europa.eu/legal-content/AUTO/?uri=CELEX:42025X1454,792,,,d9153fef94771a929f3612539f3e1c85bb8f925003d05f7d5ef47d3710c88dc7
Commission Implementing Regulation (EU) 2024/755 of 29 February 2024 on extending the derogation from Council Regulation (EC) No 1967/2006 as regards the minimum distance from the coast and the minimum sea depth for boat seines fishing for transparent and Ferrer’s gobies (Aphia minuta and Pseudaphia ferreri) and Lowbody picarel (Spicara smaris) in certain territorial waters of Spain (Balearic Islands),C/2024/1286,"OJ L, 2024/755,  1.3.2024, ELI:http://data.europa.eu/eli/reg_impl/2024/755/oj(BG, ES, CS, DA, DE, ET, EL, EN, FR, GA, HR, IT, LV, LT, HU, MT, NL, PL, PT, RO, SK, SL, FI, SV)",In force,32024R0755,"BG, ES, CS, DA, DE, ET, EL, EN, FR, GA, HR, IT, LV, LT, HU, MT, NL, PL, PT, RO, SK, SL, FI, SV",Implementing regulation,"European Commission, Directorate-General for Maritime Affairs and Fisheries",29/02/2024; Date of adoption,https://eur-lex.europa.eu/legal-content/AUTO/?uri=CELEX:32024R0755,794,,,9af2ef7be7166dcf06829a3da3579cc937694729a773f66dc0828abfca05aafd
Commission Implementing Regulation (EU) 2025/268 of 4 February 2025 amending Annex I to Implementing Regulation (EU) 2023/594 laying down special disease control measures for African swine fever,C/2025/865,"OJ L, 2025/268,  6.2.2025, ELI:http://data.europa.eu/eli/reg_impl/2025/268/oj(BG, ES, CS, DA, DE, ET, EL, EN, FR, GA, HR, IT, LV, LT, HU, MT, NL, PL, PT, RO, SK, SL, FI, SV)",In force,32025R0268,"BG, ES, CS, DA, DE, ET, EL, EN, FR, GA, HR, IT, LV, LT, HU, MT, NL, PL, PT, RO, SK, SL, FI, SV",Implementing regulation,"European Commission, Directorate-General for Health and Food Safety",04/02/2025; Date of adoption,https://eur-lex.europa.eu/legal-content/AUTO/?uri=CELEX:32025R0268,797,,,f65c98f8b6e3360e81f2b5b3d80570b41fd36b43c26e45b0572c4ad3fe88e4e1
Commission Implementing Regulation (EU) 2024/594 of 20 February 2024 amending Implementing Regulation (EU) 2022/1629 as regards the list of demarcated areas for containment of Ceratocystis platani (J.M. Walter) Engelbr. &amp; T.C. Harr.,C/2024/952,"OJ L, 2024/594,  21.2.2024, ELI:http://data.europa.eu/eli/reg_impl/2024/594/oj(BG, ES, CS, DA, DE, ET, EL, EN, FR, GA, HR, IT, LV, LT, HU, MT, NL, PL, PT, RO, SK, SL, FI, SV)",In force,32024R0594,"BG, ES, CS, DA, DE, ET, EL, EN, FR, GA, HR, IT, LV, LT, HU, MT, NL, PL, PT, RO, SK, SL, FI, SV",Implementing regulation,"European Commission, Directorate-General for Health and Food Safety",20/02/2024; Date of adoption,https://eur-lex.europa.eu/legal-content/AUTO/?uri=CELEX:32024R0594,799,,,ab55eb90fae5c95dfeff2be67a9ded6020fa4f3d2d85cde0ba91aed12d07fb88
"Commission Implementing Regulation (EU) 2025/1015 of 26 May 2025 on temporary emergency measures for Spain derogating from certain provisions of Regulation (EU) No 1308/2013 of the European Parliament and of the Council, Commission Delegated Regulation (EU) 2017/891 and Commission Implementing Regulation (EU) 2017/892, to resolve specific problems in the fruit and vegetables sector caused by severe adverse meteorological events",C/2025/3236,"OJ L, 2025/1015,  27.5.2025, ELI:http://data.europa.eu/eli/reg_impl/2025/1015/oj(BG, ES, CS, DA, DE, ET, EL, EN, FR, GA, HR, IT, LV, LT, HU, MT, NL, PL, PT, RO, SK, SL, FI, SV)",In force,32025R1015,"BG, ES, CS, DA, DE, ET, EL, EN, FR, GA, HR, IT, LV, LT, HU, MT, NL, PL, PT, RO, SK, SL, FI, SV",Implementing regulation,"European Commission, Directorate-General for Agriculture and Rural Development",26/05/2025; Date of adoption,https://eur-lex.europa.eu/legal-content/AUTO/?uri=CELEX:32025R1015,801,,,66d3406353e4f6b7c9ab395926b89cbfbbc548f14452d4eed3322205095076cb
Commission Implementing Regulation (EU) 2025/1075 of 2 June 2025 amending Implementing Regulation (EU) 2022/1927 as regards the list of demarcated areas for containment of Aleurocanthus spiniferus (Quaintance),C/2025/3313,"OJ L, 2025/1075,  3.6.2025, ELI:http://data.europa.eu/eli/reg_impl/2025/1075/oj(BG, ES, CS, DA, DE, ET, EL, EN, FR, GA, HR, IT, LV, LT, HU, MT, NL, PL, PT, RO, SK, SL, FI, SV)",In force,32025R1075,"BG, ES, CS, DA, DE, ET, EL, EN, FR, GA, HR, IT, LV, LT, HU, MT, NL, PL, PT, RO, SK, SL, FI, SV",Implementing regulation,"European Commission, Directorate-General for Health and Food Safety",02/06/2025; Date of adoption,https://eur-lex.europa.eu/legal-content/AUTO/?uri=CELEX:32025R1075,804,,,c46eaf2af18ae0dbb995551cf3fc28189961442d744dae4231afe633072fb165
Commission Implementing Regulation (EU) 2025/916 of 15 May 2025 operating a deduction from the fishing effort available to Italy in 2025 on account of overfishing in the previous year,C/2025/2892,"OJ L, 2025/916,  16.5.2025, ELI:http://data.europa.eu/eli/reg_impl/2025/916/oj(BG, ES, CS, DA, DE, ET, EL, EN, FR, GA, HR, IT, LV, LT, HU, MT, NL, PL, PT, RO, SK, SL, FI, SV)",In force,32025R0916,"BG, ES, CS, DA, DE, ET, EL, EN, FR, GA, HR, IT, LV, LT, HU, MT, NL, PL, PT, RO, SK, SL, FI, SV",Implementing regulation,"European Commission, Directorate-General for Maritime Affairs and Fisheries",15/05/2025; Date of adoption,https://eur-lex.europa.eu/legal-content/AUTO/?uri=CELEX:32025R0916,805,,,6d55f9bebf0c7e35f51050b543d1b571716852c28a65af2121d12e1111aab066
Commission Regulation (EU) 2025/806 of 15 April 2025 establishing a fisheries closure for blue marlin in the Atlantic Ocean for vessels flying the flag of Spain,C/2025/2434,"OJ L, 2025/806,  24.4.2025, ELI:http://data.europa.eu/eli/reg/2025/806/oj(BG, ES, CS, DA, DE, ET, EL, EN, FR, GA, HR, IT, LV, LT, HU, MT, NL, PL, PT, RO, SK, SL, FI, SV)",In force,32025R0806,"BG, ES, CS, DA, DE, ET, EL, EN, FR, GA, HR, IT, LV, LT, HU, MT, NL, PL, PT, RO, SK, SL, FI, SV",Regulation,"European Commission, Directorate-General for Maritime Affairs and Fisheries",15/04/2025; Date of adoption,https://eur-lex.europa.eu/legal-content/AUTO/?uri=CELEX:32025R0806,805,,,976d298e3d809386655d4699fc6867b3ec5a06ea963318678f043b90ddeecafb
Commission Implementing Regulation (EU) 2024/1742 of 21 June 2024 extending the derogation from Council Regulation (EC) No 1967/2006 as regards the minimum distance from the coast and depth for shore seines fishing in territorial waters of France adjacent to the coast of Occitanie and the coast of Provence-Alpes-Côte d’Azur,C/2024/4146,"OJ L, 2024/1742,  24.6.2024, ELI:http://data.europa.eu/eli/reg_impl/2024/1742/oj(BG, ES, CS, DA, DE, ET, EL, EN, FR, GA, HR, IT, LV, LT, HU, MT, NL, PL, PT, RO, SK, SL, FI, SV)",In force,32024R1742,"BG, ES, CS, DA, DE, ET, EL, EN, FR, GA, HR, IT, LV, LT, HU, MT, NL, PL, PT, RO, SK, SL, FI, SV",Implementing regulation,"European Commission, Directorate-General for Maritime Affairs and Fisheries",21/06/2024; Date of adoption,https://eur-lex.europa.eu/legal-content/AUTO/?uri=CELEX:32024R1742,806,,,52ef25709dbced6d7ba38284a0ae5d0709eedb2d727eeb73a2666cad2b7e0040
"Council Decision (EU) 2025/1430 of 8 July 2025 on the position to be adopted, on behalf of the European Union, within the EEA Joint Committee concerning an amendment to Annex IV (Energy) to the EEA Agreement (RED II) (Text with EEA relevance)",ST/10121/2025/INIT,"OJ L, 2025/1430,  17.7.2025, ELI:http://data.europa.eu/eli/dec/2025/1430/oj(BG, ES, CS, DA, DE, ET, EL, EN, FR, GA, HR, IT, LV, LT, HU, MT, NL, PL, PT, RO, SK, SL, FI, SV)",In force,32025D1430,"BG, ES, CS, DA, DE, ET, EL, EN, FR, GA, HR, IT, LV, LT, HU, MT, NL, PL, PT, RO, SK, SL, FI, SV",Decision,Council of the European Union,08/07/2025; Date of adoption,https://eur-lex.europa.eu/legal-content/AUTO/?uri=CELEX:32025D1430,807,,,4336a6229a3c2d4acd9947693535ef9ac822f1ad4dd7c3a6e40082fe453071c1
Council Decision (EU) 2024/3086 of 2 December 2024 on the position to be taken on behalf of the European Union in the Energy Charter Conference,ST/15656/2024/INIT,"OJ L, 2024/3086,  11.12.2024, ELI:http://data.europa.eu/eli/dec/2024/3086/oj(BG, ES, CS, DA, DE, ET, EL, EN, FR, GA, HR, IT, LV, LT, HU, MT, NL, PL, PT, RO, SK, SL, FI, SV)",In force,32024D3086,"BG, ES, CS, DA, DE, ET, EL, EN, FR, GA, HR, IT, LV, LT, HU, MT, NL, PL, PT, RO, SK, SL, FI, SV",Decision,Council of the European Union,02/12/2024; Date of adoption,https://eur-lex.europa.eu/legal-content/AUTO/?uri=CELEX:32024D3086,807,,,439f2e0ab1214f335cf1ab8ba354b0d5860963efc4a57b2cda202d59375dbc31
"Council Decision (EU) 2025/1430 of 8 July 2025 on the position to be adopted, on behalf of the European Union, within the EEA Joint Committee concerning an amendment to Annex IV (Energy) to the EEA Agreement (RED II) (Text with EEA relevance)",ST/10121/2025/INIT,"OJ L, 2025/1430,  17.7.2025, ELI:http://data.europa.eu/eli/dec/2025/1430/oj(BG, ES, CS, DA, DE, ET, EL, EN, FR, GA, HR, IT, LV, LT, HU, MT, NL, PL, PT, RO, SK, SL, FI, SV)",In force,32025D1430,"BG, ES, CS, DA, DE, ET, EL, EN, FR, GA, HR, IT, LV, LT, HU, MT, NL, PL, PT, RO, SK, SL, FI, SV",Decision,Council of the European Union,08/07/2025; Date of adoption,https://eur-lex.europa.eu/legal-content/AUTO/?uri=CELEX:32025D1430,809,,,4336a6229a3c2d4acd9947693535ef9ac822f1ad4dd7c3a6e40082fe453071c1
Council Decision (EU) 2024/3086 of 2 December 2024 on the position to be taken on behalf of the European Union in the Energy Charter Conference,ST/15656/2024/INIT,"OJ L, 2024/3086,  11.12.2024, ELI:http://data.europa.eu/eli/dec/2024/3086/oj(BG, ES, CS, DA, DE, ET, EL, EN, FR, GA, HR, IT, LV, LT, HU, MT, NL, PL, PT, RO, SK, SL, FI, SV)",In force,32024D3086,"BG, ES, CS, DA, DE, ET, EL, EN, FR, GA, HR, IT, LV, LT, HU, MT, NL, PL, PT, RO, SK, SL, FI, SV",Decision,Council of the European Union,02/12/2024; Date of adoption,https://eur-lex.europa.eu/legal-content/AUTO/?uri=CELEX:32024D3086,809,,,439f2e0ab1214f335cf1ab8ba354b0d5860963efc4a57b2cda202d59375dbc31
Commission Delegated Regulation (EU) 2024/2788 of 23 July 2024 amending Annex II to Regulation (EU) 2019/1009 of the European Parliament and of the Council as regards the polymers in Component Material Category 11,C/2024/5128,"OJ L, 2024/2788,  31.10.2024, ELI:http://data.europa.eu/eli/reg_del/2024/2788/oj(BG, ES, CS, DA, DE, ET, EL, EN, FR, GA, HR, IT, LV, LT, HU, MT, NL, PL, PT, RO, SK, SL, FI, SV)",In force,32024R2788,"BG, ES, CS, DA, DE, ET, EL, EN, FR, GA, HR, IT, LV, LT, HU, MT, NL, PL, PT, RO, SK, SL, FI, SV",Delegated regulation,"European Commission, Directorate-General for Internal Market, Industry, Entrepreneurship and SMEs",23/07/2024; Date of adoption,https://eur-lex.europa.eu/legal-content/AUTO/?uri=CELEX:32024R2788,811,,,a128f15de83c7047baf24cd024bfc52b3eff20542116a5733b64085541b231f4
Commission Delegated Regulation (EU) 2024/2790 of 23 July 2024 amending Annex II to Regulation (EU) 2019/1009 of the European Parliament and of the Council as regards the polymers in Component Material Category 1,C/2024/5142,"OJ L, 2024/2790,  31.10.2024, ELI:http://data.europa.eu/eli/reg_del/2024/2790/oj(BG, ES, CS, DA, DE, ET, EL, EN, FR, GA, HR, IT, LV, LT, HU, MT, NL, PL, PT, RO, SK, SL, FI, SV)",In force,32024R2790,"BG, ES, CS, DA, DE, ET, EL, EN, FR, GA, HR, IT, LV, LT, HU, MT, NL, PL, PT, RO, SK, SL, FI, SV",Delegated regulation,"European Commission, Directorate-General for Internal Market, Industry, Entrepreneurship and SMEs",23/07/2024; Date of adoption,https://eur-lex.europa.eu/legal-content/AUTO/?uri=CELEX:32024R2790,811,,,d4f18a86fed17818d3f847f56e983144030cc0e630501ef37e9dc0cea7fcf6bc
Commission Delegated Regulation (EU) 2024/2788 of 23 July 2024 amending Annex II to Regulation (EU) 2019/1009 of the European Parliament and of the Council as regards the polymers in Component Material Category 11,C/2024/5128,"OJ L, 2024/2788,  31.10.2024, ELI:http://data.europa.eu/eli/reg_del/2024/2788/oj(BG, ES, CS, DA, DE, ET, EL, EN, FR, GA, HR, IT, LV, LT, HU, MT, NL, PL, PT, RO, SK, SL, FI, SV)",In force,32024R2788,"BG, ES, CS, DA, DE, ET, EL, EN, FR, GA, HR, IT, LV, LT, HU, MT, NL, PL, PT, RO, SK, SL, FI, SV",Delegated regulation,"European Commission, Directorate-General for Internal Market, Industry, Entrepreneurship and SMEs",23/07/2024; Date of adoption,https://eur-lex.europa.eu/legal-content/AUTO/?uri=CELEX:32024R2788,813,,,a128f15de83c7047baf24cd024bfc52b3eff20542116a5733b64085541b231f4
Commission Delegated Regulation (EU) 2024/2790 of 23 July 2024 amending Annex II to Regulation (EU) 2019/1009 of the European Parliament and of the Council as regards the polymers in Component Material Category 1,C/2024/5142,"OJ L, 2024/2790,  31.10.2024, ELI:http://data.europa.eu/eli/reg_del/2024/2790/oj(BG, ES, CS, DA, DE, ET, EL, EN, FR, GA, HR, IT, LV, LT, HU, MT, NL, PL, PT, RO, SK, SL, FI, SV)",In force,32024R2790,"BG, ES, CS, DA, DE, ET, EL, EN, FR, GA, HR, IT, LV, LT, HU, MT, NL, PL, PT, RO, SK, SL, FI, SV",Delegated regulation,"European Commission, Directorate-General for Internal Market, Industry, Entrepreneurship and SMEs",23/07/2024; Date of adoption,https://eur-lex.europa.eu/legal-content/AUTO/?uri=CELEX:32024R2790,813,,,d4f18a86fed17818d3f847f56e983144030cc0e630501ef37e9dc0cea7fcf6bc
Commission Implementing Regulation (EU) 2024/2656 of 4 October 2024 amending Annex I to Implementing Regulation (EU) 2023/594 laying down special control measures for African swine fever,C/2024/7055,"OJ L, 2024/2656,  7.10.2024, ELI:http://data.europa.eu/eli/reg_impl/2024/2656/oj(BG, ES, CS, DA, DE, ET, EL, EN, FR, GA, HR, IT, LV, LT, HU, MT, NL, PL, PT, RO, SK, SL, FI, SV)",In force,32024R2656,"BG, ES, CS, DA, DE, ET, EL, EN, FR, GA, HR, IT, LV, LT, HU, MT, NL, PL, PT, RO, SK, SL, FI, SV",Implementing regulation,"European Commission, Directorate-General for Health and Food Safety",04/10/2024; Date of adoption,https://eur-lex.europa.eu/legal-content/AUTO/?uri=CELEX:32024R2656,814,,,765f286d1807ea9f99383a37d7761d93ac0cac69155a0171f443dba8ce246c4f
Commission Implementing Regulation (EU) 2024/483 of 5 February 2024 amending Annexes I and II to Implementing Regulation (EU) 2023/594 laying down special control measures for African swine fever,C/2024/812,"OJ L, 2024/483,  6.2.2024, ELI:http://data.europa.eu/eli/reg_impl/2024/483/oj(BG, ES, CS, DA, DE, ET, EL, EN, FR, GA, HR, IT, LV, LT, HU, MT, NL, PL, PT, RO, SK, SL, FI, SV)",In force,32024R0483,"BG, ES, CS, DA, DE, ET, EL, EN, FR, GA, HR, IT, LV, LT, HU, MT, NL, PL, PT, RO, SK, SL, FI, SV",Implementing regulation,"European Commission, Directorate-General for Health and Food Safety",05/02/2024; Date of adoption,https://eur-lex.europa.eu/legal-content/AUTO/?uri=CELEX:32024R0483,814,,,0752c48f2c3539d9248c3a6045cf028c4b0d31f44d18d4e83abb259fe241ec8c
Commission Implementing Regulation (EU) 2025/221 of 6 February 2025 granting a Union authorisation for the single biocidal product Neporex 2SG in accordance with Regulation (EU) No 528/2012 of the European Parliament and of the Council,C/2025/715,"OJ L, 2025/221,  7.2.2025, ELI:http://data.europa.eu/eli/reg_impl/2025/221/oj(BG, ES, CS, DA, DE, ET, EL, EN, FR, GA, HR, IT, LV, LT, HU, MT, NL, PL, PT, RO, SK, SL, FI, SV)",In force,32025R0221,"BG, ES, CS, DA, DE, ET, EL, EN, FR, GA, HR, IT, LV, LT, HU, MT, NL, PL, PT, RO, SK, SL, FI, SV",Implementing regulation,"European Commission, Directorate-General for Health and Food Safety",06/02/2025; Date of adoption,https://eur-lex.europa.eu/legal-content/AUTO/?uri=CELEX:32025R0221,815,,,1f522ed1405a6d9444f904d7b4f8bed229b1c1e4ad223d46350a81a755cc2d23
Commission Regulation (EU) 2024/2929 of 27 November 2024 correcting the French language version of Annex XVII to Regulation (EC) No 1907/2006 of the European Parliament and of the Council as regards the concentration levels of some substances,C/2024/8166,"OJ L, 2024/2929,  28.11.2024, ELI:http://data.europa.eu/eli/reg/2024/2929/oj(BG, ES, CS, DA, DE, ET, EL, EN, FR, GA, HR, IT, LV, LT, HU, MT, NL, PL, PT, RO, SK, SL, FI, SV)",In force,32024R2929,"BG, ES, CS, DA, DE, ET, EL, EN, FR, GA, HR, IT, LV, LT, HU, MT, NL, PL, PT, RO, SK, SL, FI, SV",Regulation,"European Commission, Directorate-General for Translation",27/11/2024; Date of adoption,https://eur-lex.europa.eu/legal-content/AUTO/?uri=CELEX:32024R2929,816,,,36d84bee073d088900c9b9e46ac7ea24d081e4d9bf5a0b566bf8d8bdce57e7b4
Commission Delegated Regulation (EU) 2024/2623 of 30 July 2024 supplementing Regulation (EU) 2016/429 of the European Parliament and of the Council as regards rules for approval and recognition of disease-free status of compartments keeping terrestrial animals,C/2024/5315,"OJ L, 2024/2623,  4.10.2024, ELI:http://data.europa.eu/eli/reg_del/2024/2623/oj(BG, ES, CS, DA, DE, ET, EL, EN, FR, GA, HR, IT, LV, LT, HU, MT, NL, PL, PT, RO, SK, SL, FI, SV)",In force,32024R2623,"BG, ES, CS, DA, DE, ET, EL, EN, FR, GA, HR, IT, LV, LT, HU, MT, NL, PL, PT, RO, SK, SL, FI, SV",Delegated regulation,"European Commission, Directorate-General for Health and Food Safety",30/07/2024; Date of adoption,https://eur-lex.europa.eu/legal-content/AUTO/?uri=CELEX:32024R2623,816,,,6925ca14508bf7dd6b7ab8ce683e9ecd07b52c7dd1cf892f8afbfb0879f2f4ab
Commission Implementing Regulation (EU) 2024/2043 of 29 July 2024 amending Annex II to Implementing Regulation (EU) 2020/690 as regards the listed diseases for which the disease-free status of compartments may be established,C/2024/5271,"OJ L, 2024/2043,  30.7.2024, ELI:http://data.europa.eu/eli/reg_impl/2024/2043/oj(BG, ES, CS, DA, DE, ET, EL, EN, FR, GA, HR, IT, LV, LT, HU, MT, NL, PL, PT, RO, SK, SL, FI, SV)",In force,32024R2043,"BG, ES, CS, DA, DE, ET, EL, EN, FR, GA, HR, IT, LV, LT, HU, MT, NL, PL, PT, RO, SK, SL, FI, SV",Implementing regulation,"European Commission, Directorate-General for Health and Food Safety",29/07/2024; Date of adoption,https://eur-lex.europa.eu/legal-content/AUTO/?uri=CELEX:32024R2043,816,,,e52708a2bf08bf97a3d800a36984a50f26a0b40e0b05c989425abe13bdcbb9d5
Commission Delegated Regulation (EU) 2024/1682 of 4 March 2024 amending Regulation (EU) 2019/1009 of the European Parliament and of the Council as regards adding processed manure as a component material in EU fertilising products,C/2024/1309,"OJ L, 2024/1682,  13.6.2024, ELI:http://data.europa.eu/eli/reg_del/2024/1682/oj(BG, ES, CS, DA, DE, ET, EL, EN, FR, GA, HR, IT, LV, LT, HU, MT, NL, PL, PT, RO, SK, SL, FI, SV)",In force,32024R1682,"BG, ES, CS, DA, DE, ET, EL, EN, FR, GA, HR, IT, LV, LT, HU, MT, NL, PL, PT, RO, SK, SL, FI, SV",Delegated regulation,"European Commission, Directorate-General for Internal Market, Industry, Entrepreneurship and SMEs",04/03/2024; Date of adoption,https://eur-lex.europa.eu/legal-content/AUTO/?uri=CELEX:32024R1682,816,,,5a1297735096b2f9fd5ee8329842edb2507fddd788c7d8dc57b047698d929329
Commission Regulation (EU) 2024/1487 of 29 May 2024 defining data requirements for the approval of safeners and synergists and establishing a work programme for the gradual review of safeners and synergists on the market in accordance with Regulation (EC) No 1107/2009 of the European Parliament and of the Council,C/2024/3484,"OJ L, 2024/1487,  30.5.2024, ELI:http://data.europa.eu/eli/reg/2024/1487/oj(BG, ES, CS, DA, DE, ET, EL, EN, FR, GA, HR, IT, LV, LT, HU, MT, NL, PL, PT, RO, SK, SL, FI, SV)",In force,32024R1487,"BG, ES, CS, DA, DE, ET, EL, EN, FR, GA, HR, IT, LV, LT, HU, MT, NL, PL, PT, RO, SK, SL, FI, SV",Regulation,"European Commission, Directorate-General for Health and Food Safety",29/05/2024; Date of adoption,https://eur-lex.europa.eu/legal-content/AUTO/?uri=CELEX:32024R1487,816,,,90e2ca8c97a91d1f8f352bbde582214f3ed3416f49fbbbe9a610e219a716ab57
Commission Delegated Regulation (EU) 2024/1295 of 26 February 2024 on harmonised technical specifications and testing standards for fire hoses,C/2024/890,"OJ L, 2024/1295,  6.5.2024, ELI:http://data.europa.eu/eli/reg_del/2024/1295/oj(BG, ES, CS, DA, DE, ET, EL, EN, FR, GA, HR, IT, LV, LT, HU, MT, NL, PL, PT, RO, SK, SL, FI, SV)",In force,32024R1295,"BG, ES, CS, DA, DE, ET, EL, EN, FR, GA, HR, IT, LV, LT, HU, MT, NL, PL, PT, RO, SK, SL, FI, SV",Delegated regulation,"European Commission, Directorate-General for Mobility and Transport",26/02/2024; Date of adoption,https://eur-lex.europa.eu/legal-content/AUTO/?uri=CELEX:32024R1295,816,,,5fedb6e120364ae13412a530510f0f5c577fa0b277f2efa80eaef7012e810645
"Commission Implementing Regulation (EU) 2025/1017 of 26 May 2025 on temporary emergency measures for Spain derogating from certain provisions of Regulation (EU) 2021/2115 of the European Parliament and of the Council and from Commission Delegated Regulation (EU) 2022/126, to resolve specific problems in the fruit and vegetables and wine sectors caused by severe adverse meteorological events",C/2025/3235,"OJ L, 2025/1017,  27.5.2025, ELI:http://data.europa.eu/eli/reg_impl/2025/1017/oj(BG, ES, CS, DA, DE, ET, EL, EN, FR, GA, HR, IT, LV, LT, HU, MT, NL, PL, PT, RO, SK, SL, FI, SV)",In force,32025R1017,"BG, ES, CS, DA, DE, ET, EL, EN, FR, GA, HR, IT, LV, LT, HU, MT, NL, PL, PT, RO, SK, SL, FI, SV",Implementing regulation,"European Commission, Directorate-General for Agriculture and Rural Development",26/05/2025; Date of adoption,https://eur-lex.europa.eu/legal-content/AUTO/?uri=CELEX:32025R1017,818,,,5977b5bb1c0f9ee97f7781b59ac726fffb8b115bc25c0051fbed8e0e6a17e30b
Commission Implementing Decision (EU) 2024/2797 of 31 October 2024 on authorising temporarily the measure taken by the French Republic on the labelling of products containing dinitrogen oxide only,C/2024/7503,"OJ L, 2024/2797,  4.11.2024, ELI:http://data.europa.eu/eli/dec_impl/2024/2797/oj(BG, ES, CS, DA, DE, ET, EL, EN, FR, GA, HR, IT, LV, LT, HU, MT, NL, PL, PT, RO, SK, SL, FI, SV)",In force,32024D2797,"BG, ES, CS, DA, DE, ET, EL, EN, FR, GA, HR, IT, LV, LT, HU, MT, NL, PL, PT, RO, SK, SL, FI, SV",Implementing decision,"European Commission, Directorate-General for Environment",31/10/2024; Date of adoption,https://eur-lex.europa.eu/legal-content/AUTO/?uri=CELEX:32024D2797,826,,,1d0bfba707823a0163500bc380164d9b25c398598ab9f4aedc5e5a5b7ce762c7
Commission Implementing Decision (EU) 2024/1284 of 13 May 2024 concerning the extension of the action taken by the Environment Agency of Luxembourg permitting the making available on the market and use of the biocidal product Raidox 35% in accordance with Regulation (EU) No 528/2012 of the European Parliament and of the Council,C/2024/2954,"OJ L, 2024/1284,  15.5.2024, ELI:http://data.europa.eu/eli/dec_impl/2024/1284/oj(BG, ES, CS, DA, DE, ET, EL, EN, FR, GA, HR, IT, LV, LT, HU, MT, NL, PL, PT, RO, SK, SL, FI, SV)",In force,32024D1284,"BG, ES, CS, DA, DE, ET, EL, EN, FR, GA, HR, IT, LV, LT, HU, MT, NL, PL, PT, RO, SK, SL, FI, SV",Implementing decision,"European Commission, Directorate-General for Health and Food Safety",13/05/2024; Date of adoption,https://eur-lex.europa.eu/legal-content/AUTO/?uri=CELEX:32024D1284,827,,,09dd352c4f0cf492c7b9b6c181577cc4702ba6158af5c949d887843f25e0514b
Commission Implementing Decision (EU) 2025/597 of 28 March 2025 amending Implementing Decision (EU) 2022/1668 as regards harmonised standard on explosion prevention and protection in underground mines - equipment and protective systems for firedamp drainage,C/2025/1797,"OJ L, 2025/597,  1.4.2025, ELI:http://data.europa.eu/eli/dec_impl/2025/597/oj(BG, ES, CS, DA, DE, ET, EL, EN, FR, GA, HR, IT, LV, LT, HU, MT, NL, PL, PT, RO, SK, SL, FI, SV)",In force,32025D0597,"BG, ES, CS, DA, DE, ET, EL, EN, FR, GA, HR, IT, LV, LT, HU, MT, NL, PL, PT, RO, SK, SL, FI, SV",Implementing decision,"European Commission, Directorate-General for Internal Market, Industry, Entrepreneurship and SMEs",28/03/2025; Date of adoption,https://eur-lex.europa.eu/legal-content/AUTO/?uri=CELEX:32025D0597,830,,,f803696073c035b2ed66cc6aa34f20e073f783d84ec42603a4c81fd0c170668a
Commission Delegated Regulation (EU) 2024/1403 of 12 March 2024 supplementing Regulation (EU) 2018/1139 of the European Parliament and of the Council by laying down the conditions and procedures for the accreditation by the European Union Aviation Safety Agency of qualified entities,C/2024/1490,"OJ L, 2024/1403,  24.5.2024, ELI:http://data.europa.eu/eli/reg_del/2024/1403/oj(BG, ES, CS, DA, DE, ET, EL, EN, FR, GA, HR, IT, LV, LT, HU, MT, NL, PL, PT, RO, SK, SL, FI, SV)",In force,32024R1403,"BG, ES, CS, DA, DE, ET, EL, EN, FR, GA, HR, IT, LV, LT, HU, MT, NL, PL, PT, RO, SK, SL, FI, SV",Delegated regulation,"European Commission, Directorate-General for Mobility and Transport",12/03/2024; Date of adoption,https://eur-lex.europa.eu/legal-content/AUTO/?uri=CELEX:32024R1403,830,,,f4c7958db6c9c4fbdf785762e04701853bbdf963c4d0729cbb974c10673a6a91
Commission Delegated Regulation (EU) 2024/1403 of 12 March 2024 supplementing Regulation (EU) 2018/1139 of the European Parliament and of the Council by laying down the conditions and procedures for the accreditation by the European Union Aviation Safety Agency of qualified entities,C/2024/1490,"OJ L, 2024/1403,  24.5.2024, ELI:http://data.europa.eu/eli/reg_del/2024/1403/oj(BG, ES, CS, DA, DE, ET, EL, EN, FR, GA, HR, IT, LV, LT, HU, MT, NL, PL, PT, RO, SK, SL, FI, SV)",In force,32024R1403,"BG, ES, CS, DA, DE, ET, EL, EN, FR, GA, HR, IT, LV, LT, HU, MT, NL, PL, PT, RO, SK, SL, FI, SV",Delegated regulation,"European Commission, Directorate-General for Mobility and Transport",12/03/2024; Date of adoption,https://eur-lex.europa.eu/legal-content/AUTO/?uri=CELEX:32024R1403,831,,,f4c7958db6c9c4fbdf785762e04701853bbdf963c4d0729cbb974c10673a6a91
Commission Implementing Regulation (EU) 2025/902 of 12 May 2025 amending Annex I to Implementing Regulation (EU) 2023/594 laying down special disease control measures for African swine fever,C/2025/3057,"OJ L, 2025/902,  14.5.2025, ELI:http://data.europa.eu/eli/reg_impl/2025/902/oj(BG, ES, CS, DA, DE, ET, EL, EN, FR, GA, HR, IT, LV, LT, HU, MT, NL, PL, PT, RO, SK, SL, FI, SV)",In force,32025R0902,"BG, ES, CS, DA, DE, ET, EL, EN, FR, GA, HR, IT, LV, LT, HU, MT, NL, PL, PT, RO, SK, SL, FI, SV",Implementing regulation,"European Commission, Directorate-General for Health and Food Safety",12/05/2025; Date of adoption,https://eur-lex.europa.eu/legal-content/AUTO/?uri=CELEX:32025R0902,845,,,eb0d9ed15113e4e24c7c69c66b73c96e9318cb9b40e666dfd8aac3131a9144ec
Commission Implementing Regulation (EU) 2024/808 of 29 February 2024 amending Annexes I and II to Implementing Regulation (EU) 2023/594 laying down special control measures for African swine fever,C/2024/1435,"OJ L, 2024/808,  1.3.2024, ELI:http://data.europa.eu/eli/reg_impl/2024/808/oj(BG, ES, CS, DA, DE, ET, EL, EN, FR, GA, HR, IT, LV, LT, HU, MT, NL, PL, PT, RO, SK, SL, FI, SV)",In force,32024R0808,"BG, ES, CS, DA, DE, ET, EL, EN, FR, GA, HR, IT, LV, LT, HU, MT, NL, PL, PT, RO, SK, SL, FI, SV",Implementing regulation,"European Commission, Directorate-General for Health and Food Safety",29/02/2024; Date of adoption,https://eur-lex.europa.eu/legal-content/AUTO/?uri=CELEX:32024R0808,845,,,1c116d6e8ef24d44f6203ab3e591a518ac4aab07319436a96ad0bdb146526b41
Commission Delegated Regulation (EU) 2025/65 of 31 October 2024 amending Delegated Regulation (EU) 2019/2123 as regards the conditions under which a separate Common Health Entry Document is submitted for consignments leaving a border control post for a control point where identity and physical checks are to be performed,C/2024/7560,"OJ L, 2025/65,  14.1.2025, ELI:http://data.europa.eu/eli/reg_del/2025/65/oj(BG, ES, CS, DA, DE, ET, EL, EN, FR, GA, HR, IT, LV, LT, HU, MT, NL, PL, PT, RO, SK, SL, FI, SV)",In force,32025R0065,"BG, ES, CS, DA, DE, ET, EL, EN, FR, GA, HR, IT, LV, LT, HU, MT, NL, PL, PT, RO, SK, SL, FI, SV",Delegated regulation,"European Commission, Directorate-General for Health and Food Safety",31/10/2024; Date of adoption,https://eur-lex.europa.eu/legal-content/AUTO/?uri=CELEX:32025R0065,845,,,53ae52f0472a9b490f63a500a0819342e795876b5b10d59599a9e412b9a10367
Commission Delegated Regulation (EU) 2024/1681 of 6 March 2024 supplementing Regulation (EU) No 305/2011 of the European Parliament and of the Council by establishing classes of performance in relation to the resistance to fire of construction products,C/2024/1356,"OJ L, 2024/1681,  13.6.2024, ELI:http://data.europa.eu/eli/reg_del/2024/1681/oj(BG, ES, CS, DA, DE, ET, EL, EN, FR, GA, HR, IT, LV, LT, HU, MT, NL, PL, PT, RO, SK, SL, FI, SV)",In force,32024R1681,"BG, ES, CS, DA, DE, ET, EL, EN, FR, GA, HR, IT, LV, LT, HU, MT, NL, PL, PT, RO, SK, SL, FI, SV",Delegated regulation,"European Commission, Directorate-General for Internal Market, Industry, Entrepreneurship and SMEs",06/03/2024; Date of adoption,https://eur-lex.europa.eu/legal-content/AUTO/?uri=CELEX:32024R1681,846,,,e361c50a20ed5b0614ffe8d7d738217411c77e35953e7bca109ac4f251f3b042
Commission Delegated Regulation (EU) 2025/65 of 31 October 2024 amending Delegated Regulation (EU) 2019/2123 as regards the conditions under which a separate Common Health Entry Document is submitted for consignments leaving a border control post for a control point where identity and physical checks are to be performed,C/2024/7560,"OJ L, 2025/65,  14.1.2025, ELI:http://data.europa.eu/eli/reg_del/2025/65/oj(BG, ES, CS, DA, DE, ET, EL, EN, FR, GA, HR, IT, LV, LT, HU, MT, NL, PL, PT, RO, SK, SL, FI, SV)",In force,32025R0065,"BG, ES, CS, DA, DE, ET, EL, EN, FR, GA, HR, IT, LV, LT, HU, MT, NL, PL, PT, RO, SK, SL, FI, SV",Delegated regulation,"European Commission, Directorate-General for Health and Food Safety",31/10/2024; Date of adoption,https://eur-lex.europa.eu/legal-content/AUTO/?uri=CELEX:32025R0065,854,,,53ae52f0472a9b490f63a500a0819342e795876b5b10d59599a9e412b9a10367
Commission Delegated Regulation (EU) 2024/1681 of 6 March 2024 supplementing Regulation (EU) No 305/2011 of the European Parliament and of the Council by establishing classes of performance in relation to the resistance to fire of construction products,C/2024/1356,"OJ L, 2024/1681,  13.6.2024, ELI:http://data.europa.eu/eli/reg_del/2024/1681/oj(BG, ES, CS, DA, DE, ET, EL, EN, FR, GA, HR, IT, LV, LT, HU, MT, NL, PL, PT, RO, SK, SL, FI, SV)",In force,32024R1681,"BG, ES, CS, DA, DE, ET, EL, EN, FR, GA, HR, IT, LV, LT, HU, MT, NL, PL, PT, RO, SK, SL, FI, SV",Delegated regulation,"European Commission, Directorate-General for Internal Market, Industry, Entrepreneurship and SMEs",06/03/2024; Date of adoption,https://eur-lex.europa.eu/legal-content/AUTO/?uri=CELEX:32024R1681,854,,,e361c50a20ed5b0614ffe8d7d738217411c77e35953e7bca109ac4f251f3b042
Commission Implementing Regulation (EU) 2024/760 of 23 February 2024 amending Annex I to Implementing Regulation (EU) 2023/594 laying down special control measures for African swine fever,C/2024/1280,"OJ L, 2024/760,  26.2.2024, ELI:http://data.europa.eu/eli/reg_impl/2024/760/oj(BG, ES, CS, DA, DE, ET, EL, EN, FR, GA, HR, IT, LV, LT, HU, MT, NL, PL, PT, RO, SK, SL, FI, SV)",In force,32024R0760,"BG, ES, CS, DA, DE, ET, EL, EN, FR, GA, HR, IT, LV, LT, HU, MT, NL, PL, PT, RO, SK, SL, FI, SV",Implementing regulation,"European Commission, Directorate-General for Health and Food Safety",23/02/2024; Date of adoption,https://eur-lex.europa.eu/legal-content/AUTO/?uri=CELEX:32024R0760,857,,,f0fc5be19a3b97f114d5dbc8ef5f36fe352601934935dd8a40d2d311f0362210
Commission Implementing Regulation (EU) 2024/1171 of 16 April 2024 amending Annexes I and II to Implementing Regulation (EU) 2023/594 laying down special control measures for African swine fever and repealing Implementing Decision (EU) 2024/1039,C/2024/2570,"OJ L, 2024/1171,  17.4.2024, ELI:http://data.europa.eu/eli/reg_impl/2024/1171/oj(BG, ES, CS, DA, DE, ET, EL, EN, FR, GA, HR, IT, LV, LT, HU, MT, NL, PL, PT, RO, SK, SL, FI, SV)",In force,32024R1171,"BG, ES, CS, DA, DE, ET, EL, EN, FR, GA, HR, IT, LV, LT, HU, MT, NL, PL, PT, RO, SK, SL, FI, SV",Implementing regulation,"European Commission, Directorate-General for Health and Food Safety",16/04/2024; Date of adoption,https://eur-lex.europa.eu/legal-content/AUTO/?uri=CELEX:32024R1171,884,,,1366d1280cd39023c9abbdb9da84eb1a243ee4ba8f12dde3c0bbd05a510c1675
Commission Implementing Regulation (EU) 2025/498 of 11 March 2025 amending Annex I to Implementing Regulation (EU) 2023/594 laying down special disease control measures for African swine fever,C/2025/1627,"OJ L, 2025/498,  13.3.2025, ELI:http://data.europa.eu/eli/reg_impl/2025/498/oj(BG, ES, CS, DA, DE, ET, EL, EN, FR, GA, HR, IT, LV, LT, HU, MT, NL, PL, PT, RO, SK, SL, FI, SV)",In force,32025R0498,"BG, ES, CS, DA, DE, ET, EL, EN, FR, GA, HR, IT, LV, LT, HU, MT, NL, PL, PT, RO, SK, SL, FI, SV",Implementing regulation,"European Commission, Directorate-General for Health and Food Safety",11/03/2025; Date of adoption,https://eur-lex.europa.eu/legal-content/AUTO/?uri=CELEX:32025R0498,886,,,680c4282d1cefcfc8eeca976b6e99f6832b313465ab92e81f79227bb7d44cf7c
Commission Implementing Regulation (EU) 2024/1661 of 5 June 2024 amending Annex I to Implementing Regulation (EU) 2023/594 laying down special control measures for African swine fever,C/2024/3849,"OJ L, 2024/1661,  6.6.2024, ELI:http://data.europa.eu/eli/reg_impl/2024/1661/oj(BG, ES, CS, DA, DE, ET, EL, EN, FR, GA, HR, IT, LV, LT, HU, MT, NL, PL, PT, RO, SK, SL, FI, SV)",In force,32024R1661,"BG, ES, CS, DA, DE, ET, EL, EN, FR, GA, HR, IT, LV, LT, HU, MT, NL, PL, PT, RO, SK, SL, FI, SV",Implementing regulation,"European Commission, Directorate-General for Health and Food Safety",05/06/2024; Date of adoption,https://eur-lex.europa.eu/legal-content/AUTO/?uri=CELEX:32024R1661,886,,,26e1cdef8f6094770a85c6a6961a3138078bdaed033d7d115698a5e8f33431ba
"Council Decision (EU) 2025/1300 of 17 June 2025 establishing the position to be taken on behalf of the European Union in the Partnership Council established by the Trade and Cooperation Agreement between the European Union and the European Atomic Energy Community, of the one part, and the United Kingdom of Great Britain and Northern Ireland, of the other part, as regards decision No 1/2025 of the Partnership Council",ST/8843/2025/INIT,"OJ L, 2025/1300,  2.7.2025, ELI:http://data.europa.eu/eli/dec/2025/1300/oj(BG, ES, CS, DA, DE, ET, EL, EN, FR, GA, HR, IT, LV, LT, HU, MT, NL, PL, PT, RO, SK, SL, FI, SV)",In force,32025D1300,"BG, ES, CS, DA, DE, ET, EL, EN, FR, GA, HR, IT, LV, LT, HU, MT, NL, PL, PT, RO, SK, SL, FI, SV",Decision,Council of the European Union,17/06/2025; Date of adoption,https://eur-lex.europa.eu/legal-content/AUTO/?uri=CELEX:32025D1300,887,,,e5dd36d36e9b127e3a642ed8041f6741b2a5d18a75685921339836a2c9ac4eaa
Council Implementing Decision (EU) 2024/831 of 4 March 2024 authorising Sweden to apply reduced excise duty rates on electricity consumed by households and service sector companies located in certain areas in the North of Sweden,ST/6411/2024/INIT,"OJ L, 2024/831,  6.3.2024, ELI:http://data.europa.eu/eli/dec_impl/2024/831/oj(BG, ES, CS, DA, DE, ET, EL, EN, FR, GA, HR, IT, LV, LT, HU, MT, NL, PL, PT, RO, SK, SL, FI, SV)",In force,32024D0831,"BG, ES, CS, DA, DE, ET, EL, EN, FR, GA, HR, IT, LV, LT, HU, MT, NL, PL, PT, RO, SK, SL, FI, SV",Implementing decision,Council of the European Union,04/03/2024; Date of adoption,https://eur-lex.europa.eu/legal-content/AUTO/?uri=CELEX:32024D0831,891,,,07b0fdc1b07d0e614740548733ad61d9d36ea5ec86ab7f3408351caa9e0dc101
Commission Implementing Decision 2024/266 of 17 January 2024 designating a European Union reference centre for the welfare of aquatic animals in accordance with Regulation (EU) 2017/625 of the European Parliament and of the Council (notified under document C(2024) 209),C/2024/209,"OJ L, 2024/266,  19.1.2024, ELI:http://data.europa.eu/eli/dec_impl/2024/266/oj(BG, ES, CS, DA, DE, ET, EL, EN, FR, GA, HR, IT, LV, LT, HU, MT, NL, PL, PT, RO, SK, SL, FI, SV)",In force,32024D0266,"BG, ES, CS, DA, DE, ET, EL, EN, FR, GA, HR, IT, LV, LT, HU, MT, NL, PL, PT, RO, SK, SL, FI, SV",Implementing decision,"European Commission, Directorate-General for Health and Food Safety",17/01/2024; Date of adoption,https://eur-lex.europa.eu/legal-content/AUTO/?uri=CELEX:32024D0266,893,,,8f9b176ae2c81e57cdad244cd844840e7d0709cb19ce6d89d6a92201c18a2738
Commission Implementing Regulation (EU) 2024/2167 of 19 August 2024 amending Annex I to Implementing Regulation (EU) 2023/594 laying down special control measures for African swine fever,C/2024/5913,"OJ L, 2024/2167,  20.8.2024, ELI:http://data.europa.eu/eli/reg_impl/2024/2167/oj(BG, ES, CS, DA, DE, ET, EL, EN, FR, GA, HR, IT, LV, LT, HU, MT, NL, PL, PT, RO, SK, SL, FI, SV)",In force,32024R2167,"BG, ES, CS, DA, DE, ET, EL, EN, FR, GA, HR, IT, LV, LT, HU, MT, NL, PL, PT, RO, SK, SL, FI, SV",Implementing regulation,"European Commission, Directorate-General for Health and Food Safety",19/08/2024; Date of adoption,https://eur-lex.europa.eu/legal-content/AUTO/?uri=CELEX:32024R2167,893,,,aaa69a225372fb9f6d2d42ee0ae772f767d644ad5b5f1f0cd22ad23f3b439772
Commission Implementing Regulation (EU) 2024/1454 of 17 May 2024 amending Annexes I and II to Implementing Regulation (EU) 2023/594 laying down special control measures for African swine fever and repealing Implementing Decision (EU) 2024/1310,C/2024/3457,"OJ L, 2024/1454,  21.5.2024, ELI:http://data.europa.eu/eli/reg_impl/2024/1454/oj(BG, ES, CS, DA, DE, ET, EL, EN, FR, GA, HR, IT, LV, LT, HU, MT, NL, PL, PT, RO, SK, SL, FI, SV)",In force,32024R1454,"BG, ES, CS, DA, DE, ET, EL, EN, FR, GA, HR, IT, LV, LT, HU, MT, NL, PL, PT, RO, SK, SL, FI, SV",Implementing regulation,"European Commission, Directorate-General for Health and Food Safety",17/05/2024; Date of adoption,https://eur-lex.europa.eu/legal-content/AUTO/?uri=CELEX:32024R1454,894,,,fcb7a18e5951ce8c7d4f35fa06807cbcefd1c55aeda23255f1515f7096d6aa87
Commission Implementing Regulation (EU) 2024/1454 of 17 May 2024 amending Annexes I and II to Implementing Regulation (EU) 2023/594 laying down special control measures for African swine fever and repealing Implementing Decision (EU) 2024/1310,C/2024/3457,"OJ L, 2024/1454,  21.5.2024, ELI:http://data.europa.eu/eli/reg_impl/2024/1454/oj(BG, ES, CS, DA, DE, ET, EL, EN, FR, GA, HR, IT, LV, LT, HU, MT, NL, PL, PT, RO, SK, SL, FI, SV)",In force,32024R1454,"BG, ES, CS, DA, DE, ET, EL, EN, FR, GA, HR, IT, LV, LT, HU, MT, NL, PL, PT, RO, SK, SL, FI, SV",Implementing regulation,"European Commission, Directorate-General for Health and Food Safety",17/05/2024; Date of adoption,https://eur-lex.europa.eu/legal-content/AUTO/?uri=CELEX:32024R1454,895,,,fcb7a18e5951ce8c7d4f35fa06807cbcefd1c55aeda23255f1515f7096d6aa87
"Commission Implementing Regulation (EU) 2025/505 of 19 March 2025 amending Implementing Regulation (EU) 2022/632 as regards the prolongation of the temporary measures concerning specified fruits originating in Argentina, Brazil, South Africa, Uruguay and Zimbabwe to prevent the introduction into and the spread within the Union territory of the pest Phyllosticta citricarpa (McAlpine) Van der Aa",C/2025/1606,"OJ L, 2025/505,  20.3.2025, ELI:http://data.europa.eu/eli/reg_impl/2025/505/oj(BG, ES, CS, DA, DE, ET, EL, EN, FR, GA, HR, IT, LV, LT, HU, MT, NL, PL, PT, RO, SK, SL, FI, SV)",In force,32025R0505,"BG, ES, CS, DA, DE, ET, EL, EN, FR, GA, HR, IT, LV, LT, HU, MT, NL, PL, PT, RO, SK, SL, FI, SV",Implementing regulation,"European Commission, Directorate-General for Health and Food Safety",19/03/2025; Date of adoption,https://eur-lex.europa.eu/legal-content/AUTO/?uri=CELEX:32025R0505,896,,,9196e04d463c7881e7616474463b7b2782f45ac7cd620bfb3ecc80c458536ff3
"Commission Implementing Regulation (EU) 2024/2030 of 23 July 2024 providing for emergency financial support for the fruit and vegetables sector and the wine sector affected by adverse climatic events in Austria, Czechia and Poland, in accordance with Regulation (EU) No 1308/2013 of the European Parliament and of the Council",C/2024/5108,"OJ L, 2024/2030,  24.7.2024, ELI:http://data.europa.eu/eli/reg_impl/2024/2030/oj(BG, ES, CS, DA, DE, ET, EL, EN, FR, GA, HR, IT, LV, LT, HU, MT, NL, PL, PT, RO, SK, SL, FI, SV)",In force,32024R2030,"BG, ES, CS, DA, DE, ET, EL, EN, FR, GA, HR, IT, LV, LT, HU, MT, NL, PL, PT, RO, SK, SL, FI, SV",Implementing regulation,"European Commission, Directorate-General for Agriculture and Rural Development",23/07/2024; Date of adoption,https://eur-lex.europa.eu/legal-content/AUTO/?uri=CELEX:32024R2030,896,,,494efc74e8d9af07512536f00a7222e5a83178685930a766a458db212f57c8bf
Commission Implementing Regulation (EU) 2024/2425 of 9 September 2024 amending Annex I to Implementing Regulation (EU) 2023/594 laying down special control measures for African swine fever,C/2024/6492,"OJ L, 2024/2425,  10.9.2024, ELI:http://data.europa.eu/eli/reg_impl/2024/2425/oj(BG, ES, CS, DA, DE, ET, EL, EN, FR, GA, HR, IT, LV, LT, HU, MT, NL, PL, PT, RO, SK, SL, FI, SV)",In force,32024R2425,"BG, ES, CS, DA, DE, ET, EL, EN, FR, GA, HR, IT, LV, LT, HU, MT, NL, PL, PT, RO, SK, SL, FI, SV",Implementing regulation,"European Commission, Directorate-General for Health and Food Safety",09/09/2024; Date of adoption,https://eur-lex.europa.eu/legal-content/AUTO/?uri=CELEX:32024R2425,896,,,3cb15b832dfe05e39274ffd4145601ed1391f631f458a5c1fa050c882445b494
Commission Implementing Regulation (EU) 2024/2187 of 27 August 2024 amending Annex I to Implementing Regulation (EU) 2023/594 laying down special control measures for African swine fever,C/2024/6126,"OJ L, 2024/2187,  28.8.2024, ELI:http://data.europa.eu/eli/reg_impl/2024/2187/oj(BG, ES, CS, DA, DE, ET, EL, EN, FR, GA, HR, IT, LV, LT, HU, MT, NL, PL, PT, RO, SK, SL, FI, SV)",In force,32024R2187,"BG, ES, CS, DA, DE, ET, EL, EN, FR, GA, HR, IT, LV, LT, HU, MT, NL, PL, PT, RO, SK, SL, FI, SV",Implementing regulation,"European Commission, Directorate-General for Health and Food Safety",27/08/2024; Date of adoption,https://eur-lex.europa.eu/legal-content/AUTO/?uri=CELEX:32024R2187,896,,,e2ad2923f267ff31427f62ba18f570cff24b2593d5961a414d360cf3c33ea5cd
Commission Implementing Regulation (EU) 2024/1994 of 16 July 2024 amending Annexes I and II to Implementing Regulation (EU) 2023/594 laying down special control measures for African swine fever,C/2024/5175,"OJ L, 2024/1994,  18.7.2024, ELI:http://data.europa.eu/eli/reg_impl/2024/1994/oj(BG, ES, CS, DA, DE, ET, EL, EN, FR, GA, HR, IT, LV, LT, HU, MT, NL, PL, PT, RO, SK, SL, FI, SV)",In force,32024R1994,"BG, ES, CS, DA, DE, ET, EL, EN, FR, GA, HR, IT, LV, LT, HU, MT, NL, PL, PT, RO, SK, SL, FI, SV",Implementing regulation,"European Commission, Directorate-General for Health and Food Safety",16/07/2024; Date of adoption,https://eur-lex.europa.eu/legal-content/AUTO/?uri=CELEX:32024R1994,896,,,eb1bfba5dd835fcf6272ef16ec00b09f71644aec5930f3f2fbc9816cad4ea3d7
Commission Implementing Regulation (EU) 2024/2160 of 9 August 2024 amending Annex I to Implementing Regulation (EU) 2023/594 laying down special control measures for African swine fever,C/2024/5839,"OJ L, 2024/2160,  12.8.2024, ELI:http://data.europa.eu/eli/reg_impl/2024/2160/oj(BG, ES, CS, DA, DE, ET, EL, EN, FR, GA, HR, IT, LV, LT, HU, MT, NL, PL, PT, RO, SK, SL, FI, SV)",In force,32024R2160,"BG, ES, CS, DA, DE, ET, EL, EN, FR, GA, HR, IT, LV, LT, HU, MT, NL, PL, PT, RO, SK, SL, FI, SV",Implementing regulation,"European Commission, Directorate-General for Health and Food Safety",09/08/2024; Date of adoption,https://eur-lex.europa.eu/legal-content/AUTO/?uri=CELEX:32024R2160,898,,,5da316d6681c19e62b253c30dc8ad0d58ab7f947d4f44f2ae3b019f1e3be7f44
Commission Implementing Regulation (EU) 2024/2051 of 23 July 2024 amending Annexes I and II to Implementing Regulation (EU) 2023/594 laying down special control measures for African swine fever,C/2024/5392,"OJ L, 2024/2051,  24.7.2024, ELI:http://data.europa.eu/eli/reg_impl/2024/2051/oj(BG, ES, CS, DA, DE, ET, EL, EN, FR, GA, HR, IT, LV, LT, HU, MT, NL, PL, PT, RO, SK, SL, FI, SV)",In force,32024R2051,"BG, ES, CS, DA, DE, ET, EL, EN, FR, GA, HR, IT, LV, LT, HU, MT, NL, PL, PT, RO, SK, SL, FI, SV",Implementing regulation,"European Commission, Directorate-General for Health and Food Safety",23/07/2024; Date of adoption,https://eur-lex.europa.eu/legal-content/AUTO/?uri=CELEX:32024R2051,898,,,7676e5a23c8093f86e04793f1099b0e34c26928e2b728118ee6923582ae4ba5c
Commission Implementing Regulation (EU) 2024/413 of 25 January 2024 amending Annexes I and II to Implementing Regulation (EU) 2023/594 laying down special control measures for African swine fever,C/2024/555,"OJ L, 2024/413,  26.1.2024, ELI:http://data.europa.eu/eli/reg_impl/2024/413/oj(BG, ES, CS, DA, DE, ET, EL, EN, FR, GA, HR, IT, LV, LT, HU, MT, NL, PL, PT, RO, SK, SL, FI, SV)",In force,32024R0413,"BG, ES, CS, DA, DE, ET, EL, EN, FR, GA, HR, IT, LV, LT, HU, MT, NL, PL, PT, RO, SK, SL, FI, SV",Implementing regulation,"European Commission, Directorate-General for Health and Food Safety",25/01/2024; Date of adoption,https://eur-lex.europa.eu/legal-content/AUTO/?uri=CELEX:32024R0413,898,,,e33406ba2b1c797422d2eeabca1f29f53ec2585fb679e78e3536a74663341ecb
Commission Implementing Regulation (EU) 2025/862 of 30 April 2025 amending Annex I to Implementing Regulation (EU) 2023/594 laying down special disease control measures for African swine fever,C/2025/2724,"OJ L, 2025/862,  2.5.2025, ELI:http://data.europa.eu/eli/reg_impl/2025/862/oj(BG, ES, CS, DA, DE, ET, EL, EN, FR, GA, HR, IT, LV, LT, HU, MT, NL, PL, PT, RO, SK, SL, FI, SV)",In force,32025R0862,"BG, ES, CS, DA, DE, ET, EL, EN, FR, GA, HR, IT, LV, LT, HU, MT, NL, PL, PT, RO, SK, SL, FI, SV",Implementing regulation,"European Commission, Directorate-General for Health and Food Safety",30/04/2025; Date of adoption,https://eur-lex.europa.eu/legal-content/AUTO/?uri=CELEX:32025R0862,899,,,d57604a117f71d9d14fbb076553add07ddf98f3ea61e20371d23a4f167722ab5
Commission Implementing Regulation (EU) 2025/1072 of 22 May 2025 amending Annex I to Implementing Regulation (EU) 2023/594 laying down special disease control measures for African swine fever,C/2025/3423,"OJ L, 2025/1072,  23.5.2025, ELI:http://data.europa.eu/eli/reg_impl/2025/1072/oj(BG, ES, CS, DA, DE, ET, EL, EN, FR, GA, HR, IT, LV, LT, HU, MT, NL, PL, PT, RO, SK, SL, FI, SV)",In force,32025R1072,"BG, ES, CS, DA, DE, ET, EL, EN, FR, GA, HR, IT, LV, LT, HU, MT, NL, PL, PT, RO, SK, SL, FI, SV",Implementing regulation,"European Commission, Directorate-General for Health and Food Safety",22/05/2025; Date of adoption,https://eur-lex.europa.eu/legal-content/AUTO/?uri=CELEX:32025R1072,901,,,a4ba5959d1eaf2ad08e1a333176f9679180259f01a07fb1296041b454b86e946
Commission Implementing Regulation (EU) 2024/2928 of 20 November 2024 amending Annex I to Implementing Regulation (EU) 2023/594 laying down special control measures for African swine fever,C/2024/8292,"OJ L, 2024/2928,  22.11.2024, ELI:http://data.europa.eu/eli/reg_impl/2024/2928/oj(BG, ES, CS, DA, DE, ET, EL, EN, FR, GA, HR, IT, LV, LT, HU, MT, NL, PL, PT, RO, SK, SL, FI, SV)",In force,32024R2928,"BG, ES, CS, DA, DE, ET, EL, EN, FR, GA, HR, IT, LV, LT, HU, MT, NL, PL, PT, RO, SK, SL, FI, SV",Implementing regulation,"European Commission, Directorate-General for Health and Food Safety",20/11/2024; Date of adoption,https://eur-lex.europa.eu/legal-content/AUTO/?uri=CELEX:32024R2928,902,,,66511beb0d62ee93bceb27385bcf93fac1eda65284276af0f4b5e7033480ffe4
Commission Implementing Regulation (EU) 2024/2139 of 1 August 2024 amending Annexes I and II to Implementing Regulation (EU) 2023/594 laying down special control measures for African swine fever,C/2024/5651,"OJ L, 2024/2139,  2.8.2024, ELI:http://data.europa.eu/eli/reg_impl/2024/2139/oj(BG, ES, CS, DA, DE, ET, EL, EN, FR, GA, HR, IT, LV, LT, HU, MT, NL, PL, PT, RO, SK, SL, FI, SV)",In force,32024R2139,"BG, ES, CS, DA, DE, ET, EL, EN, FR, GA, HR, IT, LV, LT, HU, MT, NL, PL, PT, RO, SK, SL, FI, SV",Implementing regulation,"European Commission, Directorate-General for Health and Food Safety",01/08/2024; Date of adoption,https://eur-lex.europa.eu/legal-content/AUTO/?uri=CELEX:32024R2139,902,,,39c940cdf5eb6e5cf95f62981751dd77f254704705cf79ed1ea7165ab8cc3c04
Commission Implementing Regulation (EU) 2025/715 of 7 April 2025 amending Annex I to Implementing Regulation (EU) 2023/594 laying down special disease control measures for African swine fever,C/2025/2228,"OJ L, 2025/715,  8.4.2025, ELI:http://data.europa.eu/eli/reg_impl/2025/715/oj(BG, ES, CS, DA, DE, ET, EL, EN, FR, GA, HR, IT, LV, LT, HU, MT, NL, PL, PT, RO, SK, SL, FI, SV)",In force,32025R0715,"BG, ES, CS, DA, DE, ET, EL, EN, FR, GA, HR, IT, LV, LT, HU, MT, NL, PL, PT, RO, SK, SL, FI, SV",Implementing regulation,"European Commission, Directorate-General for Health and Food Safety",07/04/2025; Date of adoption,https://eur-lex.europa.eu/legal-content/AUTO/?uri=CELEX:32025R0715,903,,,5c88a7d741bd880f88a593236dead7c9828ed3d69caf5e591a046334c7a5aa7d
Commission Implementing Regulation (EU) 2024/3245 of 19 December 2024 amending Annexes I and II to Implementing Regulation (EU) 2023/594 laying down special control measures for African swine fever and repealing Implementing Decision (EU) 2024/2976 concerning certain interim emergency measures relating to African swine fever in Germany,C/2024/9307,"OJ L, 2024/3245,  31.12.2024, ELI:http://data.europa.eu/eli/reg_impl/2024/3245/oj(BG, ES, CS, DA, DE, ET, EL, EN, FR, GA, HR, IT, LV, LT, HU, MT, NL, PL, PT, RO, SK, SL, FI, SV)",In force,32024R3245,"BG, ES, CS, DA, DE, ET, EL, EN, FR, GA, HR, IT, LV, LT, HU, MT, NL, PL, PT, RO, SK, SL, FI, SV",Implementing regulation,"European Commission, Directorate-General for Health and Food Safety",19/12/2024; Date of adoption,https://eur-lex.europa.eu/legal-content/AUTO/?uri=CELEX:32024R3245,903,,,3f7934e5aac84aaf36a08c3ece127dd88fc76a022c80f2d15ad9e30e8deaa619
Commission Implementing Regulation (EU) 2024/2825 of 29 October 2024 amending Annex I to Implementing Regulation (EU) 2023/594 laying down special control measures for African swine fever,C/2024/7722,"OJ L, 2024/2825,  31.10.2024, ELI:http://data.europa.eu/eli/reg_impl/2024/2825/oj(BG, ES, CS, DA, DE, ET, EL, EN, FR, GA, HR, IT, LV, LT, HU, MT, NL, PL, PT, RO, SK, SL, FI, SV)",In force,32024R2825,"BG, ES, CS, DA, DE, ET, EL, EN, FR, GA, HR, IT, LV, LT, HU, MT, NL, PL, PT, RO, SK, SL, FI, SV",Implementing regulation,"European Commission, Directorate-General for Health and Food Safety",29/10/2024; Date of adoption,https://eur-lex.europa.eu/legal-content/AUTO/?uri=CELEX:32024R2825,903,,,458faaa04c4d12407396b93378c96749badf717a7b0b8d48523d64cd1d5f312a
Commission Implementing Regulation (EU) 2024/1269 of 29 April 2024 amending Annex I to Implementing Regulation (EU) 2023/594 laying down special control measures for African swine fever,C/2024/2952,"OJ L, 2024/1269,  30.4.2024, ELI:http://data.europa.eu/eli/reg_impl/2024/1269/oj(BG, ES, CS, DA, DE, ET, EL, EN, FR, GA, HR, IT, LV, LT, HU, MT, NL, PL, PT, RO, SK, SL, FI, SV)",In force,32024R1269,"BG, ES, CS, DA, DE, ET, EL, EN, FR, GA, HR, IT, LV, LT, HU, MT, NL, PL, PT, RO, SK, SL, FI, SV",Implementing regulation,"European Commission, Directorate-General for Health and Food Safety",29/04/2024; Date of adoption,https://eur-lex.europa.eu/legal-content/AUTO/?uri=CELEX:32024R1269,903,,,d0d6ce4328f14884808f9d30b09261e2a71219d69dbe2a97bc44655379a35363
Commission Implementing Regulation (EU) 2025/1242 of 19 June 2025 amending Annexes I and II to Implementing Regulation (EU) 2023/594 laying down special disease control measures for African swine fever,C/2025/4048,"OJ L, 2025/1242,  20.6.2025, ELI:http://data.europa.eu/eli/reg_impl/2025/1242/oj(BG, ES, CS, DA, DE, ET, EL, EN, FR, GA, HR, IT, LV, LT, HU, MT, NL, PL, PT, RO, SK, SL, FI, SV)",In force,32025R1242,"BG, ES, CS, DA, DE, ET, EL, EN, FR, GA, HR, IT, LV, LT, HU, MT, NL, PL, PT, RO, SK, SL, FI, SV",Implementing regulation,"European Commission, Directorate-General for Health and Food Safety",19/06/2025; Date of adoption,https://eur-lex.europa.eu/legal-content/AUTO/?uri=CELEX:32025R1242,905,,,a446f4035c3c1ce86a4798c822b392c03677b4012954f312bbbf91f25ccb3ee3
Commission Implementing Regulation (EU) 2024/2526 of 23 September 2024 amending Annexes I and II to Implementing Regulation (EU) 2023/594 laying down special control measures for African swine fever,C/2024/6757,"OJ L, 2024/2526,  24.9.2024, ELI:http://data.europa.eu/eli/reg_impl/2024/2526/oj(BG, ES, CS, DA, DE, ET, EL, EN, FR, GA, HR, IT, LV, LT, HU, MT, NL, PL, PT, RO, SK, SL, FI, SV)",In force,32024R2526,"BG, ES, CS, DA, DE, ET, EL, EN, FR, GA, HR, IT, LV, LT, HU, MT, NL, PL, PT, RO, SK, SL, FI, SV",Implementing regulation,"European Commission, Directorate-General for Health and Food Safety",23/09/2024; Date of adoption,https://eur-lex.europa.eu/legal-content/AUTO/?uri=CELEX:32024R2526,905,,,5baf7dd0634fbf0622cbe59bf6f01d019432abe57303dfe33307ca4cc3f968ef
Commission Implementing Regulation (EU) 2025/448 of 28 February 2025 amending Annexes I and II to Implementing Regulation (EU) 2023/594 laying down special disease control measures for African swine fever,C/2025/1441,"OJ L, 2025/448,  3.3.2025, ELI:http://data.europa.eu/eli/reg_impl/2025/448/oj(BG, ES, CS, DA, DE, ET, EL, EN, FR, GA, HR, IT, LV, LT, HU, MT, NL, PL, PT, RO, SK, SL, FI, SV)",In force,32025R0448,"BG, ES, CS, DA, DE, ET, EL, EN, FR, GA, HR, IT, LV, LT, HU, MT, NL, PL, PT, RO, SK, SL, FI, SV",Implementing regulation,"European Commission, Directorate-General for Health and Food Safety",28/02/2025; Date of adoption,https://eur-lex.europa.eu/legal-content/AUTO/?uri=CELEX:32025R0448,905,,,fea2c75ed789cdaf39d25a5c37d220b524cdfef945699021d1bb5b44d5ae906d
"Commission Implementing Regulation (EU) 2024/2675 of 10 October 2024 providing for emergency financial support for the agricultural sectors affected by adverse climatic events in Bulgaria, Germany, Estonia, Italy and Romania, in accordance with Regulation (EU) No 1308/2013 of the European Parliament and of the Council",C/2024/7150,"OJ L, 2024/2675,  10.10.2024, ELI:http://data.europa.eu/eli/reg_impl/2024/2675/oj(BG, ES, CS, DA, DE, ET, EL, EN, FR, GA, HR, IT, LV, LT, HU, MT, NL, PL, PT, RO, SK, SL, FI, SV)",In force,32024R2675,"BG, ES, CS, DA, DE, ET, EL, EN, FR, GA, HR, IT, LV, LT, HU, MT, NL, PL, PT, RO, SK, SL, FI, SV",Implementing regulation,"European Commission, Directorate-General for Agriculture and Rural Development",10/10/2024; Date of adoption,https://eur-lex.europa.eu/legal-content/AUTO/?uri=CELEX:32024R2675,906,,,6479137745d30adc8ff51447ad6e87df038a4af4a77cc3d86e41a27517971ce2
Commission Implementing Regulation (EU) 2025/164 of 23 January 2025 amending Annex I to Implementing Regulation (EU) 2023/594 laying down special control measures for African swine fever,C/2025/614,"OJ L, 2025/164,  24.1.2025, ELI:http://data.europa.eu/eli/reg_impl/2025/164/oj(BG, ES, CS, DA, DE, ET, EL, EN, FR, GA, HR, IT, LV, LT, HU, MT, NL, PL, PT, RO, SK, SL, FI, SV)",In force,32025R0164,"BG, ES, CS, DA, DE, ET, EL, EN, FR, GA, HR, IT, LV, LT, HU, MT, NL, PL, PT, RO, SK, SL, FI, SV",Implementing regulation,"European Commission, Directorate-General for Health and Food Safety",23/01/2025; Date of adoption,https://eur-lex.europa.eu/legal-content/AUTO/?uri=CELEX:32025R0164,906,,,980de0ee95274aa661d3c2871cdce82cd118894981f2ae0acda610496b636fe2
Commission Implementing Regulation (EU) 2024/968 of 21 March 2024 amending Annex I to Implementing Regulation (EU) 2023/594 laying down special control measures for African swine fever,C/2024/1982,"OJ L, 2024/968,  22.3.2024, ELI:http://data.europa.eu/eli/reg_impl/2024/968/oj(BG, ES, CS, DA, DE, ET, EL, EN, FR, GA, HR, IT, LV, LT, HU, MT, NL, PL, PT, RO, SK, SL, FI, SV)",In force,32024R0968,"BG, ES, CS, DA, DE, ET, EL, EN, FR, GA, HR, IT, LV, LT, HU, MT, NL, PL, PT, RO, SK, SL, FI, SV",Implementing regulation,"European Commission, Directorate-General for Health and Food Safety",21/03/2024; Date of adoption,https://eur-lex.europa.eu/legal-content/AUTO/?uri=CELEX:32024R0968,907,,,beb93236d899be473f8e55ad7fd01bd57b6d67623e5e442c496210f6b6a3033b
Commission Implementing Regulation (EU) 2024/1857 of 28 June 2024 amending Annexes I and II to Implementing Regulation (EU) 2023/594 laying down special control measures for African swine fever and repealing Commission Implementing Decision (EU) 2024/1695 and Commission Implementing Decision (EU) 2024/1790,C/2024/4581,"OJ L, 2024/1857,  1.7.2024, ELI:http://data.europa.eu/eli/reg_impl/2024/1857/oj(BG, ES, CS, DA, DE, ET, EL, EN, FR, GA, HR, IT, LV, LT, HU, MT, NL, PL, PT, RO, SK, SL, FI, SV)",In force,32024R1857,"BG, ES, CS, DA, DE, ET, EL, EN, FR, GA, HR, IT, LV, LT, HU, MT, NL, PL, PT, RO, SK, SL, FI, SV",Implementing regulation,"European Commission, Directorate-General for Health and Food Safety",28/06/2024; Date of adoption,https://eur-lex.europa.eu/legal-content/AUTO/?uri=CELEX:32024R1857,908,,,7fc1fdfe8415707fbf81e32fd27f65a83f8dc5aa676f7ea87ec38a40ee2caca2
