title,ref,details,status,CELEX number:,Languages:,Form:,Author:,Date of document:,link,page,Number of pages:,Latest consolidated version:
"Regulation (EU) 2024/1244 of the European Parliament and of the Council of 24 April 2024 on reporting of environmental data from industrial installations, establishing an Industrial Emissions Portal and repealing Regulation (EC) No 166/2006 (Text with EEA relevance)",PE/101/2023/REV/1,"OJ L, 2024/1244,  2.5.2024, ELI:http://data.europa.eu/eli/reg/2024/1244/oj(BG, ES, CS, DA, DE, ET, EL, EN, FR, GA, HR, IT, LV, LT, HU, MT, NL, PL, PT, RO, SK, SL, FI, SV)",In force,32024R1244,"BG, ES, CS, DA, DE, ET, EL, EN, FR, GA, HR, IT, LV, LT, HU, MT, NL, PL, PT, RO, SK, SL, FI, SV",Regulation,"European Parliament, Council of the European Union",24/04/2024,https://eur-lex.europa.eu/legal-content/AUTO/?uri=CELEX:32024R1244,1,,
"Regulation (EU) 2024/1157 of the European Parliament and of the Council of 11 April 2024 on shipments of waste, amending Regulations (EU) No 1257/2013 and (EU) 2020/1056 and repealing Regulation (EC) No 1013/2006 (Text with EEA relevance)",PE/84/2023/REV/1,"OJ L, 2024/1157,  30.4.2024, ELI:http://data.europa.eu/eli/reg/2024/1157/oj(BG, ES, CS, DA, DE, ET, EL, EN, FR, GA, HR, IT, LV, LT, HU, MT, NL, PL, PT, RO, SK, SL, FI, SV)",In force,32024R1157,"BG, ES, CS, DA, DE, ET, EL, EN, FR, GA, HR, IT, LV, LT, HU, MT, NL, PL, PT, RO, SK, SL, FI, SV",Regulation,"European Parliament, Council of the European Union",11/04/2024,https://eur-lex.europa.eu/legal-content/AUTO/?uri=CELEX:32024R1157,1,,09/01/2025
Regulation (EU) 2024/1991 of the European Parliament and of the Council of 24 June 2024 on nature restoration and amending Regulation (EU) 2022/869 (Text with EEA relevance),PE/74/2023/REV/1,"OJ L, 2024/1991,  29.7.2024, ELI:http://data.europa.eu/eli/reg/2024/1991/oj(BG, ES, CS, DA, DE, ET, EL, EN, FR, GA, HR, IT, LV, LT, HU, MT, NL, PL, PT, RO, SK, SL, FI, SV)",In force,32024R1991,"BG, ES, CS, DA, DE, ET, EL, EN, FR, GA, HR, IT, LV, LT, HU, MT, NL, PL, PT, RO, SK, SL, FI, SV",Regulation,"European Parliament, Council of the European Union",24/06/2024,https://eur-lex.europa.eu/legal-content/AUTO/?uri=CELEX:32024R1991,1,,
"Regulation (EU) 2025/40 of the European Parliament and of the Council of 19 December 2024 on packaging and packaging waste, amending Regulation (EU) 2019/1020 and Directive (EU) 2019/904, and repealing Directive 94/62/EC (Text with EEA relevance)",PE/73/2024/REV/1,"OJ L, 2025/40,  22.1.2025, ELI:http://data.europa.eu/eli/reg/2025/40/oj(BG, ES, CS, DA, DE, ET, EL, EN, FR, GA, HR, IT, LV, LT, HU, MT, NL, PL, PT, RO, SK, SL, FI, SV)",In force,32025R0040,"BG, ES, CS, DA, DE, ET, EL, EN, FR, GA, HR, IT, LV, LT, HU, MT, NL, PL, PT, RO, SK, SL, FI, SV",Regulation,"European Parliament, Council of the European Union",19/12/2024,https://eur-lex.europa.eu/legal-content/AUTO/?uri=CELEX:32025R0040,1,,
Directive (EU) 2024/3019 of the European Parliament and of the Council of 27 November 2024 concerning urban wastewater treatment (recast) (Text with EEA relevance),PE/85/2024/REV/1,"OJ L, 2024/3019,  12.12.2024, ELI:http://data.europa.eu/eli/dir/2024/3019/oj(BG, ES, CS, DA, DE, ET, EL, EN, FR, GA, HR, IT, LV, LT, HU, MT, NL, PL, PT, RO, SK, SL, FI, SV)",In force,32024L3019,"BG, ES, CS, DA, DE, ET, EL, EN, FR, GA, HR, IT, LV, LT, HU, MT, NL, PL, PT, RO, SK, SL, FI, SV",Directive,"European Parliament, Council of the European Union",27/11/2024,https://eur-lex.europa.eu/legal-content/AUTO/?uri=CELEX:32024L3019,2,,12/12/2024
Directive (EU) 2024/1203 of the European Parliament and of the Council of 11 April 2024 on the protection of the environment through criminal law and replacing Directives 2008/99/EC and 2009/123/EC,PE/82/2023/REV/1,"OJ L, 2024/1203,  30.4.2024, ELI:http://data.europa.eu/eli/dir/2024/1203/oj(BG, ES, CS, DA, DE, ET, EL, EN, FR, GA, HR, IT, LV, LT, HU, MT, NL, PL, PT, RO, SK, SL, FI, SV)",In force,32024L1203,"BG, ES, CS, DA, DE, ET, EL, EN, FR, GA, HR, IT, LV, LT, HU, MT, NL, PL, PT, RO, SK, SL, FI, SV",Directive,"European Parliament, Council of the European Union",11/04/2024,https://eur-lex.europa.eu/legal-content/AUTO/?uri=CELEX:32024L1203,2,,30/04/2024
Directive (EU) 2024/1760 of the European Parliament and of the Council of 13 June 2024 on corporate sustainability due diligence and amending Directive (EU) 2019/1937 and Regulation (EU) 2023/2859 (Text with EEA relevance),PE/9/2024/REV/1,"OJ L, 2024/1760,  5.7.2024, ELI:http://data.europa.eu/eli/dir/2024/1760/oj(BG, ES, CS, DA, DE, ET, EL, EN, FR, GA, HR, IT, LV, LT, HU, MT, NL, PL, PT, RO, SK, SL, FI, SV)",In force,32024L1760,"BG, ES, CS, DA, DE, ET, EL, EN, FR, GA, HR, IT, LV, LT, HU, MT, NL, PL, PT, RO, SK, SL, FI, SV",Directive,"European Parliament, Council of the European Union",13/06/2024,https://eur-lex.europa.eu/legal-content/AUTO/?uri=CELEX:32024L1760,2,,17/04/2025
"Regulation (EU) 2024/3012 of the European Parliament and of the Council of 27 November 2024 establishing a Union certification framework for permanent carbon removals, carbon farming and carbon storage in products",PE/92/2024/REV/1,"OJ L, 2024/3012,  6.12.2024, ELI:http://data.europa.eu/eli/reg/2024/3012/oj(BG, ES, CS, DA, DE, ET, EL, EN, FR, GA, HR, IT, LV, LT, HU, MT, NL, PL, PT, RO, SK, SL, FI, SV)",In force,32024R3012,"BG, ES, CS, DA, DE, ET, EL, EN, FR, GA, HR, IT, LV, LT, HU, MT, NL, PL, PT, RO, SK, SL, FI, SV",Regulation,"European Parliament, Council of the European Union",27/11/2024,https://eur-lex.europa.eu/legal-content/AUTO/?uri=CELEX:32024R3012,3,,
"Regulation (EU) 2024/573 of the European Parliament and of the Council of 7 February 2024 on fluorinated greenhouse gases, amending Directive (EU) 2019/1937 and repealing Regulation (EU) No 517/2014 (Text with EEA relevance)",PE/60/2023/REV/1,"OJ L, 2024/573,  20.2.2024, ELI:http://data.europa.eu/eli/reg/2024/573/oj(BG, ES, CS, DA, DE, ET, EL, EN, FR, GA, HR, IT, LV, LT, HU, MT, NL, PL, PT, RO, SK, SL, FI, SV)",In force,32024R0573,"BG, ES, CS, DA, DE, ET, EL, EN, FR, GA, HR, IT, LV, LT, HU, MT, NL, PL, PT, RO, SK, SL, FI, SV",Regulation,"European Parliament, Council of the European Union",07/02/2024,https://eur-lex.europa.eu/legal-content/AUTO/?uri=CELEX:32024R0573,3,,20/02/2024
"Regulation (EU) 2024/590 of the European Parliament and of the Council of 7 February 2024 on substances that deplete the ozone layer, and repealing Regulation (EC) No 1005/2009 (Text with EEA relevance)",PE/61/2023/REV/1,"OJ L, 2024/590,  20.2.2024, ELI:http://data.europa.eu/eli/reg/2024/590/oj(BG, ES, CS, DA, DE, ET, EL, EN, FR, GA, HR, IT, LV, LT, HU, MT, NL, PL, PT, RO, SK, SL, FI, SV)",In force,32024R0590,"BG, ES, CS, DA, DE, ET, EL, EN, FR, GA, HR, IT, LV, LT, HU, MT, NL, PL, PT, RO, SK, SL, FI, SV",Regulation,"European Parliament, Council of the European Union",07/02/2024,https://eur-lex.europa.eu/legal-content/AUTO/?uri=CELEX:32024R0590,4,,
Regulation (EU) 2024/2803 of the European Parliament and of the Council of 23 October 2024 on the implementation of the Single European Sky (recast) (Text with EEA relevance),PE/97/2024/INIT,"OJ L, 2024/2803,  11.11.2024, ELI:http://data.europa.eu/eli/reg/2024/2803/oj(BG, ES, CS, DA, DE, ET, EL, EN, FR, GA, HR, IT, LV, LT, HU, MT, NL, PL, PT, RO, SK, SL, FI, SV)",In force,32024R2803,"BG, ES, CS, DA, DE, ET, EL, EN, FR, GA, HR, IT, LV, LT, HU, MT, NL, PL, PT, RO, SK, SL, FI, SV",Regulation,"European Parliament, Council of the European Union",23/10/2024,https://eur-lex.europa.eu/legal-content/AUTO/?uri=CELEX:32024R2803,5,,
Council Decision (EU) 2025/1259 of 19 June 2025 on the position to be taken on behalf of the European Union within the Commission established by the Convention for the Protection of the Marine Environment of the North-East Atlantic at its 28th meeting,ST/9662/2025/INIT,"OJ L, 2025/1259,  26.6.2025, ELI:http://data.europa.eu/eli/dec/2025/1259/oj(BG, ES, CS, DA, DE, ET, EL, EN, FR, GA, HR, IT, LV, LT, HU, MT, NL, PL, PT, RO, SK, SL, FI, SV)",In force,32025D1259,"BG, ES, CS, DA, DE, ET, EL, EN, FR, GA, HR, IT, LV, LT, HU, MT, NL, PL, PT, RO, SK, SL, FI, SV",Decision,Council of the European Union,19/06/2025; Date of adoption,https://eur-lex.europa.eu/legal-content/AUTO/?uri=CELEX:32025D1259,10,,
"Commission Delegated Regulation (EU) 2025/192 of 9 September 2024 on procedures for the accreditation of verifiers pursuant to Regulation (EU) 2023/1805 of the European Parliament and of the Council on the use of renewable and low-carbon fuels in maritime transport, and amending Directive 2009/16/EC of the European Parliament and of the Council",C/2024/6218,"OJ L, 2025/192,  29.1.2025, ELI:http://data.europa.eu/eli/reg_del/2025/192/oj(BG, ES, CS, DA, DE, ET, EL, EN, FR, GA, HR, IT, LV, LT, HU, MT, NL, PL, PT, RO, SK, SL, FI, SV)",In force,32025R0192,"BG, ES, CS, DA, DE, ET, EL, EN, FR, GA, HR, IT, LV, LT, HU, MT, NL, PL, PT, RO, SK, SL, FI, SV",Delegated regulation,"European Commission, Directorate-General for Mobility and Transport",09/09/2024; Date of adoption,https://eur-lex.europa.eu/legal-content/AUTO/?uri=CELEX:32025R0192,13,,
"Commission Implementing Regulation (EU) 2024/2031 of 26 July 2024 on the template for monitoring plans pursuant to Regulation (EU) 2023/1805 of the European Parliament and of the Council on the use of renewable and low-carbon fuels in maritime transport, and amending Directive 2009/16/EC",C/2024/5221,"OJ L, 2024/2031,  29.7.2024, ELI:http://data.europa.eu/eli/reg_impl/2024/2031/oj(BG, ES, CS, DA, DE, ET, EL, EN, FR, GA, HR, IT, LV, LT, HU, MT, NL, PL, PT, RO, SK, SL, FI, SV)",In force,32024R2031,"BG, ES, CS, DA, DE, ET, EL, EN, FR, GA, HR, IT, LV, LT, HU, MT, NL, PL, PT, RO, SK, SL, FI, SV",Implementing regulation,"European Commission, Directorate-General for Mobility and Transport",26/07/2024; Date of adoption,https://eur-lex.europa.eu/legal-content/AUTO/?uri=CELEX:32024R2031,14,,
"Commission Decision (EU) 2024/721 of 27 February 2024 establishing, pursuant to Directive 2000/60/EC of the European Parliament and of the Council, the values of the Member State monitoring system classifications as a result of the intercalibration exercise and repealing Commission Decision (EU) 2018/229 (notified under document C(2024) 1113)",C/2024/1113,"OJ L, 2024/721,  8.3.2024, ELI:http://data.europa.eu/eli/dec/2024/721/oj(BG, ES, CS, DA, DE, ET, EL, EN, FR, GA, HR, IT, LV, LT, HU, MT, NL, PL, PT, RO, SK, SL, FI, SV)",In force,32024D0721,"BG, ES, CS, DA, DE, ET, EL, EN, FR, GA, HR, IT, LV, LT, HU, MT, NL, PL, PT, RO, SK, SL, FI, SV",Decision,"European Commission, Directorate-General for Environment",27/02/2024; Date of adoption,https://eur-lex.europa.eu/legal-content/AUTO/?uri=CELEX:32024D0721,14,,
"Commission Implementing Regulation (EU) 2024/2027 of 26 July 2024 on verification activities pursuant to Regulation (EU) 2023/1805 of the European Parliament and of the Council on the use of renewable and low-carbon fuels in maritime transport, and amending Directive 2009/16/EC",C/2024/5225,"OJ L, 2024/2027,  29.7.2024, ELI:http://data.europa.eu/eli/reg_impl/2024/2027/oj(BG, ES, CS, DA, DE, ET, EL, EN, FR, GA, HR, IT, LV, LT, HU, MT, NL, PL, PT, RO, SK, SL, FI, SV)",In force,32024R2027,"BG, ES, CS, DA, DE, ET, EL, EN, FR, GA, HR, IT, LV, LT, HU, MT, NL, PL, PT, RO, SK, SL, FI, SV",Implementing regulation,"European Commission, Directorate-General for Mobility and Transport",26/07/2024; Date of adoption,https://eur-lex.europa.eu/legal-content/AUTO/?uri=CELEX:32024R2027,17,,
Commission Implementing Regulation (EU) 2025/912 of 19 May 2025 laying down rules for the application of Regulation (EU) 2024/1991 of the European Parliament and of the Council as regards a uniform format for the national restoration plan,C/2025/3045,"OJ L, 2025/912,  20.5.2025, ELI:http://data.europa.eu/eli/reg_impl/2025/912/oj(BG, ES, CS, DA, DE, ET, EL, EN, FR, GA, HR, IT, LV, LT, HU, MT, NL, PL, PT, RO, SK, SL, FI, SV)",In force,32025R0912,"BG, ES, CS, DA, DE, ET, EL, EN, FR, GA, HR, IT, LV, LT, HU, MT, NL, PL, PT, RO, SK, SL, FI, SV",Implementing regulation,"European Commission, Directorate-General for Environment",19/05/2025; Date of adoption,https://eur-lex.europa.eu/legal-content/AUTO/?uri=CELEX:32025R0912,19,,
"Commission Implementing Regulation (EU) 2024/1281 of 7 May 2024 amending Implementing Regulation (EU) 2020/1208 on structure, format, submission processes and review of information reported by Member States pursuant to Regulation (EU) 2018/1999 of the European Parliament and of the Council",C/2024/2848,"OJ L, 2024/1281,  17.5.2024, ELI:http://data.europa.eu/eli/reg_impl/2024/1281/oj(BG, ES, CS, DA, DE, ET, EL, EN, FR, GA, HR, IT, LV, LT, HU, MT, NL, PL, PT, RO, SK, SL, FI, SV)",In force,32024R1281,"BG, ES, CS, DA, DE, ET, EL, EN, FR, GA, HR, IT, LV, LT, HU, MT, NL, PL, PT, RO, SK, SL, FI, SV",Implementing regulation,"European Commission, Directorate-General for Climate Action",07/05/2024; Date of adoption,https://eur-lex.europa.eu/legal-content/AUTO/?uri=CELEX:32024R1281,22,,
"Commission Implementing Decision (EU) 2024/2489 of 11 September 2024 on the request for registration, pursuant to Regulation (EU) 2019/788 of the European Parliament and of the Council, of the European citizens’ initiative entitled ECI for a Water-Smart and Resilient Europe (notified under document C(2024) 6087)",C/2024/6087,"OJ L, 2024/2489,  19.9.2024, ELI:http://data.europa.eu/eli/dec_impl/2024/2489/oj(BG, ES, CS, DA, DE, ET, EL, EN, FR, GA, HR, IT, LV, LT, HU, MT, NL, PL, PT, RO, SK, SL, FI, SV)",In force,32024D2489,"BG, ES, CS, DA, DE, ET, EL, EN, FR, GA, HR, IT, LV, LT, HU, MT, NL, PL, PT, RO, SK, SL, FI, SV",Implementing decision,"European Commission, Secretariat-General",11/09/2024; Date of adoption,https://eur-lex.europa.eu/legal-content/AUTO/?uri=CELEX:32024D2489,24,,
Commission Implementing Regulation (EU) 2025/772 of 16 April 2025 amending and correcting Implementing Regulation (EU) 2019/1842 laying down rules for the application of Directive 2003/87/EC of the European Parliament and of the Council as regards further arrangements for the adjustments to free allocation of emission allowances due to activity level changes,C/2025/2263,"OJ L, 2025/772,  22.4.2025, ELI:http://data.europa.eu/eli/reg_impl/2025/772/oj(BG, ES, CS, DA, DE, ET, EL, EN, FR, GA, HR, IT, LV, LT, HU, MT, NL, PL, PT, RO, SK, SL, FI, SV)",In force,32025R0772,"BG, ES, CS, DA, DE, ET, EL, EN, FR, GA, HR, IT, LV, LT, HU, MT, NL, PL, PT, RO, SK, SL, FI, SV",Implementing regulation,"European Commission, Directorate-General for Climate Action",16/04/2025; Date of adoption,https://eur-lex.europa.eu/legal-content/AUTO/?uri=CELEX:32025R0772,27,,
"Commission Decision of 24 March 2025 instructing the Central Administrator of the Union Registry to enter changes to the national allocation tables of Belgium, Denmark, Germany, Ireland, Spain, France, Croatia, Italy, Luxembourg, Hungary, the Netherlands, Austria, Poland, Romania, Finland and Sweden into the Union Registry",C/2025/1875,"OJ C, C/2025/2755,  26.5.2025, ELI:http://data.europa.eu/eli/C/2025/2755/oj(BG, ES, CS, DA, DE, ET, EL, EN, FR, GA, HR, IT, LV, LT, HU, MT, NL, PL, PT, RO, SK, SL, FI, SV)",In force,32025D02755,"BG, ES, CS, DA, DE, ET, EL, EN, FR, GA, HR, IT, LV, LT, HU, MT, NL, PL, PT, RO, SK, SL, FI, SV",Decision,"European Commission, Directorate-General for Climate Action",24/03/2025; Date of adoption,https://eur-lex.europa.eu/legal-content/AUTO/?uri=CELEX:32025D02755,30,,
"Commission Decision of 7 March 2025 instructing the central administrator to enter changes to the national allocation tables of Czechia, Germany, Croatia, Italy and Slovakia into the Union Registry",C/2025/1586,"OJ C, C/2025/2619,  7.5.2025, ELI:http://data.europa.eu/eli/C/2025/2619/oj(BG, ES, CS, DA, DE, ET, EL, EN, FR, GA, HR, IT, LV, LT, HU, MT, NL, PL, PT, RO, SK, SL, FI, SV)",In force,32025D02619,"BG, ES, CS, DA, DE, ET, EL, EN, FR, GA, HR, IT, LV, LT, HU, MT, NL, PL, PT, RO, SK, SL, FI, SV",Decision,"European Commission, Directorate-General for Climate Action",07/03/2025; Date of adoption,https://eur-lex.europa.eu/legal-content/AUTO/?uri=CELEX:32025D02619,30,,
"Commission Decision of 12 December 2024 instructing the Central Administrator of the Union Registry to enter corrections to the national allocation tables of Bulgaria, Germany, Spain, France, Italy and Luxembourg into the Union Registry",C/2024/8951,"OJ C, C/2025/1377,  27.2.2025, ELI:http://data.europa.eu/eli/C/2025/1377/oj(BG, ES, CS, DA, DE, ET, EL, EN, FR, GA, HR, IT, LV, LT, HU, MT, NL, PL, PT, RO, SK, SL, FI, SV)",In force,32025D01377,"BG, ES, CS, DA, DE, ET, EL, EN, FR, GA, HR, IT, LV, LT, HU, MT, NL, PL, PT, RO, SK, SL, FI, SV",Decision,"European Commission, Directorate-General for Climate Action",12/12/2024; Date of adoption,https://eur-lex.europa.eu/legal-content/AUTO/?uri=CELEX:32025D01377,30,,
"Commission Decision of 20 December 2024 instructing the Central Administrator of the Union Registry to enter changes to the national allocation tables of Belgium, Bulgaria, Denmark, Germany, Estonia, Ireland, Spain, France, Italy, Hungary, the Netherlands, Austria, Poland, Portugal, Romania, Slovenia, Finland and Sweden into the Union Registry",C/2024/9186,"OJ C, C/2025/1257,  20.2.2025, ELI:http://data.europa.eu/eli/C/2025/1257/oj(BG, ES, CS, DA, DE, ET, EL, EN, FR, GA, HR, IT, LV, LT, HU, MT, NL, PL, PT, RO, SK, SL, FI, SV)",In force,32025D01257,"BG, ES, CS, DA, DE, ET, EL, EN, FR, GA, HR, IT, LV, LT, HU, MT, NL, PL, PT, RO, SK, SL, FI, SV",Decision,"European Commission, Directorate-General for Climate Action",20/12/2024; Date of adoption,https://eur-lex.europa.eu/legal-content/AUTO/?uri=CELEX:32025D01257,30,,
"Commission Decision of 12 September 2024 instructing the Central Administrator of the Union Registry to enter changes to the national allocation tables of Belgium, Czechia, Denmark, Germany, Estonia, Ireland, Greece, Spain, France, Croatia, Cyprus, Latvia, Lithuania, Hungary, Austria, Poland, Portugal, Romania and Slovenia into the Union Registry",C/2024/6536,"OJ C, C/2024/6955,  15.11.2024, ELI:http://data.europa.eu/eli/C/2024/6955/oj(BG, ES, CS, DA, DE, ET, EL, EN, FR, GA, HR, IT, LV, LT, HU, MT, NL, PL, PT, RO, SK, SL, FI, SV)",In force,32024D06955,"BG, ES, CS, DA, DE, ET, EL, EN, FR, GA, HR, IT, LV, LT, HU, MT, NL, PL, PT, RO, SK, SL, FI, SV",Decision,"European Commission, Directorate-General for Climate Action",12/09/2024; Date of adoption,https://eur-lex.europa.eu/legal-content/AUTO/?uri=CELEX:32024D06955,30,,
"Commission Decision of 25 July 2024 instructing the Central Administrator of the Union Registry to enter corrections to the national allocation tables of Denmark, Germany, France, Croatia, Italy, Lithuania, Austria and Portugal into the Union Registry",C/2024/5483,"OJ C, C/2024/5877,  30.9.2024, ELI:http://data.europa.eu/eli/C/2024/5877/oj(BG, ES, CS, DA, DE, ET, EL, EN, FR, GA, HR, IT, LV, LT, HU, MT, NL, PL, PT, RO, SK, SL, FI, SV)",In force,32024D05877,"BG, ES, CS, DA, DE, ET, EL, EN, FR, GA, HR, IT, LV, LT, HU, MT, NL, PL, PT, RO, SK, SL, FI, SV",Decision,"European Commission, Directorate-General for Climate Action",25/07/2024; Date of adoption,https://eur-lex.europa.eu/legal-content/AUTO/?uri=CELEX:32024D05877,30,,
Commission Decision of 5 July 2024 on instructing the central administrator of the Union Registry to enter the national aviation allocation tables for 2024 and 2025 into the Union Registry,C/2024/4781,"OJ C, C/2024/5383,  4.9.2024, ELI:http://data.europa.eu/eli/C/2024/5383/oj(BG, ES, CS, DA, DE, ET, EL, EN, FR, GA, HR, IT, LV, LT, HU, MT, NL, PL, PT, RO, SK, SL, FI, SV)",In force,32024D05383,"BG, ES, CS, DA, DE, ET, EL, EN, FR, GA, HR, IT, LV, LT, HU, MT, NL, PL, PT, RO, SK, SL, FI, SV",Decision,"European Commission, Directorate-General for Climate Action",05/07/2024; Date of adoption,https://eur-lex.europa.eu/legal-content/AUTO/?uri=CELEX:32024D05383,30,,
"Commission Decision of 12 June 2024 instructing the Central Administrator of the European Union Transaction Log to enter changes to the national allocation tables of Belgium, Bulgaria, Czechia, Denmark, Germany, Estonia, Spain, France, Croatia, Italy, Latvia, Luxembourg, Hungary, the Netherlands, Austria, Poland, Romania and Finland into the European Union Transaction Log",C/2024/3972,"OJ C, C/2024/5174,  21.8.2024, ELI:http://data.europa.eu/eli/C/2024/5174/oj(BG, ES, CS, DA, DE, ET, EL, EN, FR, GA, HR, IT, LV, LT, HU, MT, NL, PL, PT, RO, SK, SL, FI, SV)",In force,32024D05174,"BG, ES, CS, DA, DE, ET, EL, EN, FR, GA, HR, IT, LV, LT, HU, MT, NL, PL, PT, RO, SK, SL, FI, SV",Decision,"European Commission, Directorate-General for Climate Action",12/06/2024; Date of adoption,https://eur-lex.europa.eu/legal-content/AUTO/?uri=CELEX:32024D05174,30,,
"Commission Decision of 13 June 2024 instructing the central administrator to enter changes to the national allocation tables of Germany, Austria, Romania and Finland into the European Union Transaction Log",C/2024/3819,"OJ C, C/2024/5013,  13.8.2024, ELI:http://data.europa.eu/eli/C/2024/5013/oj(BG, ES, CS, DA, DE, ET, EL, EN, FR, GA, HR, IT, LV, LT, HU, MT, NL, PL, PT, RO, SK, SL, FI, SV)",In force,32024D05013,"BG, ES, CS, DA, DE, ET, EL, EN, FR, GA, HR, IT, LV, LT, HU, MT, NL, PL, PT, RO, SK, SL, FI, SV",Decision,"European Commission, Directorate-General for Climate Action",13/06/2024; Date of adoption,https://eur-lex.europa.eu/legal-content/AUTO/?uri=CELEX:32024D05013,31,,
"Commission Decision of 12 March 2024 instructing the Central Administrator of the European Union Transaction Log to enter changes to the national allocation tables of Czechia, Denmark, Germany, Ireland, Spain, France, Croatia, Italy, Hungary, Austria, Poland, Slovenia, Slovakia, Finland and Sweden into the European Union Transaction Log",C/2024/1644,"OJ C, C/2024/2809,  15.5.2024, ELI:http://data.europa.eu/eli/C/2024/2809/oj(BG, ES, CS, DA, DE, ET, EL, EN, FR, GA, HR, IT, LV, LT, HU, MT, NL, PL, PT, RO, SK, SL, FI, SV)",In force,32024D02809,"BG, ES, CS, DA, DE, ET, EL, EN, FR, GA, HR, IT, LV, LT, HU, MT, NL, PL, PT, RO, SK, SL, FI, SV",Decision,"European Commission, Directorate-General for Climate Action",12/03/2024; Date of adoption,https://eur-lex.europa.eu/legal-content/AUTO/?uri=CELEX:32024D02809,31,,
Commission Implementing Decision (EU) 2024/3098 of 12 December 2024 specifying the values relating to the performance of manufacturers and pools of manufacturers of new passenger cars and new light commercial vehicles for the calendar year 2023 pursuant to Regulation (EU) 2019/631 of the European Parliament and of the Council (notified under document C(2024) 6468),C/2024/8678,"OJ L, 2024/3098,  16.12.2024, ELI:http://data.europa.eu/eli/dec_impl/2024/3098/oj(BG, ES, CS, DA, DE, ET, EL, EN, FR, GA, HR, IT, LV, LT, HU, MT, NL, PL, PT, RO, SK, SL, FI, SV)",In force,32024D3098,"BG, ES, CS, DA, DE, ET, EL, EN, FR, GA, HR, IT, LV, LT, HU, MT, NL, PL, PT, RO, SK, SL, FI, SV",Implementing decision,"European Commission, Directorate-General for Climate Action",12/12/2024; Date of adoption,https://eur-lex.europa.eu/legal-content/AUTO/?uri=CELEX:32024D3098,35,,
Commission Implementing Decision (EU) 2024/865 of 18 March 2024 specifying the values relating to the performance of manufacturers and pools of manufacturers of new passenger cars and new light commercial vehicles for the calendar year 2022 pursuant to Regulation (EU) 2019/631 of the European Parliament and of the Council (notified under document C(2024) 1653),C/2024/1653,"OJ L, 2024/865,  20.3.2024, ELI:http://data.europa.eu/eli/dec_impl/2024/865/oj(BG, ES, CS, DA, DE, ET, EL, EN, FR, GA, HR, IT, LV, LT, HU, MT, NL, PL, PT, RO, SK, SL, FI, SV)",In force,32024D0865,"BG, ES, CS, DA, DE, ET, EL, EN, FR, GA, HR, IT, LV, LT, HU, MT, NL, PL, PT, RO, SK, SL, FI, SV",Implementing decision,"European Commission, Directorate-General for Climate Action",18/03/2024; Date of adoption,https://eur-lex.europa.eu/legal-content/AUTO/?uri=CELEX:32024D0865,35,,
"Commission Decision (EU) 2024/2951 of 29 November 2024 on the Union-wide quantity of allowances to be issued under the EU ETS for buildings, road transport and additional sectors for 2027",C/2024/8334,"OJ L, 2024/2951,  3.12.2024, ELI:http://data.europa.eu/eli/dec/2024/2951/oj(BG, ES, CS, DA, DE, ET, EL, EN, FR, GA, HR, IT, LV, LT, HU, MT, NL, PL, PT, RO, SK, SL, FI, SV)",In force,32024D2951,"BG, ES, CS, DA, DE, ET, EL, EN, FR, GA, HR, IT, LV, LT, HU, MT, NL, PL, PT, RO, SK, SL, FI, SV",Decision,"European Commission, Directorate-General for Climate Action",29/11/2024; Date of adoption,https://eur-lex.europa.eu/legal-content/AUTO/?uri=CELEX:32024D2951,40,,
Commission Implementing Regulation (EU) 2024/1879 of 9 July 2024 laying down rules for the application of Directive 2003/87/EC of the European Parliament and of the Council as regards the calculation of offsetting requirements for the purpose of CORSIA,C/2024/4687,"OJ L, 2024/1879,  10.7.2024, ELI:http://data.europa.eu/eli/reg_impl/2024/1879/oj(BG, ES, CS, DA, DE, ET, EL, EN, FR, GA, HR, IT, LV, LT, HU, MT, NL, PL, PT, RO, SK, SL, FI, SV)",In force,32024R1879,"BG, ES, CS, DA, DE, ET, EL, EN, FR, GA, HR, IT, LV, LT, HU, MT, NL, PL, PT, RO, SK, SL, FI, SV",Implementing regulation,"European Commission, Directorate-General for Climate Action",09/07/2024; Date of adoption,https://eur-lex.europa.eu/legal-content/AUTO/?uri=CELEX:32024R1879,40,,
Commission Delegated Regulation (EU) 2024/2555 of 21 March 2024 amending Regulation (EU) 2019/1021 of the European Parliament and of the Council as regards hexabromocyclododecane,C/2024/1652,"OJ L, 2024/2555,  27.9.2024, ELI:http://data.europa.eu/eli/reg_del/2024/2555/oj(BG, ES, CS, DA, DE, ET, EL, EN, FR, GA, HR, IT, LV, LT, HU, MT, NL, PL, PT, RO, SK, SL, FI, SV)",In force,32024R2555,"BG, ES, CS, DA, DE, ET, EL, EN, FR, GA, HR, IT, LV, LT, HU, MT, NL, PL, PT, RO, SK, SL, FI, SV",Delegated regulation,"European Commission, Directorate-General for Environment",21/03/2024; Date of adoption,https://eur-lex.europa.eu/legal-content/AUTO/?uri=CELEX:32024R2555,46,,
Commission Delegated Regulation (EU) 2024/2570 of 22 July 2024 amending Regulation (EU) 2019/1021 of the European Parliament and of the Council as regards methoxychlor,C/2024/5049,"OJ L, 2024/2570,  27.9.2024, ELI:http://data.europa.eu/eli/reg_del/2024/2570/oj(BG, ES, CS, DA, DE, ET, EL, EN, FR, GA, HR, IT, LV, LT, HU, MT, NL, PL, PT, RO, SK, SL, FI, SV)",In force,32024R2570,"BG, ES, CS, DA, DE, ET, EL, EN, FR, GA, HR, IT, LV, LT, HU, MT, NL, PL, PT, RO, SK, SL, FI, SV",Delegated regulation,"European Commission, Directorate-General for Environment",22/07/2024; Date of adoption,https://eur-lex.europa.eu/legal-content/AUTO/?uri=CELEX:32024R2570,46,,
Commission Implementing Decision (EU) 2024/2165 of 1 July 2024 on the publication of a list indicating certain CO2 emissions values per manufacturer as well as average specific CO2 emissions of all new heavy-duty vehicles registered in the Union pursuant to Regulation (EU) 2019/1242 of the European Parliament and of the Council for the reporting period of the year 2021 (notified under document C(2024) 4474),C/2024/4474,"OJ L, 2024/2165,  21.8.2024, ELI:http://data.europa.eu/eli/dec_impl/2024/2165/oj(BG, ES, CS, DA, DE, ET, EL, EN, FR, GA, HR, IT, LV, LT, HU, MT, NL, PL, PT, RO, SK, SL, FI, SV)",In force,32024D2165,"BG, ES, CS, DA, DE, ET, EL, EN, FR, GA, HR, IT, LV, LT, HU, MT, NL, PL, PT, RO, SK, SL, FI, SV",Implementing decision,"European Commission, Directorate-General for Climate Action",01/07/2024; Date of adoption,https://eur-lex.europa.eu/legal-content/AUTO/?uri=CELEX:32024D2165,47,,
"Commission Delegated Regulation (EU) 2025/927 of 20 May 2025 supplementing Directive 2003/87/EC of the European Parliament and of the Council as regards measures adopted by the International Civil Aviation Organization for the monitoring, reporting and verification of aviation emissions for the purpose of implementing a global market-based measure and repealing Commission Delegated Regulation (EU) 2019/1603",C/2025/3075,"OJ L, 2025/927,  31.7.2025, ELI:http://data.europa.eu/eli/reg_del/2025/927/oj(BG, ES, CS, DA, DE, ET, EL, EN, FR, GA, HR, IT, LV, LT, HU, MT, NL, PL, PT, RO, SK, SL, FI, SV)",In force,32025R0927,"BG, ES, CS, DA, DE, ET, EL, EN, FR, GA, HR, IT, LV, LT, HU, MT, NL, PL, PT, RO, SK, SL, FI, SV",Delegated regulation,"European Commission, Directorate-General for Climate Action",20/05/2025; Date of adoption,https://eur-lex.europa.eu/legal-content/AUTO/?uri=CELEX:32025R0927,53,,
Commission Delegated Regulation (EU) 2024/873 of 30 January 2024 amending Delegated Regulation (EU) 2019/331 as regards transitional Union-wide rules for harmonised free allocation of emission allowances,C/2024/441,"OJ L, 2024/873,  4.4.2024, ELI:http://data.europa.eu/eli/reg_del/2024/873/oj(BG, ES, CS, DA, DE, ET, EL, EN, FR, GA, HR, IT, LV, LT, HU, MT, NL, PL, PT, RO, SK, SL, FI, SV)",In force,32024R0873,"BG, ES, CS, DA, DE, ET, EL, EN, FR, GA, HR, IT, LV, LT, HU, MT, NL, PL, PT, RO, SK, SL, FI, SV",Delegated regulation,"European Commission, Directorate-General for Climate Action",30/01/2024; Date of adoption,https://eur-lex.europa.eu/legal-content/AUTO/?uri=CELEX:32024R0873,53,,
"Council Decision (EU) 2024/1830 of 17 June 2024 on the conclusion, on behalf of the European Union, of the Agreement under the United Nations Convention on the Law of the Sea on the conservation and sustainable use of marine biological diversity of areas beyond national jurisdiction",ST/7577/2024/INIT,"OJ L, 2024/1830,  19.7.2024, ELI:http://data.europa.eu/eli/dec/2024/1830/oj(BG, ES, CS, DA, DE, ET, EL, EN, FR, GA, HR, IT, LV, LT, HU, MT, NL, PL, PT, RO, SK, SL, FI, SV)",In force,32024D1830,"BG, ES, CS, DA, DE, ET, EL, EN, FR, GA, HR, IT, LV, LT, HU, MT, NL, PL, PT, RO, SK, SL, FI, SV",Decision,Council of the European Union,17/06/2024; Date of adoption,https://eur-lex.europa.eu/legal-content/AUTO/?uri=CELEX:32024D1830,61,,
Commission Implementing Regulation (EU) 2024/2195 of 4 September 2024 determining the format for submitting the reports of data referred to in Article 26 of Regulation (EU) 2024/573 of the European Parliament and of the Council on fluorinated greenhouse gases and repealing Commission Implementing Regulation (EU) No 1191/2014,C/2024/6116,"OJ L, 2024/2195,  5.9.2024, ELI:http://data.europa.eu/eli/reg_impl/2024/2195/oj(BG, ES, CS, DA, DE, ET, EL, EN, FR, GA, HR, IT, LV, LT, HU, MT, NL, PL, PT, RO, SK, SL, FI, SV)",In force,32024R2195,"BG, ES, CS, DA, DE, ET, EL, EN, FR, GA, HR, IT, LV, LT, HU, MT, NL, PL, PT, RO, SK, SL, FI, SV",Implementing regulation,"European Commission, Directorate-General for Climate Action",04/09/2024; Date of adoption,https://eur-lex.europa.eu/legal-content/AUTO/?uri=CELEX:32024R2195,62,,
Commission Implementing Decision (EU) 2024/1884 of 10 July 2024 amending Commission Implementing Decision (EU) 2020/2126 as regards the total quantities of cancelled EU ETS allowances that may be taken into account for certain Member States’ compliance under Regulation (EU) 2018/842 of the European Parliament and of the Council,C/2024/4726,"OJ L, 2024/1884,  11.7.2024, ELI:http://data.europa.eu/eli/dec_impl/2024/1884/oj(BG, ES, CS, DA, DE, ET, EL, EN, FR, GA, HR, IT, LV, LT, HU, MT, NL, PL, PT, RO, SK, SL, FI, SV)",In force,32024D1884,"BG, ES, CS, DA, DE, ET, EL, EN, FR, GA, HR, IT, LV, LT, HU, MT, NL, PL, PT, RO, SK, SL, FI, SV",Implementing decision,"European Commission, Directorate-General for Climate Action",10/07/2024; Date of adoption,https://eur-lex.europa.eu/legal-content/AUTO/?uri=CELEX:32024D1884,64,,
Directive (EU) 2024/1785 of the European Parliament and of the Council of 24 April 2024 amending Directive 2010/75/EU of the European Parliament and of the Council on industrial emissions (integrated pollution prevention and control) and Council Directive 1999/31/EC on the landfill of waste (Text with EEA relevance),PE/87/2023/REV/1,"OJ L, 2024/1785,  15.7.2024, ELI:http://data.europa.eu/eli/dir/2024/1785/oj(BG, ES, CS, DA, DE, ET, EL, EN, FR, GA, HR, IT, LV, LT, HU, MT, NL, PL, PT, RO, SK, SL, FI, SV)",In force,32024L1785,"BG, ES, CS, DA, DE, ET, EL, EN, FR, GA, HR, IT, LV, LT, HU, MT, NL, PL, PT, RO, SK, SL, FI, SV",Directive,"European Parliament, Council of the European Union",24/04/2024,https://eur-lex.europa.eu/legal-content/AUTO/?uri=CELEX:32024L1785,66,,
"Commission Implementing Decision (EU) 2024/2767 of 30 October 2024 determining, pursuant to Regulation (EU) 2024/573 of the European Parliament and of the Council, reference values for the period from 1 January 2025 to 31 December 2026 for each producer or importer which has lawfully placed hydrofluorocarbons on the Union market from 1 January 2021 to 31 December 2023 (notified under document C(2024) 8500)",C/2024/8500,"OJ L, 2024/2767,  15.11.2024, ELI:http://data.europa.eu/eli/dec_impl/2024/2767/oj(BG, ES, CS, DA, DE, ET, EL, EN, FR, GA, HR, IT, LV, LT, HU, MT, NL, PL, PT, RO, SK, SL, FI, SV)",In force,32024D2767,"BG, ES, CS, DA, DE, ET, EL, EN, FR, GA, HR, IT, LV, LT, HU, MT, NL, PL, PT, RO, SK, SL, FI, SV",Implementing decision,"European Commission, Directorate-General for Climate Action",30/10/2024; Date of adoption,https://eur-lex.europa.eu/legal-content/AUTO/?uri=CELEX:32024D2767,66,,01/01/2025
Commission Delegated Regulation (EU) 2025/718 of 14 April 2025 amending Regulation (EU) 2019/1021 of the European Parliament and of the Council as regards perfluorooctane sulfonic acid and its derivatives,C/2025/2189,"OJ L, 2025/718,  27.6.2025, ELI:http://data.europa.eu/eli/reg_del/2025/718/oj(BG, ES, CS, DA, DE, ET, EL, EN, FR, GA, HR, IT, LV, LT, HU, MT, NL, PL, PT, RO, SK, SL, FI, SV)",In force,32025R0718,"BG, ES, CS, DA, DE, ET, EL, EN, FR, GA, HR, IT, LV, LT, HU, MT, NL, PL, PT, RO, SK, SL, FI, SV",Delegated regulation,"European Commission, Directorate-General for Environment",14/04/2025; Date of adoption,https://eur-lex.europa.eu/legal-content/AUTO/?uri=CELEX:32025R0718,67,,
Commission Delegated Regulation (EU) 2025/371 of 16 December 2024 amending Regulation (EU) 2019/631 of the European Parliament and of the Council as regards the adjustment of the TM0 values for new passenger cars and new light commercial vehicles,C/2024/8671,"OJ L, 2025/371,  21.2.2025, ELI:http://data.europa.eu/eli/reg_del/2025/371/oj(BG, ES, CS, DA, DE, ET, EL, EN, FR, GA, HR, IT, LV, LT, HU, MT, NL, PL, PT, RO, SK, SL, FI, SV)",In force,32025R0371,"BG, ES, CS, DA, DE, ET, EL, EN, FR, GA, HR, IT, LV, LT, HU, MT, NL, PL, PT, RO, SK, SL, FI, SV",Delegated regulation,"European Commission, Directorate-General for Climate Action",16/12/2024; Date of adoption,https://eur-lex.europa.eu/legal-content/AUTO/?uri=CELEX:32025R0371,67,,
Commission Decision of 31 January 2024 instructing the central administrator to enter changes to the national allocation table of Finland into the European Union Transaction Log,C/2024/727,"OJ C, C/2024/2213,  5.4.2024, ELI:http://data.europa.eu/eli/C/2024/2213/oj(BG, ES, CS, DA, DE, ET, EL, EN, FR, GA, HR, IT, LV, LT, HU, MT, NL, PL, PT, RO, SK, SL, FI, SV)",In force,32024D02213,"BG, ES, CS, DA, DE, ET, EL, EN, FR, GA, HR, IT, LV, LT, HU, MT, NL, PL, PT, RO, SK, SL, FI, SV",Decision,"European Commission, Directorate-General for Climate Action",31/01/2024; Date of adoption,https://eur-lex.europa.eu/legal-content/AUTO/?uri=CELEX:32024D02213,68,,
"Commission Delegated Decision (EU) 2025/318 of 27 November 2024 on the unilateral inclusion of sectors by Sweden in the emissions trading system within the Union for buildings, road transport and additional sectors pursuant to Article 30j of Directive 2003/87/EC of the European Parliament and of the Council",C/2024/8160,"OJ L, 2025/318,  14.2.2025, ELI:http://data.europa.eu/eli/dec_del/2025/318/oj(BG, ES, CS, DA, DE, ET, EL, EN, FR, GA, HR, IT, LV, LT, HU, MT, NL, PL, PT, RO, SK, SL, FI, SV)",In force,32025D0318,"BG, ES, CS, DA, DE, ET, EL, EN, FR, GA, HR, IT, LV, LT, HU, MT, NL, PL, PT, RO, SK, SL, FI, SV",Delegated decision,"European Commission, Directorate-General for Climate Action",27/11/2024; Date of adoption,https://eur-lex.europa.eu/legal-content/AUTO/?uri=CELEX:32025D0318,69,,
Commission Implementing Decision (EU) 2024/3180 of 19 December 2024 on the recognition of the CertifHy voluntary scheme for demonstrating compliance with the requirements for renewable fuels of non-biological origin set out in Directive (EU) 2018/2001 of the European Parliament and of the Council,C/2024/8933,"OJ L, 2024/3180,  20.12.2024, ELI:http://data.europa.eu/eli/dec_impl/2024/3180/oj(BG, ES, CS, DA, DE, ET, EL, EN, FR, GA, HR, IT, LV, LT, HU, MT, NL, PL, PT, RO, SK, SL, FI, SV)",In force,32024D3180,"BG, ES, CS, DA, DE, ET, EL, EN, FR, GA, HR, IT, LV, LT, HU, MT, NL, PL, PT, RO, SK, SL, FI, SV",Implementing decision,"European Commission, Directorate-General for Energy",19/12/2024; Date of adoption,https://eur-lex.europa.eu/legal-content/AUTO/?uri=CELEX:32024D3180,70,,
Commission Implementing Decision (EU) 2024/3181 of 19 December 2024 on the recognition of the Programme for the Endorsement of Forest Certification -PEFC voluntary scheme for demonstrating compliance with the requirements for biomass fuels set out in Directive (EU) 2018/2001 of the European Parliament and of the Council,C/2024/8934,"OJ L, 2024/3181,  20.12.2024, ELI:http://data.europa.eu/eli/dec_impl/2024/3181/oj(BG, ES, CS, DA, DE, ET, EL, EN, FR, GA, HR, IT, LV, LT, HU, MT, NL, PL, PT, RO, SK, SL, FI, SV)",In force,32024D3181,"BG, ES, CS, DA, DE, ET, EL, EN, FR, GA, HR, IT, LV, LT, HU, MT, NL, PL, PT, RO, SK, SL, FI, SV",Implementing decision,"European Commission, Directorate-General for Energy",19/12/2024; Date of adoption,https://eur-lex.europa.eu/legal-content/AUTO/?uri=CELEX:32024D3181,70,,
"Commission Implementing Decision (EU) 2024/3191 of 19 December 2024 on the recognition of the Sustainable Biomass Program voluntary scheme for demonstrating compliance with the requirements for biomass fuels set in Directive (EU) 2018/2001 of the European Parliament and of the Council, and repealing Implementing Decision (EU) 2022/1657",C/2024/8919,"OJ L, 2024/3191,  20.12.2024, ELI:http://data.europa.eu/eli/dec_impl/2024/3191/oj(BG, ES, CS, DA, DE, ET, EL, EN, FR, GA, HR, IT, LV, LT, HU, MT, NL, PL, PT, RO, SK, SL, FI, SV)",In force,32024D3191,"BG, ES, CS, DA, DE, ET, EL, EN, FR, GA, HR, IT, LV, LT, HU, MT, NL, PL, PT, RO, SK, SL, FI, SV",Implementing decision,"European Commission, Directorate-General for Energy",19/12/2024; Date of adoption,https://eur-lex.europa.eu/legal-content/AUTO/?uri=CELEX:32024D3191,70,,
"Commission Implementing Decision (EU) 2024/3194 of 19 December 2024 on the recognition of the REDcert-EU voluntary scheme for demonstrating compliance with the requirements for biofuels, bioliquids, biomass fuels, renewable fuels of non-biological origin and recycled carbon fuels set out in Directive (EU) 2018/2001 of the European Parliament and of the Council, and repealing Commission Implementing Decision (EU) 2022/605",C/2024/8920,"OJ L, 2024/3194,  20.12.2024, ELI:http://data.europa.eu/eli/dec_impl/2024/3194/oj(BG, ES, CS, DA, DE, ET, EL, EN, FR, GA, HR, IT, LV, LT, HU, MT, NL, PL, PT, RO, SK, SL, FI, SV)",In force,32024D3194,"BG, ES, CS, DA, DE, ET, EL, EN, FR, GA, HR, IT, LV, LT, HU, MT, NL, PL, PT, RO, SK, SL, FI, SV",Implementing decision,"European Commission, Directorate-General for Energy",19/12/2024; Date of adoption,https://eur-lex.europa.eu/legal-content/AUTO/?uri=CELEX:32024D3194,70,,
Commission Implementing Decision (EU) 2024/411 of 30 January 2024 on the list of shipping companies specifying the administering authority in respect of a shipping company in accordance with Directive 2003/87/EC of the European Parliament and of the Council,C/2024/481,"OJ L, 2024/411,  31.1.2024, ELI:http://data.europa.eu/eli/dec_impl/2024/411/oj(BG, ES, CS, DA, DE, ET, EL, EN, FR, GA, HR, IT, LV, LT, HU, MT, NL, PL, PT, RO, SK, SL, FI, SV)",In force,32024D0411,"BG, ES, CS, DA, DE, ET, EL, EN, FR, GA, HR, IT, LV, LT, HU, MT, NL, PL, PT, RO, SK, SL, FI, SV",Implementing decision,"European Commission, Directorate-General for Climate Action",30/01/2024; Date of adoption,https://eur-lex.europa.eu/legal-content/AUTO/?uri=CELEX:32024D0411,71,,
"Council Decision (EU) 2024/2669 of 26 September 2024 on the submission, on behalf of the European Union, of a proposal for the amendment of Appendices II and III to the Convention on the conservation of European wildlife and natural habitats and on the position to be adopted, on behalf of the Union, at the 44th meeting of the Standing Committee to that Convention",ST/13258/2024/INIT,"OJ L, 2024/2669,  10.10.2024, ELI:http://data.europa.eu/eli/dec/2024/2669/oj(BG, ES, CS, DA, DE, ET, EL, EN, FR, GA, HR, IT, LV, LT, HU, MT, NL, PL, PT, RO, SK, SL, FI, SV)",In force,32024D2669,"BG, ES, CS, DA, DE, ET, EL, EN, FR, GA, HR, IT, LV, LT, HU, MT, NL, PL, PT, RO, SK, SL, FI, SV",Decision,Council of the European Union,26/09/2024; Date of adoption,https://eur-lex.europa.eu/legal-content/AUTO/?uri=CELEX:32024D2669,75,,
"Commission Delegated Decision (EU) 2025/737 of 15 April 2025 on the unilateral inclusion of sectors by Finland in the emissions trading system within the Union for buildings, road transport and additional sectors pursuant to Article 30j of Directive 2003/87/EC of the European Parliament and of the Council",C/2025/2232,"OJ L, 2025/737,  26.6.2025, ELI:http://data.europa.eu/eli/dec_del/2025/737/oj(BG, ES, CS, DA, DE, ET, EL, EN, FR, GA, HR, IT, LV, LT, HU, MT, NL, PL, PT, RO, SK, SL, FI, SV)",In force,32025D0737,"BG, ES, CS, DA, DE, ET, EL, EN, FR, GA, HR, IT, LV, LT, HU, MT, NL, PL, PT, RO, SK, SL, FI, SV",Delegated decision,"European Commission, Directorate-General for Climate Action",15/04/2025; Date of adoption,https://eur-lex.europa.eu/legal-content/AUTO/?uri=CELEX:32025D0737,76,,
"Commission Delegated Regulation (EU) 2025/870 of 28 February 2025 amending Regulation (EU) 2018/1139 of the European Parliament and of the Council, as regards the references to the provisions of the Chicago Convention",C/2025/10,"OJ L, 2025/870,  5.5.2025, ELI:http://data.europa.eu/eli/reg_del/2025/870/oj(BG, ES, CS, DA, DE, ET, EL, EN, FR, GA, HR, IT, LV, LT, HU, MT, NL, PL, PT, RO, SK, SL, FI, SV)",In force,32025R0870,"BG, ES, CS, DA, DE, ET, EL, EN, FR, GA, HR, IT, LV, LT, HU, MT, NL, PL, PT, RO, SK, SL, FI, SV",Delegated regulation,"European Commission, Directorate-General for Mobility and Transport",28/02/2025; Date of adoption,https://eur-lex.europa.eu/legal-content/AUTO/?uri=CELEX:32025R0870,80,,
Commission Implementing Regulation (EU) 2025/35 of 13 January 2025 implementing Regulation (EU) 2019/1242 of the European Parliament and of the Council by determining the procedures for the in-service verification of the CO2 emissions of heavy-duty vehicles,C/2025/35,"OJ L, 2025/35,  14.1.2025, ELI:http://data.europa.eu/eli/reg_impl/2025/35/oj(BG, ES, CS, DA, DE, ET, EL, EN, FR, GA, HR, IT, LV, LT, HU, MT, NL, PL, PT, RO, SK, SL, FI, SV)",In force,32025R0035,"BG, ES, CS, DA, DE, ET, EL, EN, FR, GA, HR, IT, LV, LT, HU, MT, NL, PL, PT, RO, SK, SL, FI, SV",Implementing regulation,"European Commission, Directorate-General for Climate Action",13/01/2025; Date of adoption,https://eur-lex.europa.eu/legal-content/AUTO/?uri=CELEX:32025R0035,80,,
"Commission Implementing Regulation (EU) 2024/3170 of 18 December 2024 laying down detailed provisions concerning the voluntary environmental labelling scheme for the estimation of the environmental performance of flights, established pursuant to Article 14 of Regulation (EU) 2023/2405 of the European Parliament and of the Council (Flight Emissions Label)",C/2024/8795,"OJ L, 2024/3170,  31.12.2024, ELI:http://data.europa.eu/eli/reg_impl/2024/3170/oj(BG, ES, CS, DA, DE, ET, EL, EN, FR, GA, HR, IT, LV, LT, HU, MT, NL, PL, PT, RO, SK, SL, FI, SV)",In force,32024R3170,"BG, ES, CS, DA, DE, ET, EL, EN, FR, GA, HR, IT, LV, LT, HU, MT, NL, PL, PT, RO, SK, SL, FI, SV",Implementing regulation,"European Commission, Directorate-General for Mobility and Transport",18/12/2024; Date of adoption,https://eur-lex.europa.eu/legal-content/AUTO/?uri=CELEX:32024R3170,81,,
Commission Regulation (EU) 2024/1030 of 27 March 2024 amending Regulation (EC) No 748/2009 as regards the update of the list of aircraft operators performing an aviation activity listed in Annex I to Directive 2003/87/EC of the European Parliament and of the Council,C/2024/2075,"OJ L, 2024/1030,  5.4.2024, ELI:http://data.europa.eu/eli/reg/2024/1030/oj(BG, ES, CS, DA, DE, ET, EL, EN, FR, GA, HR, IT, LV, LT, HU, MT, NL, PL, PT, RO, SK, SL, FI, SV)",In force,32024R1030,"BG, ES, CS, DA, DE, ET, EL, EN, FR, GA, HR, IT, LV, LT, HU, MT, NL, PL, PT, RO, SK, SL, FI, SV",Regulation,"European Commission, Directorate-General for Climate Action",27/03/2024; Date of adoption,https://eur-lex.europa.eu/legal-content/AUTO/?uri=CELEX:32024R1030,90,,
"Commission Implementing Regulation (EU) 2025/311 of 14 February 2025 on measures to eradicate and to prevent the establishment and spread within the Union territory of fruit flies of the species Bactrocera dorsalis (Hendel), Bactrocera latifrons (Hendel) and Bactrocera zonata (Saunders)",C/2025/913,"OJ L, 2025/311,  17.2.2025, ELI:http://data.europa.eu/eli/reg_impl/2025/311/oj(BG, ES, CS, DA, DE, ET, EL, EN, FR, GA, HR, IT, LV, LT, HU, MT, NL, PL, PT, RO, SK, SL, FI, SV)",In force,32025R0311,"BG, ES, CS, DA, DE, ET, EL, EN, FR, GA, HR, IT, LV, LT, HU, MT, NL, PL, PT, RO, SK, SL, FI, SV",Implementing regulation,"European Commission, Directorate-General for Health and Food Safety",14/02/2025; Date of adoption,https://eur-lex.europa.eu/legal-content/AUTO/?uri=CELEX:32025R0311,90,,
Commission Delegated Regulation (EU) 2025/723 of 6 February 2025 supplementing Directive 2003/87/EC of the European Parliament and of the Council by laying down detailed rules for the yearly calculation of price differences between eligible aviation fuels and fossil kerosene and for the EU ETS allocation of allowances for the use of eligible aviation fuels,C/2025/681,"OJ L, 2025/723,  16.4.2025, ELI:http://data.europa.eu/eli/reg_del/2025/723/oj(BG, ES, CS, DA, DE, ET, EL, EN, FR, GA, HR, IT, LV, LT, HU, MT, NL, PL, PT, RO, SK, SL, FI, SV)",In force,32025R0723,"BG, ES, CS, DA, DE, ET, EL, EN, FR, GA, HR, IT, LV, LT, HU, MT, NL, PL, PT, RO, SK, SL, FI, SV",Delegated regulation,"European Commission, Directorate-General for Climate Action",06/02/2025; Date of adoption,https://eur-lex.europa.eu/legal-content/AUTO/?uri=CELEX:32025R0723,91,,
Council Decision (EU) 2024/1814 of 21 June 2024 establishing the position to be taken on behalf of the European Union regarding the decision of the Participants to the Arrangement on Officially Supported Export Credits on amendments to the Sector Understanding on Export Credits for Climate Change contained in Annex I to that Arrangement,ST/10886/2024/INIT,"OJ L, 2024/1814,  5.7.2024, ELI:http://data.europa.eu/eli/dec/2024/1814/oj(BG, ES, CS, DA, DE, ET, EL, EN, FR, GA, HR, IT, LV, LT, HU, MT, NL, PL, PT, RO, SK, SL, FI, SV)",In force,32024D1814,"BG, ES, CS, DA, DE, ET, EL, EN, FR, GA, HR, IT, LV, LT, HU, MT, NL, PL, PT, RO, SK, SL, FI, SV",Decision,Council of the European Union,21/06/2024; Date of adoption,https://eur-lex.europa.eu/legal-content/AUTO/?uri=CELEX:32024D1814,92,,
Commission Delegated Regulation (EU) 2024/3214 of 16 October 2024 amending Regulation (EU) 2015/757 of the European Parliament and of the Council as regards the rules for the monitoring of greenhouse gas emissions from offshore ships and the zero-rating of sustainable fuels,C/2024/7210,"OJ L, 2024/3214,  27.12.2024, ELI:http://data.europa.eu/eli/reg_del/2024/3214/oj(BG, ES, CS, DA, DE, ET, EL, EN, FR, GA, HR, IT, LV, LT, HU, MT, NL, PL, PT, RO, SK, SL, FI, SV)",In force,32024R3214,"BG, ES, CS, DA, DE, ET, EL, EN, FR, GA, HR, IT, LV, LT, HU, MT, NL, PL, PT, RO, SK, SL, FI, SV",Delegated regulation,"European Commission, Directorate-General for Climate Action",16/10/2024; Date of adoption,https://eur-lex.europa.eu/legal-content/AUTO/?uri=CELEX:32024R3214,95,,
Commission Implementing Regulation (EU) 2024/889 of 15 March 2024 correcting the Dutch language version of Implementing Regulation (EU) 2023/2866 implementing Regulation (EU) 2019/631 of the European Parliament and of the Council by determining the procedures for performing the verification of the CO2 emission and fuel consumption values of passenger cars and light commercial vehicles in-service (in-service verification),C/2024/1619,"OJ L, 2024/889,  18.3.2024, ELI:http://data.europa.eu/eli/reg_impl/2024/889/oj(BG, ES, CS, DA, DE, ET, EL, EN, FR, GA, HR, IT, LV, LT, HU, MT, NL, PL, PT, RO, SK, SL, FI, SV)",In force,32024R0889,"BG, ES, CS, DA, DE, ET, EL, EN, FR, GA, HR, IT, LV, LT, HU, MT, NL, PL, PT, RO, SK, SL, FI, SV",Implementing regulation,"European Commission, Directorate-General for Translation",15/03/2024; Date of adoption,https://eur-lex.europa.eu/legal-content/AUTO/?uri=CELEX:32024R0889,95,,
Council Decision (EU) 2025/1315 of 17 June 2025 on the position to be taken on behalf of the European Union concerning the nomination of a Union representative to the Board of the Fund for Responding to Loss and Damage,ST/7586/2025/INIT,"OJ L, 2025/1315,  2.7.2025, ELI:http://data.europa.eu/eli/dec/2025/1315/oj(BG, ES, CS, DA, DE, ET, EL, EN, FR, GA, HR, IT, LV, LT, HU, MT, NL, PL, PT, RO, SK, SL, FI, SV)",In force,32025D1315,"BG, ES, CS, DA, DE, ET, EL, EN, FR, GA, HR, IT, LV, LT, HU, MT, NL, PL, PT, RO, SK, SL, FI, SV",Decision,Council of the European Union,17/06/2025; Date of adoption,https://eur-lex.europa.eu/legal-content/AUTO/?uri=CELEX:32025D1315,96,,
Council Decision (EU) 2025/1315 of 17 June 2025 on the position to be taken on behalf of the European Union concerning the nomination of a Union representative to the Board of the Fund for Responding to Loss and Damage,ST/7586/2025/INIT,"OJ L, 2025/1315,  2.7.2025, ELI:http://data.europa.eu/eli/dec/2025/1315/oj(BG, ES, CS, DA, DE, ET, EL, EN, FR, GA, HR, IT, LV, LT, HU, MT, NL, PL, PT, RO, SK, SL, FI, SV)",In force,32025D1315,"BG, ES, CS, DA, DE, ET, EL, EN, FR, GA, HR, IT, LV, LT, HU, MT, NL, PL, PT, RO, SK, SL, FI, SV",Decision,Council of the European Union,17/06/2025; Date of adoption,https://eur-lex.europa.eu/legal-content/AUTO/?uri=CELEX:32025D1315,97,,
"Council Decision (EU) 2025/1293 of 19 June 2025 authorising the Commission to participate, on behalf of the European Union, in the negotiations on an amendment to Article 1, point (a), of the Convention for the Protection of the Marine Environment of the North-East Atlantic",ST/9656/2025/INIT,"OJ L, 2025/1293,  30.6.2025, ELI:http://data.europa.eu/eli/dec/2025/1293/oj(BG, ES, CS, DA, DE, ET, EL, EN, FR, GA, HR, IT, LV, LT, HU, MT, NL, PL, PT, RO, SK, SL, FI, SV)",In force,32025D1293,"BG, ES, CS, DA, DE, ET, EL, EN, FR, GA, HR, IT, LV, LT, HU, MT, NL, PL, PT, RO, SK, SL, FI, SV",Decision,Council of the European Union,19/06/2025; Date of adoption,https://eur-lex.europa.eu/legal-content/AUTO/?uri=CELEX:32025D1293,100,,
Commission Implementing Decision (EU) 2025/322 of 18 February 2025 amending Implementing Decision (EU) 2016/2323 establishing the European List of ship recycling facilities pursuant to Regulation (EU) No 1257/2013 of the European Parliament and of the Council on ship recycling,C/2025/956,"OJ L, 2025/322,  19.2.2025, ELI:http://data.europa.eu/eli/dec_impl/2025/322/oj(BG, ES, CS, DA, DE, ET, EL, EN, FR, GA, HR, IT, LV, LT, HU, MT, NL, PL, PT, RO, SK, SL, FI, SV)",In force,32025D0322,"BG, ES, CS, DA, DE, ET, EL, EN, FR, GA, HR, IT, LV, LT, HU, MT, NL, PL, PT, RO, SK, SL, FI, SV",Implementing decision,"European Commission, Directorate-General for Environment",18/02/2025; Date of adoption,https://eur-lex.europa.eu/legal-content/AUTO/?uri=CELEX:32025D0322,101,,
Commission Implementing Regulation (EU) 2024/2850 of 11 November 2024 on the list of States which are considered to be applying CORSIA for the purposes of Directive 2003/87/EC of the European Parliament and of the Council for emissions in 2024,C/2024/7783,"OJ L, 2024/2850,  12.11.2024, ELI:http://data.europa.eu/eli/reg_impl/2024/2850/oj(BG, ES, CS, DA, DE, ET, EL, EN, FR, GA, HR, IT, LV, LT, HU, MT, NL, PL, PT, RO, SK, SL, FI, SV)",In force,32024R2850,"BG, ES, CS, DA, DE, ET, EL, EN, FR, GA, HR, IT, LV, LT, HU, MT, NL, PL, PT, RO, SK, SL, FI, SV",Implementing regulation,"European Commission, Directorate-General for Climate Action",11/11/2024; Date of adoption,https://eur-lex.europa.eu/legal-content/AUTO/?uri=CELEX:32024R2850,102,,
Commission Implementing Regulation (EU) 2024/622 of 22 February 2024 on the list of States which are considered to be applying CORSIA for the purposes of Directive 2003/87/EC of the European Parliament and of the Council for emissions in 2023,C/2024/1054,"OJ L, 2024/622,  23.2.2024, ELI:http://data.europa.eu/eli/reg_impl/2024/622/oj(BG, ES, CS, DA, DE, ET, EL, EN, FR, GA, HR, IT, LV, LT, HU, MT, NL, PL, PT, RO, SK, SL, FI, SV)",In force,32024R0622,"BG, ES, CS, DA, DE, ET, EL, EN, FR, GA, HR, IT, LV, LT, HU, MT, NL, PL, PT, RO, SK, SL, FI, SV",Implementing regulation,"European Commission, Directorate-General for Climate Action",22/02/2024; Date of adoption,https://eur-lex.europa.eu/legal-content/AUTO/?uri=CELEX:32024R0622,102,,
"Commission Implementing Decision (EU) 2024/367 of 23 January 2024 laying down rules for the application of Directive (EU) 2020/2184 of the European Parliament and of the Council by establishing the European positive lists of starting substances, compositions and constituents authorised for use in the manufacture of materials or products that come into contact with water intended for human consumption",C/2024/237,"OJ L, 2024/367,  23.4.2024, ELI:http://data.europa.eu/eli/dec_impl/2024/367/oj(BG, ES, CS, DA, DE, ET, EL, EN, FR, GA, HR, IT, LV, LT, HU, MT, NL, PL, PT, RO, SK, SL, FI, SV)",In force,32024D0367,"BG, ES, CS, DA, DE, ET, EL, EN, FR, GA, HR, IT, LV, LT, HU, MT, NL, PL, PT, RO, SK, SL, FI, SV",Implementing decision,"European Commission, Directorate-General for Environment",23/01/2024; Date of adoption,https://eur-lex.europa.eu/legal-content/AUTO/?uri=CELEX:32024D0367,110,,
Commission Delegated Regulation (EU) 2024/3230 of 18 October 2024 amending Regulation (EU) 2024/1157 of the European Parliament and of the Council as regards changes on shipments of electrical and electronic waste agreed under the Basel Convention,C/2024/7199,"OJ L, 2024/3230,  20.12.2024, ELI:http://data.europa.eu/eli/reg_del/2024/3230/oj(BG, ES, CS, DA, DE, ET, EL, EN, FR, GA, HR, IT, LV, LT, HU, MT, NL, PL, PT, RO, SK, SL, FI, SV)",In force,32024R3230,"BG, ES, CS, DA, DE, ET, EL, EN, FR, GA, HR, IT, LV, LT, HU, MT, NL, PL, PT, RO, SK, SL, FI, SV",Delegated regulation,"European Commission, Directorate-General for Environment",18/10/2024; Date of adoption,https://eur-lex.europa.eu/legal-content/AUTO/?uri=CELEX:32024R3230,110,,
"Commission Implementing Decision (EU) 2024/1316 of 13 May 2024 on the request for registration, pursuant to Regulation (EU) 2019/788 of the European Parliament and of the Council, of the European citizens’ initiative entitled Save the Planet by shifting taxation from labour to greenhouse gas emissions (notified under document C(2024) 2938)",C/2024/2938,"OJ L, 2024/1316,  14.5.2024, ELI:http://data.europa.eu/eli/dec_impl/2024/1316/oj(BG, ES, CS, DA, DE, ET, EL, EN, FR, GA, HR, IT, LV, LT, HU, MT, NL, PL, PT, RO, SK, SL, FI, SV)",In force,32024D1316,"BG, ES, CS, DA, DE, ET, EL, EN, FR, GA, HR, IT, LV, LT, HU, MT, NL, PL, PT, RO, SK, SL, FI, SV",Implementing decision,"European Commission, Secretariat-General",13/05/2024; Date of adoption,https://eur-lex.europa.eu/legal-content/AUTO/?uri=CELEX:32024D1316,111,,
Commission Implementing Regulation (EU) 2024/917 of 22 March 2024 amending Implementing Regulation (EU) 2022/92 as regards certain reporting requirements for passively fished waste,C/2024/1735,"OJ L, 2024/917,  25.3.2024, ELI:http://data.europa.eu/eli/reg_impl/2024/917/oj(BG, ES, CS, DA, DE, ET, EL, EN, FR, GA, HR, IT, LV, LT, HU, MT, NL, PL, PT, RO, SK, SL, FI, SV)",In force,32024R0917,"BG, ES, CS, DA, DE, ET, EL, EN, FR, GA, HR, IT, LV, LT, HU, MT, NL, PL, PT, RO, SK, SL, FI, SV",Implementing regulation,"European Commission, Directorate-General for Mobility and Transport",22/03/2024; Date of adoption,https://eur-lex.europa.eu/legal-content/AUTO/?uri=CELEX:32024R0917,112,,
Commission Implementing Regulation (EU) 2025/842 of 6 May 2025 correcting certain language versions of Implementing Regulation (EU) 2018/2066 on the monitoring and reporting of greenhouse gas emissions pursuant to Directive 2003/87/EC of the European Parliament and of the Council,C/2025/2617,"OJ L, 2025/842,  7.5.2025, ELI:http://data.europa.eu/eli/reg_impl/2025/842/oj(BG, ES, CS, DA, DE, ET, EL, EN, FR, GA, HR, IT, LV, LT, HU, MT, NL, PL, PT, RO, SK, SL, FI, SV)",In force,32025R0842,"BG, ES, CS, DA, DE, ET, EL, EN, FR, GA, HR, IT, LV, LT, HU, MT, NL, PL, PT, RO, SK, SL, FI, SV",Implementing regulation,"European Commission, Directorate-General for Translation",06/05/2025; Date of adoption,https://eur-lex.europa.eu/legal-content/AUTO/?uri=CELEX:32025R0842,115,,
Commission Implementing Regulation (EU) 2024/2493 of 23 September 2024 amending Implementing Regulation (EU) 2018/2066 as regards updating the monitoring and reporting of greenhouse gas emissions pursuant to Directive 2003/87/EC of the European Parliament and of the Council,C/2024/6542,"OJ L, 2024/2493,  27.9.2024, ELI:http://data.europa.eu/eli/reg_impl/2024/2493/oj(BG, ES, CS, DA, DE, ET, EL, EN, FR, GA, HR, IT, LV, LT, HU, MT, NL, PL, PT, RO, SK, SL, FI, SV)",In force,32024R2493,"BG, ES, CS, DA, DE, ET, EL, EN, FR, GA, HR, IT, LV, LT, HU, MT, NL, PL, PT, RO, SK, SL, FI, SV",Implementing regulation,"European Commission, Directorate-General for Climate Action",23/09/2024; Date of adoption,https://eur-lex.europa.eu/legal-content/AUTO/?uri=CELEX:32024R2493,115,,
"Commission Implementing Regulation (EU) 2024/3120 of 16 December 2024 authorising an exemption pursuant to Regulation (EU) 2024/573 of the European Parliament and of the Council, with regard to the use of fluorinated greenhouse gases with a GWP of 150 or more in mechanical cryogenic freezers (– 150 oC)",C/2024/8744,"OJ L, 2024/3120,  17.12.2024, ELI:http://data.europa.eu/eli/reg_impl/2024/3120/oj(BG, ES, CS, DA, DE, ET, EL, EN, FR, GA, HR, IT, LV, LT, HU, MT, NL, PL, PT, RO, SK, SL, FI, SV)",In force,32024R3120,"BG, ES, CS, DA, DE, ET, EL, EN, FR, GA, HR, IT, LV, LT, HU, MT, NL, PL, PT, RO, SK, SL, FI, SV",Implementing regulation,"European Commission, Directorate-General for Climate Action",16/12/2024; Date of publication,https://eur-lex.europa.eu/legal-content/AUTO/?uri=CELEX:32024R3120,117,,
"Commission Implementing Regulation (EU) 2024/2729 of 22 October 2024 authorising an exemption pursuant to Regulation (EU) 2024/573 of the European Parliament and of the Council, with regard to the use of fluorinated greenhouse gases in certain environmental simulation devices, laboratory spray-drying or freeze-drying equipment, and laboratory centrifuges",C/2024/7249,"OJ L, 2024/2729,  23.10.2024, ELI:http://data.europa.eu/eli/reg_impl/2024/2729/oj(BG, ES, CS, DA, DE, ET, EL, EN, FR, GA, HR, IT, LV, LT, HU, MT, NL, PL, PT, RO, SK, SL, FI, SV)",In force,32024R2729,"BG, ES, CS, DA, DE, ET, EL, EN, FR, GA, HR, IT, LV, LT, HU, MT, NL, PL, PT, RO, SK, SL, FI, SV",Implementing regulation,"European Commission, Directorate-General for Climate Action",22/10/2024; Date of adoption,https://eur-lex.europa.eu/legal-content/AUTO/?uri=CELEX:32024R2729,117,,
Council Decision (EU) 2025/868 of 23 April 2025 on the position to be taken on behalf of the European Union at the twelfth meeting of the Conference of the Parties to the Stockholm Convention on Persistent Organic Pollutants as regards the requests for extension of specific exemptions and the proposals for amendment of Annex A to that Convention,ST/7111/2025/REV/1,"OJ L, 2025/868,  12.5.2025, ELI:http://data.europa.eu/eli/dec/2025/868/oj(BG, ES, CS, DA, DE, ET, EL, EN, FR, GA, HR, IT, LV, LT, HU, MT, NL, PL, PT, RO, SK, SL, FI, SV)",In force,32025D0868,"BG, ES, CS, DA, DE, ET, EL, EN, FR, GA, HR, IT, LV, LT, HU, MT, NL, PL, PT, RO, SK, SL, FI, SV",Decision,Council of the European Union,23/04/2025; Date of adoption,https://eur-lex.europa.eu/legal-content/AUTO/?uri=CELEX:32025D0868,118,,
Commission Implementing Decision (EU) 2024/2053 of 30 July 2024 allocating rights to produce hydrofluorocarbons pursuant to Article 14 of Regulation (EU) 2024/573 of the European Parliament and of the Council on fluorinated greenhouse gases to producers that produced such substances in 2022 (notified under document C(2024) 5212),C/2024/5212,"OJ L, 2024/2053,  1.8.2024, ELI:http://data.europa.eu/eli/dec_impl/2024/2053/oj(BG, ES, CS, DA, DE, ET, EL, EN, FR, GA, HR, IT, LV, LT, HU, MT, NL, PL, PT, RO, SK, SL, FI, SV)",In force,32024D2053,"BG, ES, CS, DA, DE, ET, EL, EN, FR, GA, HR, IT, LV, LT, HU, MT, NL, PL, PT, RO, SK, SL, FI, SV",Implementing decision,"European Commission, Directorate-General for Climate Action",30/07/2024; Date of adoption,https://eur-lex.europa.eu/legal-content/AUTO/?uri=CELEX:32024D2053,118,,
Commission Implementing Decision (EU) 2024/861 of 15 March 2024 on the recognition of the report including information on the typical greenhouse gas emissions from the cultivation of canola oilseed (rapeseed) in Canada under Article 31(3) and (4) of Directive (EU) 2018/2001 of the European Parliament and of the Council,C/2024/1534,"OJ L, 2024/861,  19.3.2024, ELI:http://data.europa.eu/eli/dec_impl/2024/861/oj(BG, ES, CS, DA, DE, ET, EL, EN, FR, GA, HR, IT, LV, LT, HU, MT, NL, PL, PT, RO, SK, SL, FI, SV)",In force,32024D0861,"BG, ES, CS, DA, DE, ET, EL, EN, FR, GA, HR, IT, LV, LT, HU, MT, NL, PL, PT, RO, SK, SL, FI, SV",Implementing decision,"European Commission, Directorate-General for Energy",15/03/2024; Date of adoption,https://eur-lex.europa.eu/legal-content/AUTO/?uri=CELEX:32024D0861,118,,
Commission Delegated Regulation (EU) 2024/370 of 23 January 2024 supplementing Directive (EU) 2020/2184 of the European Parliament and of the Council by laying down conformity assessment procedures for products that come into contact with water intended for human consumption and the rules for the designation of conformity assessment bodies involved in those procedures,C/2024/241,"OJ L, 2024/370,  23.4.2024, ELI:http://data.europa.eu/eli/reg_del/2024/370/oj(BG, ES, CS, DA, DE, ET, EL, EN, FR, GA, HR, IT, LV, LT, HU, MT, NL, PL, PT, RO, SK, SL, FI, SV)",In force,32024R0370,"BG, ES, CS, DA, DE, ET, EL, EN, FR, GA, HR, IT, LV, LT, HU, MT, NL, PL, PT, RO, SK, SL, FI, SV",Delegated regulation,"European Commission, Directorate-General for Environment",23/01/2024; Date of adoption,https://eur-lex.europa.eu/legal-content/AUTO/?uri=CELEX:32024R0370,121,,
Commission Delegated Regulation (EU) 2024/371 of 23 January 2024 supplementing Directive (EU) 2020/2184 of the European Parliament and of the Council by establishing harmonised specifications for the marking of products that come into contact with water intended for human consumption,C/2024/242,"OJ L, 2024/371,  23.4.2024, ELI:http://data.europa.eu/eli/reg_del/2024/371/oj(BG, ES, CS, DA, DE, ET, EL, EN, FR, GA, HR, IT, LV, LT, HU, MT, NL, PL, PT, RO, SK, SL, FI, SV)",In force,32024R0371,"BG, ES, CS, DA, DE, ET, EL, EN, FR, GA, HR, IT, LV, LT, HU, MT, NL, PL, PT, RO, SK, SL, FI, SV",Delegated regulation,"European Commission, Directorate-General for Environment",23/01/2024; Date of adoption,https://eur-lex.europa.eu/legal-content/AUTO/?uri=CELEX:32024R0371,121,,
Commission Implementing Decision (EU) 2024/368 of 23 January 2024 laying down rules for the application of Directive (EU) 2020/2184 of the European Parliament and of the Council as regards the procedures and methods for testing and accepting final materials as used in products that come into contact with water intended for human consumption,C/2024/238,"OJ L, 2024/368,  23.4.2024, ELI:http://data.europa.eu/eli/dec_impl/2024/368/oj(BG, ES, CS, DA, DE, ET, EL, EN, FR, GA, HR, IT, LV, LT, HU, MT, NL, PL, PT, RO, SK, SL, FI, SV)",In force,32024D0368,"BG, ES, CS, DA, DE, ET, EL, EN, FR, GA, HR, IT, LV, LT, HU, MT, NL, PL, PT, RO, SK, SL, FI, SV",Implementing decision,"European Commission, Directorate-General for Environment",23/01/2024; Date of adoption,https://eur-lex.europa.eu/legal-content/AUTO/?uri=CELEX:32024D0368,121,,
"Commission Delegated Regulation (EU) 2024/2943 of 17 September 2024 amending Delegated Regulation (EU) 2017/117 as regards fisheries conservation measures in the Baltic Sea areas of Fehmarnbelt, Kadetrinne, Westliche Rönnebank, Adlergrund and Pommersche Bucht mit Oderbank",C/2024/6432,"OJ L, 2024/2943,  28.11.2024, ELI:http://data.europa.eu/eli/reg_del/2024/2943/oj(BG, ES, CS, DA, DE, ET, EL, EN, FR, GA, HR, IT, LV, LT, HU, MT, NL, PL, PT, RO, SK, SL, FI, SV)",In force,32024R2943,"BG, ES, CS, DA, DE, ET, EL, EN, FR, GA, HR, IT, LV, LT, HU, MT, NL, PL, PT, RO, SK, SL, FI, SV",Delegated regulation,"European Commission, Directorate-General for Maritime Affairs and Fisheries",17/09/2024; Date of adoption,https://eur-lex.europa.eu/legal-content/AUTO/?uri=CELEX:32024R2943,123,,
Commission Implementing Regulation (EU) 2025/358 of 21 February 2025 amending Implementing Regulation (EU) 2022/1630 as regards the list of demarcated areas for containment of Grapevine flavescence dorée phytoplasma,C/2025/1035,"OJ L, 2025/358,  24.2.2025, ELI:http://data.europa.eu/eli/reg_impl/2025/358/oj(BG, ES, CS, DA, DE, ET, EL, EN, FR, GA, HR, IT, LV, LT, HU, MT, NL, PL, PT, RO, SK, SL, FI, SV)",In force,32025R0358,"BG, ES, CS, DA, DE, ET, EL, EN, FR, GA, HR, IT, LV, LT, HU, MT, NL, PL, PT, RO, SK, SL, FI, SV",Implementing regulation,"European Commission, Directorate-General for Health and Food Safety",21/02/2025; Date of adoption,https://eur-lex.europa.eu/legal-content/AUTO/?uri=CELEX:32025R0358,124,,
"Commission Implementing Decision (EU) 2025/387 of 27 February 2025 recognising under Article 31(2) and (4) of Directive (EU) 2018/2001 that the report contains accurate data for the purposes of measuring the greenhouse gas emissions associated with the cultivation of wheat, rye, winter barley, spring barley, triticale, rapeseed, grain maize, sunflower, soybean, sugar beet, potato and silage maize in Austria",C/2025/1221,"OJ L, 2025/387,  4.3.2025, ELI:http://data.europa.eu/eli/dec_impl/2025/387/oj(BG, ES, CS, DA, DE, ET, EL, EN, FR, GA, HR, IT, LV, LT, HU, MT, NL, PL, PT, RO, SK, SL, FI, SV)",In force,32025D0387,"BG, ES, CS, DA, DE, ET, EL, EN, FR, GA, HR, IT, LV, LT, HU, MT, NL, PL, PT, RO, SK, SL, FI, SV",Implementing decision,"European Commission, Directorate-General for Energy",27/02/2025; Date of adoption,https://eur-lex.europa.eu/legal-content/AUTO/?uri=CELEX:32025D0387,126,,
"Commission Implementing Decision (EU) 2025/387 of 27 February 2025 recognising under Article 31(2) and (4) of Directive (EU) 2018/2001 that the report contains accurate data for the purposes of measuring the greenhouse gas emissions associated with the cultivation of wheat, rye, winter barley, spring barley, triticale, rapeseed, grain maize, sunflower, soybean, sugar beet, potato and silage maize in Austria",C/2025/1221,"OJ L, 2025/387,  4.3.2025, ELI:http://data.europa.eu/eli/dec_impl/2025/387/oj(BG, ES, CS, DA, DE, ET, EL, EN, FR, GA, HR, IT, LV, LT, HU, MT, NL, PL, PT, RO, SK, SL, FI, SV)",In force,32025D0387,"BG, ES, CS, DA, DE, ET, EL, EN, FR, GA, HR, IT, LV, LT, HU, MT, NL, PL, PT, RO, SK, SL, FI, SV",Implementing decision,"European Commission, Directorate-General for Energy",27/02/2025; Date of adoption,https://eur-lex.europa.eu/legal-content/AUTO/?uri=CELEX:32025D0387,127,,
Commission Implementing Decision (EU) 2024/428 of 2 February 2024 adopting the eighth update of the list of sites of Community importance for the Black Sea biogeographical region (notified under document C(2024) 526),C/2024/526,"OJ L, 2024/428,  9.2.2024, ELI:http://data.europa.eu/eli/dec_impl/2024/428/oj(BG, ES, CS, DA, DE, ET, EL, EN, FR, GA, HR, IT, LV, LT, HU, MT, NL, PL, PT, RO, SK, SL, FI, SV)",In force,32024D0428,"BG, ES, CS, DA, DE, ET, EL, EN, FR, GA, HR, IT, LV, LT, HU, MT, NL, PL, PT, RO, SK, SL, FI, SV",Implementing decision,"European Commission, Directorate-General for Environment",02/02/2024; Date of adoption,https://eur-lex.europa.eu/legal-content/AUTO/?uri=CELEX:32024D0428,130,,
Commission Delegated Regulation (EU) 2025/1131 of 26 March 2025 amending Regulation (EU) No 691/2011 of the European Parliament and of the Council as regards investments on climate change mitigation and introducing the classification of environmental purposes,C/2025/1777,"OJ L, 2025/1131,  4.6.2025, ELI:http://data.europa.eu/eli/reg_del/2025/1131/oj(BG, ES, CS, DA, DE, ET, EL, EN, FR, GA, HR, IT, LV, LT, HU, MT, NL, PL, PT, RO, SK, SL, FI, SV)",In force,32025R1131,"BG, ES, CS, DA, DE, ET, EL, EN, FR, GA, HR, IT, LV, LT, HU, MT, NL, PL, PT, RO, SK, SL, FI, SV",Delegated regulation,"European Commission, Eurostat",26/03/2025; Date of adoption,https://eur-lex.europa.eu/legal-content/AUTO/?uri=CELEX:32025R1131,131,,
"Commission Implementing Regulation (EU) 2025/1290 of 2 July 2025 laying down rules for the application of Regulation (EU) 2024/1157 of the European Parliament and of the Council as regards the requirements necessary for the interoperability between the central system for the electronic submission and exchange of information and documents related to shipments of waste and other systems or software, as well as other technical and organisational requirements necessary for the practical implementation of such electronic submission and exchange of information and documents",C/2025/3932,"OJ L, 2025/1290,  14.7.2025, ELI:http://data.europa.eu/eli/reg_impl/2025/1290/oj(BG, ES, CS, DA, DE, ET, EL, EN, FR, GA, HR, IT, LV, LT, HU, MT, NL, PL, PT, RO, SK, SL, FI, SV)",In force,32025R1290,"BG, ES, CS, DA, DE, ET, EL, EN, FR, GA, HR, IT, LV, LT, HU, MT, NL, PL, PT, RO, SK, SL, FI, SV",Implementing regulation,"European Commission, Directorate-General for Environment",02/07/2025; Date of adoption,https://eur-lex.europa.eu/legal-content/AUTO/?uri=CELEX:32025R1290,132,,
Commission Delegated Regulation (EU) 2024/1127 of 8 February 2024 supplementing Regulation (EU) 2019/1242 of the European Parliament and of the Council by setting out the guiding principles and criteria for defining the procedures for the verification of the CO2 emissions and fuel consumption values of heavy-duty vehicles in-service (in-service verification),C/2024/726,"OJ L, 2024/1127,  16.4.2024, ELI:http://data.europa.eu/eli/reg_del/2024/1127/oj(BG, ES, CS, DA, DE, ET, EL, EN, FR, GA, HR, IT, LV, LT, HU, MT, NL, PL, PT, RO, SK, SL, FI, SV)",In force,32024R1127,"BG, ES, CS, DA, DE, ET, EL, EN, FR, GA, HR, IT, LV, LT, HU, MT, NL, PL, PT, RO, SK, SL, FI, SV",Delegated regulation,"European Commission, Directorate-General for Climate Action",08/02/2024; Date of adoption,https://eur-lex.europa.eu/legal-content/AUTO/?uri=CELEX:32024R1127,132,,
"Commission Implementing Regulation (EU) 2025/1093 of 22 May 2025 laying down rules for the application of Regulation (EU) 2023/1115 of the European Parliament and of the Council as regards a list of countries that present a low or high risk of producing relevant commodities for which the relevant products do not comply with Article 3, point (a)",C/2025/3279,"OJ L, 2025/1093,  23.5.2025, ELI:http://data.europa.eu/eli/reg_impl/2025/1093/oj(BG, ES, CS, DA, DE, ET, EL, EN, FR, GA, HR, IT, LV, LT, HU, MT, NL, PL, PT, RO, SK, SL, FI, SV)",In force,32025R1093,"BG, ES, CS, DA, DE, ET, EL, EN, FR, GA, HR, IT, LV, LT, HU, MT, NL, PL, PT, RO, SK, SL, FI, SV",Implementing regulation,"European Commission, Directorate-General for Environment",22/05/2025; Date of adoption,https://eur-lex.europa.eu/legal-content/AUTO/?uri=CELEX:32025R1093,135,,
"Commission Implementing Decision (EU) 2025/1046 of 26 May 2025 recognising that the report submitted by Sweden under Article 31(2) of Directive (EU) 2018/2001 of the European Parliament and of the Council contains accurate data for the purposes of measuring the greenhouse gas emissions associated with the cultivation of barley, faba bean, rapeseed, rye, triticale, wheat and yellow pea in that Member State",C/2025/2880,"OJ L, 2025/1046,  28.5.2025, ELI:http://data.europa.eu/eli/dec_impl/2025/1046/oj(BG, ES, CS, DA, DE, ET, EL, EN, FR, GA, HR, IT, LV, LT, HU, MT, NL, PL, PT, RO, SK, SL, FI, SV)",In force,32025D1046,"BG, ES, CS, DA, DE, ET, EL, EN, FR, GA, HR, IT, LV, LT, HU, MT, NL, PL, PT, RO, SK, SL, FI, SV",Implementing decision,"European Commission, Directorate-General for Energy",26/05/2025; Date of adoption,https://eur-lex.europa.eu/legal-content/AUTO/?uri=CELEX:32025D1046,137,,
Commission Implementing Decision (EU) 2024/2630 of 8 October 2024 recognising under Article 31(2) and (4) of Directive (EU) 2018/2001 that the report contains accurate data for the purposes of measuring the greenhouse gas emissions associated with the cultivation of rapeseed in Denmark,C/2024/6847,"OJ L, 2024/2630,  9.10.2024, ELI:http://data.europa.eu/eli/dec_impl/2024/2630/oj(BG, ES, CS, DA, DE, ET, EL, EN, FR, GA, HR, IT, LV, LT, HU, MT, NL, PL, PT, RO, SK, SL, FI, SV)",In force,32024D2630,"BG, ES, CS, DA, DE, ET, EL, EN, FR, GA, HR, IT, LV, LT, HU, MT, NL, PL, PT, RO, SK, SL, FI, SV",Implementing decision,"European Commission, Directorate-General for Energy",08/10/2024; Date of adoption,https://eur-lex.europa.eu/legal-content/AUTO/?uri=CELEX:32024D2630,137,,
"Commission Implementing Decision (EU) 2024/3176 of 19 December 2024 amending Implementing Decision (EU) 2022/602 as regards the recognition of the International Sustainability &amp; Carbon Certification – ISCC EU voluntary scheme for forest biomass, renewable fuels of non-biological origin and recycled carbon fuels",C/2024/8978,"OJ L, 2024/3176,  20.12.2024, ELI:http://data.europa.eu/eli/dec_impl/2024/3176/oj(BG, ES, CS, DA, DE, ET, EL, EN, FR, GA, HR, IT, LV, LT, HU, MT, NL, PL, PT, RO, SK, SL, FI, SV)",In force,32024D3176,"BG, ES, CS, DA, DE, ET, EL, EN, FR, GA, HR, IT, LV, LT, HU, MT, NL, PL, PT, RO, SK, SL, FI, SV",Implementing decision,"European Commission, Directorate-General for Energy",19/12/2024; Date of adoption,https://eur-lex.europa.eu/legal-content/AUTO/?uri=CELEX:32024D3176,141,,
Commission Delegated Regulation (EU) 2024/3215 of 28 June 2024 correcting certain language versions of Delegated Regulation (EU) 2021/2139 supplementing Regulation (EU) 2020/852 of the European Parliament and of the Council by establishing the technical screening criteria for determining the conditions under which an economic activity qualifies as contributing substantially to climate change mitigation or climate change adaptation and for determining whether that economic activity causes no significant harm to any of the other environmental objectives,C/2024/4352,"OJ L, 2024/3215,  19.12.2024, ELI:http://data.europa.eu/eli/reg_del/2024/3215/oj(BG, ES, CS, DA, DE, ET, EL, EN, FR, GA, HR, IT, LV, LT, HU, MT, NL, PL, PT, RO, SK, SL, FI, SV)",In force,32024R3215,"BG, ES, CS, DA, DE, ET, EL, EN, FR, GA, HR, IT, LV, LT, HU, MT, NL, PL, PT, RO, SK, SL, FI, SV",Delegated regulation,"European Commission, Directorate-General for Translation",28/06/2024; Date of adoption,https://eur-lex.europa.eu/legal-content/AUTO/?uri=CELEX:32024R3215,142,,
Commission Implementing Decision (EU) 2024/2624 of 8 October 2024 recognising under Article 31(2) and (4) of Directive (EU) 2018/2001 that the report contains accurate data for the purposes of measuring the greenhouse gas emissions associated with the cultivation of rapeseed in Czechia,C/2024/6806,"OJ L, 2024/2624,  9.10.2024, ELI:http://data.europa.eu/eli/dec_impl/2024/2624/oj(BG, ES, CS, DA, DE, ET, EL, EN, FR, GA, HR, IT, LV, LT, HU, MT, NL, PL, PT, RO, SK, SL, FI, SV)",In force,32024D2624,"BG, ES, CS, DA, DE, ET, EL, EN, FR, GA, HR, IT, LV, LT, HU, MT, NL, PL, PT, RO, SK, SL, FI, SV",Implementing decision,"European Commission, Directorate-General for Energy",08/10/2024; Date of adoption,https://eur-lex.europa.eu/legal-content/AUTO/?uri=CELEX:32024D2624,152,,
Council Decision (EU) 2025/869 of 14 April 2025 on the position to be taken on behalf of the European Union at the seventeenth Conference of the Parties to the Basel Convention on the Control of Transboundary Movements of Hazardous Wastes and their Disposal with regard to certain amendments to the Convention and the Annexes thereto,ST/7112/2025/INIT,"OJ L, 2025/869,  12.5.2025, ELI:http://data.europa.eu/eli/dec/2025/869/oj(BG, ES, CS, DA, DE, ET, EL, EN, FR, GA, HR, IT, LV, LT, HU, MT, NL, PL, PT, RO, SK, SL, FI, SV)",In force,32025D0869,"BG, ES, CS, DA, DE, ET, EL, EN, FR, GA, HR, IT, LV, LT, HU, MT, NL, PL, PT, RO, SK, SL, FI, SV",Decision,Council of the European Union,14/04/2025; Date of adoption,https://eur-lex.europa.eu/legal-content/AUTO/?uri=CELEX:32025D0869,160,,
Commission Implementing Regulation (EU) 2024/2507 of 26 September 2024 amending and correcting Implementing Regulation (EU) 2020/1201 as regards measures to prevent the introduction into and spread within the Union of Xylella fastidiosa (Wells et al.) and amending Implementing Regulation (EU) 2020/1770 as regards the list of plant species not exempted from the traceability code requirement for plant passports,C/2024/6650,"OJ L, 2024/2507,  27.9.2024, ELI:http://data.europa.eu/eli/reg_impl/2024/2507/oj(BG, ES, CS, DA, DE, ET, EL, EN, FR, GA, HR, IT, LV, LT, HU, MT, NL, PL, PT, RO, SK, SL, FI, SV)",In force,32024R2507,"BG, ES, CS, DA, DE, ET, EL, EN, FR, GA, HR, IT, LV, LT, HU, MT, NL, PL, PT, RO, SK, SL, FI, SV",Implementing regulation,"European Commission, Directorate-General for Health and Food Safety",26/09/2024; Date of adoption,https://eur-lex.europa.eu/legal-content/AUTO/?uri=CELEX:32024R2507,163,,
"Commission Implementing Decision (EU) 2025/658 of 3 April 2025 recognising that the report submitted by France under Article 31(2) of Directive (EU) 2018/2001 of the European Parliament and of the Council contains accurate data for the purposes of measuring the greenhouse gas emissions associated with the cultivation of sugar beet, common wheat, grain maize, rapeseed and sunflower in that Member State",C/2025/1968,"OJ L, 2025/658,  4.4.2025, ELI:http://data.europa.eu/eli/dec_impl/2025/658/oj(BG, ES, CS, DA, DE, ET, EL, EN, FR, GA, HR, IT, LV, LT, HU, MT, NL, PL, PT, RO, SK, SL, FI, SV)",In force,32025D0658,"BG, ES, CS, DA, DE, ET, EL, EN, FR, GA, HR, IT, LV, LT, HU, MT, NL, PL, PT, RO, SK, SL, FI, SV",Implementing decision,"European Commission, Directorate-General for Energy",03/04/2025; Date of adoption,https://eur-lex.europa.eu/legal-content/AUTO/?uri=CELEX:32025D0658,165,,
"Commission Implementing Decision (EU) 2025/473 of 12 March 2025 recognising that the report submitted by Czechia under Article 31(2) of Directive (EU) 2018/2001 of the European Parliament and of the Council contains accurate data for the purposes of measuring the greenhouse gas emissions associated with the cultivation of winter wheat grain, sugar beet, maize grain, maize silage, spring barley grain and winter barley grain in that Member State",C/2025/1494,"OJ L, 2025/473,  14.3.2025, ELI:http://data.europa.eu/eli/dec_impl/2025/473/oj(BG, ES, CS, DA, DE, ET, EL, EN, FR, GA, HR, IT, LV, LT, HU, MT, NL, PL, PT, RO, SK, SL, FI, SV)",In force,32025D0473,"BG, ES, CS, DA, DE, ET, EL, EN, FR, GA, HR, IT, LV, LT, HU, MT, NL, PL, PT, RO, SK, SL, FI, SV",Implementing decision,"European Commission, Directorate-General for Energy",12/03/2025; Date of adoption,https://eur-lex.europa.eu/legal-content/AUTO/?uri=CELEX:32025D0473,165,,
Commission Implementing Decision (EU) 2025/478 of 12 March 2025 recognising that the report submitted by Slovakia under Article 31(2) of Directive (EU) 2018/2001 of the European Parliament and of the Council contains accurate data for the purposes of measuring greenhouse gas emissions associated with the cultivation of rapeseed and maize grain in that Member State,C/2025/1475,"OJ L, 2025/478,  13.3.2025, ELI:http://data.europa.eu/eli/dec_impl/2025/478/oj(BG, ES, CS, DA, DE, ET, EL, EN, FR, GA, HR, IT, LV, LT, HU, MT, NL, PL, PT, RO, SK, SL, FI, SV)",In force,32025D0478,"BG, ES, CS, DA, DE, ET, EL, EN, FR, GA, HR, IT, LV, LT, HU, MT, NL, PL, PT, RO, SK, SL, FI, SV",Implementing decision,"European Commission, Directorate-General for Energy",12/03/2025; Date of adoption,https://eur-lex.europa.eu/legal-content/AUTO/?uri=CELEX:32025D0478,165,,
Council Decision (EU) 2024/364 of 16 January 2024 on the position to be taken on behalf of the European Union in the Western Central Atlantic Fishery Commission and repealing Decision (EU) 2019/1563,ST/13475/2023/INIT,"OJ L, 2024/364,  19.1.2024, ELI:http://data.europa.eu/eli/dec/2024/364/oj(BG, ES, CS, DA, DE, ET, EL, EN, FR, GA, HR, IT, LV, LT, HU, MT, NL, PL, PT, RO, SK, SL, FI, SV)",In force,32024D0364,"BG, ES, CS, DA, DE, ET, EL, EN, FR, GA, HR, IT, LV, LT, HU, MT, NL, PL, PT, RO, SK, SL, FI, SV",Decision,Council of the European Union,16/01/2024; Date of publication,https://eur-lex.europa.eu/legal-content/AUTO/?uri=CELEX:32024D0364,168,,
Commission Delegated Regulation (EU) 2024/3229 of 18 October 2024 amending Regulation (EC) No 1013/2006 of the European Parliament and of the Council as regards changes on shipments of electrical and electronic waste agreed under the Basel Convention,C/2024/7198,"OJ L, 2024/3229,  20.12.2024, ELI:http://data.europa.eu/eli/reg_del/2024/3229/oj(BG, ES, CS, DA, DE, ET, EL, EN, FR, GA, HR, IT, LV, LT, HU, MT, NL, PL, PT, RO, SK, SL, FI, SV)",In force,32024R3229,"BG, ES, CS, DA, DE, ET, EL, EN, FR, GA, HR, IT, LV, LT, HU, MT, NL, PL, PT, RO, SK, SL, FI, SV",Delegated regulation,"European Commission, Directorate-General for Environment",18/10/2024; Date of adoption,https://eur-lex.europa.eu/legal-content/AUTO/?uri=CELEX:32024R3229,170,,
Commission Implementing Decision (EU) 2024/766 of 1 March 2024 amending Implementing Decision (EU) 2019/1119 as regards the calculation of the CO2 savings and of the statistical margin for certain not off-vehicle charging hybrid electric passenger cars,C/2024/1263,"OJ L, 2024/766,  5.3.2024, ELI:http://data.europa.eu/eli/dec_impl/2024/766/oj(BG, ES, CS, DA, DE, ET, EL, EN, FR, GA, HR, IT, LV, LT, HU, MT, NL, PL, PT, RO, SK, SL, FI, SV)",In force,32024D0766,"BG, ES, CS, DA, DE, ET, EL, EN, FR, GA, HR, IT, LV, LT, HU, MT, NL, PL, PT, RO, SK, SL, FI, SV",Implementing decision,"European Commission, Directorate-General for Climate Action",01/03/2024; Date of adoption,https://eur-lex.europa.eu/legal-content/AUTO/?uri=CELEX:32024D0766,172,,
Commission Implementing Decision (EU) 2025/108 of 22 January 2025 amending Implementing Decision (EU) 2024/2666 as regards the data recognised as accurate for the purposes of measuring greenhouse gas emissions associated with the cultivation of agricultural raw material in Germany on organic soils,C/2025/14,"OJ L, 2025/108,  23.1.2025, ELI:http://data.europa.eu/eli/dec_impl/2025/108/oj(BG, ES, CS, DA, DE, ET, EL, EN, FR, GA, HR, IT, LV, LT, HU, MT, NL, PL, PT, RO, SK, SL, FI, SV)",In force,32025D0108,"BG, ES, CS, DA, DE, ET, EL, EN, FR, GA, HR, IT, LV, LT, HU, MT, NL, PL, PT, RO, SK, SL, FI, SV",Implementing decision,"European Commission, Directorate-General for Energy",22/01/2025; Date of adoption,https://eur-lex.europa.eu/legal-content/AUTO/?uri=CELEX:32025D0108,179,,
"Commission Implementing Decision (EU) 2024/2666 of 14 October 2024 recognising under Article 31(2) and (4) of Directive (EU) 2018/2001 that the report contains accurate data for the purposes of measuring the greenhouse gas emissions associated with the cultivation of wheat, rye, maize, barley, triticale, sugar beet, rapeseed, field grass and grassland cuttings in Germany",C/2024/6893,"OJ L, 2024/2666,  15.10.2024, ELI:http://data.europa.eu/eli/dec_impl/2024/2666/oj(BG, ES, CS, DA, DE, ET, EL, EN, FR, GA, HR, IT, LV, LT, HU, MT, NL, PL, PT, RO, SK, SL, FI, SV)",In force,32024D2666,"BG, ES, CS, DA, DE, ET, EL, EN, FR, GA, HR, IT, LV, LT, HU, MT, NL, PL, PT, RO, SK, SL, FI, SV",Implementing decision,"European Commission, Directorate-General for Energy",14/10/2024; Date of adoption,https://eur-lex.europa.eu/legal-content/AUTO/?uri=CELEX:32024D2666,179,,04/11/2024
Commission Delegated Regulation (EU) 2025/843 of 5 May 2025 amending Annex I to Regulation (EU) 2019/1021 of the European Parliament and of the Council as regards UV-328,C/2025/2567,"OJ L, 2025/843,  15.7.2025, ELI:http://data.europa.eu/eli/reg_del/2025/843/oj(BG, ES, CS, DA, DE, ET, EL, EN, FR, GA, HR, IT, LV, LT, HU, MT, NL, PL, PT, RO, SK, SL, FI, SV)",In force,32025R0843,"BG, ES, CS, DA, DE, ET, EL, EN, FR, GA, HR, IT, LV, LT, HU, MT, NL, PL, PT, RO, SK, SL, FI, SV",Delegated regulation,"European Commission, Directorate-General for Environment",05/05/2025; Date of adoption,https://eur-lex.europa.eu/legal-content/AUTO/?uri=CELEX:32025R0843,189,,
"Commission Delegated Regulation (EU) 2025/1399 of 5 May 2025 amending Annex I to Regulation (EU) 2019/1021 of the European Parliament and of the Council as regards perfluorooctanoic acid (PFOA), its salts and PFOA-related compounds",C/2025/2566,"OJ L, 2025/1399,  14.7.2025, ELI:http://data.europa.eu/eli/reg_del/2025/1399/oj(BG, ES, CS, DA, DE, ET, EL, EN, FR, GA, HR, IT, LV, LT, HU, MT, NL, PL, PT, RO, SK, SL, FI, SV)",In force,32025R1399,"BG, ES, CS, DA, DE, ET, EL, EN, FR, GA, HR, IT, LV, LT, HU, MT, NL, PL, PT, RO, SK, SL, FI, SV",Delegated regulation,"European Commission, Directorate-General for Environment",05/05/2025; Date of adoption,https://eur-lex.europa.eu/legal-content/AUTO/?uri=CELEX:32025R1399,189,,
Council Implementing Decision (EU) 2024/2680 of 8 October 2024 amending Implementing Decision (EU) 2021/1778 authorising Germany to continue to apply a special measure derogating from Article 193 of Directive 2006/112/EC on the common system of value added tax,ST/13160/2024/INIT,"OJ L, 2024/2680,  11.10.2024, ELI:http://data.europa.eu/eli/dec_impl/2024/2680/oj(BG, ES, CS, DA, DE, ET, EL, EN, FR, GA, HR, IT, LV, LT, HU, MT, NL, PL, PT, RO, SK, SL, FI, SV)",In force,32024D2680,"BG, ES, CS, DA, DE, ET, EL, EN, FR, GA, HR, IT, LV, LT, HU, MT, NL, PL, PT, RO, SK, SL, FI, SV",Implementing decision,Council of the European Union,08/10/2024; Date of adoption,https://eur-lex.europa.eu/legal-content/AUTO/?uri=CELEX:32024D2680,195,,
"Commission Implementing Decision (EU) 2025/18 of 9 January 2025 recognising under Article 31(2) and (4) of Directive (EU) 2018/2001 that the report contains accurate data for the purposes of measuring the greenhouse gas emissions associated with the cultivation of wheat, maize, sunflower, soybean and rapeseed in Hungary",C/2025/13,"OJ L, 2025/18,  10.1.2025, ELI:http://data.europa.eu/eli/dec_impl/2025/18/oj(BG, ES, CS, DA, DE, ET, EL, EN, FR, GA, HR, IT, LV, LT, HU, MT, NL, PL, PT, RO, SK, SL, FI, SV)",In force,32025D0018,"BG, ES, CS, DA, DE, ET, EL, EN, FR, GA, HR, IT, LV, LT, HU, MT, NL, PL, PT, RO, SK, SL, FI, SV",Implementing decision,"European Commission, Directorate-General for Energy",09/01/2025; Date of adoption,https://eur-lex.europa.eu/legal-content/AUTO/?uri=CELEX:32025D0018,196,,
Commission Implementing Regulation (EU) 2024/2013 of 23 July 2024 on measures to prevent the establishment and spread within the Union territory and to eradicate Pomacea (Perry) and repealing Implementing Decision 2012/697/EU,C/2024/5055,"OJ L, 2024/2013,  26.7.2024, ELI:http://data.europa.eu/eli/reg_impl/2024/2013/oj(BG, ES, CS, DA, DE, ET, EL, EN, FR, GA, HR, IT, LV, LT, HU, MT, NL, PL, PT, RO, SK, SL, FI, SV)",In force,32024R2013,"BG, ES, CS, DA, DE, ET, EL, EN, FR, GA, HR, IT, LV, LT, HU, MT, NL, PL, PT, RO, SK, SL, FI, SV",Implementing regulation,"European Commission, Directorate-General for Health and Food Safety",23/07/2024; Date of adoption,https://eur-lex.europa.eu/legal-content/AUTO/?uri=CELEX:32024R2013,201,,
Commission Implementing Regulation (EU) 2024/2649 of 10 October 2024 correcting the Swedish language version of Implementing Regulation (EU) 2023/1773 laying down the rules for the application of Regulation (EU) 2023/956 of the European Parliament and of the Council as regards reporting obligations for the purposes of the carbon border adjustment mechanism during the transitional period,C/2024/7012,"OJ L, 2024/2649,  11.10.2024, ELI:http://data.europa.eu/eli/reg_impl/2024/2649/oj(BG, ES, CS, DA, DE, ET, EL, EN, FR, GA, HR, IT, LV, LT, HU, MT, NL, PL, PT, RO, SK, SL, FI, SV)",In force,32024R2649,"BG, ES, CS, DA, DE, ET, EL, EN, FR, GA, HR, IT, LV, LT, HU, MT, NL, PL, PT, RO, SK, SL, FI, SV",Implementing regulation,"European Commission, Directorate-General for Translation",10/10/2024; Date of adoption,https://eur-lex.europa.eu/legal-content/AUTO/?uri=CELEX:32024R2649,201,,
Commission Implementing Regulation (EU) 2025/217 of 6 February 2025 correcting the Croatian language version of Implementing Regulation (EU) 2019/2072 establishing uniform conditions for the implementation of Regulation (EU) 2016/2031 of the European Parliament and the Council as regards protective measures against pests of plants,C/2025/709,"OJ L, 2025/217,  7.2.2025, ELI:http://data.europa.eu/eli/reg_impl/2025/217/oj(BG, ES, CS, DA, DE, ET, EL, EN, FR, GA, HR, IT, LV, LT, HU, MT, NL, PL, PT, RO, SK, SL, FI, SV)",In force,32025R0217,"BG, ES, CS, DA, DE, ET, EL, EN, FR, GA, HR, IT, LV, LT, HU, MT, NL, PL, PT, RO, SK, SL, FI, SV",Implementing regulation,"European Commission, Directorate-General for Translation",06/02/2025; Date of adoption,https://eur-lex.europa.eu/legal-content/AUTO/?uri=CELEX:32025R0217,202,,
Commission Implementing Decision (EU) 2024/1113 of 18 April 2024 amending Implementing Decision (EU) 2023/2895 as regards the list of islands and ports referred to in Article 12(3-d) of Directive 2003/87/EC of the European Parliament and of the Council,C/2024/2457,"OJ L, 2024/1113,  22.4.2024, ELI:http://data.europa.eu/eli/dec_impl/2024/1113/oj(BG, ES, CS, DA, DE, ET, EL, EN, FR, GA, HR, IT, LV, LT, HU, MT, NL, PL, PT, RO, SK, SL, FI, SV)",In force,32024D1113,"BG, ES, CS, DA, DE, ET, EL, EN, FR, GA, HR, IT, LV, LT, HU, MT, NL, PL, PT, RO, SK, SL, FI, SV",Implementing decision,"European Commission, Directorate-General for Climate Action",18/04/2024; Date of adoption,https://eur-lex.europa.eu/legal-content/AUTO/?uri=CELEX:32024D1113,204,,
Commission Implementing Decision (EU) 2024/1113 of 18 April 2024 amending Implementing Decision (EU) 2023/2895 as regards the list of islands and ports referred to in Article 12(3-d) of Directive 2003/87/EC of the European Parliament and of the Council,C/2024/2457,"OJ L, 2024/1113,  22.4.2024, ELI:http://data.europa.eu/eli/dec_impl/2024/1113/oj(BG, ES, CS, DA, DE, ET, EL, EN, FR, GA, HR, IT, LV, LT, HU, MT, NL, PL, PT, RO, SK, SL, FI, SV)",In force,32024D1113,"BG, ES, CS, DA, DE, ET, EL, EN, FR, GA, HR, IT, LV, LT, HU, MT, NL, PL, PT, RO, SK, SL, FI, SV",Implementing decision,"European Commission, Directorate-General for Climate Action",18/04/2024; Date of adoption,https://eur-lex.europa.eu/legal-content/AUTO/?uri=CELEX:32024D1113,205,,
Commission Delegated Regulation (EU) 2024/1294 of 1 March 2024 correcting certain language versions of Delegated Regulation (EU) 2023/2867 supplementing Regulation (EU) 2019/631 of the European Parliament and of the Council by setting out the guiding principles and criteria for defining the procedures for the verification of the CO2 emissions and fuel consumption values of passenger cars and light commercial vehicles in-service (in-service verification),C/2024/1265,"OJ L, 2024/1294,  6.5.2024, ELI:http://data.europa.eu/eli/reg_del/2024/1294/oj(BG, ES, CS, DA, DE, ET, EL, EN, FR, GA, HR, IT, LV, LT, HU, MT, NL, PL, PT, RO, SK, SL, FI, SV)",In force,32024R1294,"BG, ES, CS, DA, DE, ET, EL, EN, FR, GA, HR, IT, LV, LT, HU, MT, NL, PL, PT, RO, SK, SL, FI, SV",Delegated regulation,"European Commission, Directorate-General for Translation",01/03/2024; Date of adoption,https://eur-lex.europa.eu/legal-content/AUTO/?uri=CELEX:32024R1294,209,,
Commission Implementing Regulation (EU) 2025/6 of 6 January 2025 prohibiting the introduction into the Union of specimens of certain species of wild fauna and flora in accordance with Council Regulation (EC) No 338/97 on the protection of species of wild fauna and flora by regulating trade therein and repealing Commission Implementing Regulation (EU) 2023/2770,C/2025/15,"OJ L, 2025/6,  7.1.2025, ELI:http://data.europa.eu/eli/reg_impl/2025/6/oj(BG, ES, CS, DA, DE, ET, EL, EN, FR, GA, HR, IT, LV, LT, HU, MT, NL, PL, PT, RO, SK, SL, FI, SV)",In force,32025R0006,"BG, ES, CS, DA, DE, ET, EL, EN, FR, GA, HR, IT, LV, LT, HU, MT, NL, PL, PT, RO, SK, SL, FI, SV",Implementing regulation,"European Commission, Directorate-General for Environment",06/01/2025; Date of adoption,https://eur-lex.europa.eu/legal-content/AUTO/?uri=CELEX:32025R0006,213,,
"Commission Implementing Regulation (EU) 2024/574 of 15 February 2024 specifying the technical formats for reporting by the Member States pursuant to Regulation (EU) No 1143/2014 of the European Parliament and of the Council, and repealing Commission Implementing Regulation (EU) 2017/1454",C/2024/863,"OJ L, 2024/574,  16.2.2024, ELI:http://data.europa.eu/eli/reg_impl/2024/574/oj(BG, ES, CS, DA, DE, ET, EL, EN, FR, GA, HR, IT, LV, LT, HU, MT, NL, PL, PT, RO, SK, SL, FI, SV)",In force,32024R0574,"BG, ES, CS, DA, DE, ET, EL, EN, FR, GA, HR, IT, LV, LT, HU, MT, NL, PL, PT, RO, SK, SL, FI, SV",Implementing regulation,"European Commission, Directorate-General for Environment",15/02/2024; Date of adoption,https://eur-lex.europa.eu/legal-content/AUTO/?uri=CELEX:32024R0574,214,,
Commission Delegated Directive (EU) 2024/1416 of 13 March 2024 amending Directive 2011/65/EU of the European Parliament and of the Council as regards an exemption for cadmium in downshifting quantum dots directly deposited on LED semiconductor chips,C/2024/1573,"OJ L, 2024/1416,  21.5.2024, ELI:http://data.europa.eu/eli/dir_del/2024/1416/oj(BG, ES, CS, DA, DE, ET, EL, EN, FR, GA, HR, IT, LV, LT, HU, MT, NL, PL, PT, RO, SK, SL, FI, SV)",In force,32024L1416,"BG, ES, CS, DA, DE, ET, EL, EN, FR, GA, HR, IT, LV, LT, HU, MT, NL, PL, PT, RO, SK, SL, FI, SV",Delegated directive,"European Commission, Directorate-General for Environment",13/03/2024; Date of adoption,https://eur-lex.europa.eu/legal-content/AUTO/?uri=CELEX:32024L1416,219,,
Commission Implementing Regulation (EU) 2025/831 of 5 May 2025 granting a Union authorisation for the biocidal product family AWPF Calcium Hypochlorite BPF in accordance with Regulation (EU) No 528/2012 of the European Parliament and of the Council,C/2025/2577,"OJ L, 2025/831,  6.5.2025, ELI:http://data.europa.eu/eli/reg_impl/2025/831/oj(BG, ES, CS, DA, DE, ET, EL, EN, FR, GA, HR, IT, LV, LT, HU, MT, NL, PL, PT, RO, SK, SL, FI, SV)",In force,32025R0831,"BG, ES, CS, DA, DE, ET, EL, EN, FR, GA, HR, IT, LV, LT, HU, MT, NL, PL, PT, RO, SK, SL, FI, SV",Implementing regulation,"European Commission, Directorate-General for Health and Food Safety",05/05/2025; Date of adoption,https://eur-lex.europa.eu/legal-content/AUTO/?uri=CELEX:32025R0831,222,,
Commission Delegated Regulation (EU) 2024/2571 of 19 July 2024 supplementing Regulation (EU) 2024/1157 of the European Parliament and of the Council by establishing the information to be provided in the certificate confirming the completion of a subsequent interim or non-interim recovery operation or a subsequent interim or non-interim disposal operation,C/2024/5017,"OJ L, 2024/2571,  27.9.2024, ELI:http://data.europa.eu/eli/reg_del/2024/2571/oj(BG, ES, CS, DA, DE, ET, EL, EN, FR, GA, HR, IT, LV, LT, HU, MT, NL, PL, PT, RO, SK, SL, FI, SV)",In force,32024R2571,"BG, ES, CS, DA, DE, ET, EL, EN, FR, GA, HR, IT, LV, LT, HU, MT, NL, PL, PT, RO, SK, SL, FI, SV",Delegated regulation,"European Commission, Directorate-General for Environment",19/07/2024; Date of adoption,https://eur-lex.europa.eu/legal-content/AUTO/?uri=CELEX:32024R2571,229,,
Commission Regulation (EU) 2025/130 of 28 January 2025 amending Regulation (EC) No 865/2006 as regards developments in the framework of the Convention on International Trade in Endangered Species of Wild Fauna and Flora and the possibility to issue retrospective permits,C/2025/448,"OJ L, 2025/130,  29.1.2025, ELI:http://data.europa.eu/eli/reg/2025/130/oj(BG, ES, CS, DA, DE, ET, EL, EN, FR, GA, HR, IT, LV, LT, HU, MT, NL, PL, PT, RO, SK, SL, FI, SV)",In force,32025R0130,"BG, ES, CS, DA, DE, ET, EL, EN, FR, GA, HR, IT, LV, LT, HU, MT, NL, PL, PT, RO, SK, SL, FI, SV",Regulation,"European Commission, Directorate-General for Environment",28/01/2025; Date of adoption,https://eur-lex.europa.eu/legal-content/AUTO/?uri=CELEX:32025R0130,237,,
"Commission Implementing Decision (EU) 2024/1823 of 19 June 2024 on the request for registration, pursuant to Regulation (EU) 2019/788 of the European Parliament and of the Council, of the European citizens’ initiative entitled Air-Quotas (notified under document C(2024) 3817)",C/2024/3817,"OJ L, 2024/1823,  28.6.2024, ELI:http://data.europa.eu/eli/dec_impl/2024/1823/oj(BG, ES, CS, DA, DE, ET, EL, EN, FR, GA, HR, IT, LV, LT, HU, MT, NL, PL, PT, RO, SK, SL, FI, SV)",In force,32024D1823,"BG, ES, CS, DA, DE, ET, EL, EN, FR, GA, HR, IT, LV, LT, HU, MT, NL, PL, PT, RO, SK, SL, FI, SV",Implementing decision,"European Commission, Secretariat-General",19/06/2024; Date of adoption,https://eur-lex.europa.eu/legal-content/AUTO/?uri=CELEX:32024D1823,241,,
Council Decision (EU) 2024/1873 of 24 June 2024 on the position to be taken on behalf of the European Union within the Joint Committee established by the Agreement between the European Union and the Swiss Confederation on the linking of their greenhouse gas emissions trading systems as regards the amendment of Annex II to the Agreement and of the Common Operational Procedures and the Linking Technical StandardsText with EEA relevance.,ST/10038/2024/INIT,"OJ L, 2024/1873,  5.7.2024, ELI:http://data.europa.eu/eli/dec/2024/1873/oj(BG, ES, CS, DA, DE, ET, EL, EN, FR, GA, HR, IT, LV, LT, HU, MT, NL, PL, PT, RO, SK, SL, FI, SV)",In force,32024D1873,"BG, ES, CS, DA, DE, ET, EL, EN, FR, GA, HR, IT, LV, LT, HU, MT, NL, PL, PT, RO, SK, SL, FI, SV",Decision,Council of the European Union,24/06/2024; Date of adoption,https://eur-lex.europa.eu/legal-content/AUTO/?uri=CELEX:32024D1873,241,,
Commission Implementing Regulation (EU) 2024/3210 of 18 December 2024 laying down rules for the application of Regulation (EU) 2023/956 of the European Parliament and of the Council as regards the CBAM registry,C/2024/9104,"OJ L, 2024/3210,  30.12.2024, ELI:http://data.europa.eu/eli/reg_impl/2024/3210/oj(BG, ES, CS, DA, DE, ET, EL, EN, FR, GA, HR, IT, LV, LT, HU, MT, NL, PL, PT, RO, SK, SL, FI, SV)",In force,32024R3210,"BG, ES, CS, DA, DE, ET, EL, EN, FR, GA, HR, IT, LV, LT, HU, MT, NL, PL, PT, RO, SK, SL, FI, SV",Implementing regulation,"European Commission, Directorate-General for Taxation and Customs Union",18/12/2024; Date of adoption,https://eur-lex.europa.eu/legal-content/AUTO/?uri=CELEX:32024R3210,242,,
"Commission Implementing Regulation (EU) 2024/1054 of 10 April 2024 concerning the authorisation of a preparation of Weizmannia faecalis DSM 32016 as a feed additive for use in feed and in water for drinking for all poultry species reared for laying or breeding and for use in water for drinking for all poultry species for fattening, ornamental birds, suckling and weaned Suidae piglets (holder of the authorisation: Biochem Zusatzstoffe Handels- und Produktionsges. mbH), and amending Implementing Regulation (EU) 2020/1755 as regards the terms of the authorisation of that preparation",C/2024/2286,"OJ L, 2024/1054,  11.4.2024, ELI:http://data.europa.eu/eli/reg_impl/2024/1054/oj(BG, ES, CS, DA, DE, ET, EL, EN, FR, GA, HR, IT, LV, LT, HU, MT, NL, PL, PT, RO, SK, SL, FI, SV)",In force,32024R1054,"BG, ES, CS, DA, DE, ET, EL, EN, FR, GA, HR, IT, LV, LT, HU, MT, NL, PL, PT, RO, SK, SL, FI, SV",Implementing regulation,"European Commission, Directorate-General for Health and Food Safety",10/04/2024; Date of adoption,https://eur-lex.europa.eu/legal-content/AUTO/?uri=CELEX:32024R1054,242,,
Commission Implementing Regulation (EU) 2025/834 of 5 May 2025 granting a Union authorisation for the single biocidal product Chlorine in accordance with Regulation (EU) No 528/2012 of the European Parliament and of the Council,C/2025/2582,"OJ L, 2025/834,  6.5.2025, ELI:http://data.europa.eu/eli/reg_impl/2025/834/oj(BG, ES, CS, DA, DE, ET, EL, EN, FR, GA, HR, IT, LV, LT, HU, MT, NL, PL, PT, RO, SK, SL, FI, SV)",In force,32025R0834,"BG, ES, CS, DA, DE, ET, EL, EN, FR, GA, HR, IT, LV, LT, HU, MT, NL, PL, PT, RO, SK, SL, FI, SV",Implementing regulation,"European Commission, Directorate-General for Health and Food Safety",05/05/2025; Date of adoption,https://eur-lex.europa.eu/legal-content/AUTO/?uri=CELEX:32025R0834,248,,
Council Decision (CFSP) 2025/334 of 14 February 2025 amending Decision (CFSP) 2024/583 on a European Union maritime security operation to safeguard freedom of navigation in relation to the Red Sea crisis (EUNAVFOR ASPIDES),ST/5526/2025/INIT,"OJ L, 2025/334,  17.2.2025, ELI:http://data.europa.eu/eli/dec/2025/334/oj(BG, ES, CS, DA, DE, ET, EL, EN, FR, GA, HR, IT, LV, LT, HU, MT, NL, PL, PT, RO, SK, SL, FI, SV)",In force,32025D0334,"BG, ES, CS, DA, DE, ET, EL, EN, FR, GA, HR, IT, LV, LT, HU, MT, NL, PL, PT, RO, SK, SL, FI, SV",Decision,Council of the European Union,14/02/2025; Date of adoption,https://eur-lex.europa.eu/legal-content/AUTO/?uri=CELEX:32025D0334,249,,
Commission Implementing Regulation (EU) 2025/132 of 28 January 2025 amending Implementing Regulation (EU) No 792/2012 as regards the inclusion of a reference to musical instruments certificates and explanations for the use of forms,C/2025/453,"OJ L, 2025/132,  29.1.2025, ELI:http://data.europa.eu/eli/reg_impl/2025/132/oj(BG, ES, CS, DA, DE, ET, EL, EN, FR, GA, HR, IT, LV, LT, HU, MT, NL, PL, PT, RO, SK, SL, FI, SV)",In force,32025R0132,"BG, ES, CS, DA, DE, ET, EL, EN, FR, GA, HR, IT, LV, LT, HU, MT, NL, PL, PT, RO, SK, SL, FI, SV",Implementing regulation,"European Commission, Directorate-General for Environment",28/01/2025; Date of adoption,https://eur-lex.europa.eu/legal-content/AUTO/?uri=CELEX:32025R0132,253,,
Commission Delegated Regulation (EU) 2025/671 of 2 April 2025 amending Regulation (EU) 2023/1804 of the European Parliament and of the Council as regards additional data types on alternative fuels infrastructure,C/2025/1912,"OJ L, 2025/671,  18.6.2025, ELI:http://data.europa.eu/eli/reg_del/2025/671/oj(BG, ES, CS, DA, DE, ET, EL, EN, FR, GA, HR, IT, LV, LT, HU, MT, NL, PL, PT, RO, SK, SL, FI, SV)",In force,32025R0671,"BG, ES, CS, DA, DE, ET, EL, EN, FR, GA, HR, IT, LV, LT, HU, MT, NL, PL, PT, RO, SK, SL, FI, SV",Delegated regulation,"European Commission, Directorate-General for Mobility and Transport",02/04/2025; Date of adoption,https://eur-lex.europa.eu/legal-content/AUTO/?uri=CELEX:32025R0671,253,,
Commission Delegated Regulation (EU) 2025/645 of 1 April 2025 supplementing Regulation (EU) 2023/1804 of the European Parliament and of the Council as regards common technical requirements for a common application programme interface,C/2025/1913,"OJ L, 2025/645,  18.6.2025, ELI:http://data.europa.eu/eli/reg_del/2025/645/oj(BG, ES, CS, DA, DE, ET, EL, EN, FR, GA, HR, IT, LV, LT, HU, MT, NL, PL, PT, RO, SK, SL, FI, SV)",In force,32025R0645,"BG, ES, CS, DA, DE, ET, EL, EN, FR, GA, HR, IT, LV, LT, HU, MT, NL, PL, PT, RO, SK, SL, FI, SV",Delegated regulation,"European Commission, Directorate-General for Mobility and Transport",01/04/2025; Date of adoption,https://eur-lex.europa.eu/legal-content/AUTO/?uri=CELEX:32025R0645,253,,
Commission Implementing Decision (EU) 2024/733 of 28 February 2024 postponing the expiry date of the approval of cholecalciferol for use in biocidal products of product-type 14 in accordance with Regulation (EU) No 528/2012 of the European Parliament and of the Council,C/2024/1179,"OJ L, 2024/733,  1.3.2024, ELI:http://data.europa.eu/eli/dec_impl/2024/733/oj(BG, ES, CS, DA, DE, ET, EL, EN, FR, GA, HR, IT, LV, LT, HU, MT, NL, PL, PT, RO, SK, SL, FI, SV)",In force,32024D0733,"BG, ES, CS, DA, DE, ET, EL, EN, FR, GA, HR, IT, LV, LT, HU, MT, NL, PL, PT, RO, SK, SL, FI, SV",Implementing decision,"European Commission, Directorate-General for Health and Food Safety",28/02/2024; Date of adoption,https://eur-lex.europa.eu/legal-content/AUTO/?uri=CELEX:32024D0733,254,,
"Commission Implementing Decision (EU) 2024/734 of 27 February 2024 postponing the expiry date of the approval of brodifacoum, bromadiolone, chlorophacinone, coumatetralyl, difenacoum, difethialone and flocoumafen for use in biocidal products of product-type 14 in accordance with Regulation (EU) No 528/2012 of the European Parliament and of the Council",C/2024/1174,"OJ L, 2024/734,  29.2.2024, ELI:http://data.europa.eu/eli/dec_impl/2024/734/oj(BG, ES, CS, DA, DE, ET, EL, EN, FR, GA, HR, IT, LV, LT, HU, MT, NL, PL, PT, RO, SK, SL, FI, SV)",In force,32024D0734,"BG, ES, CS, DA, DE, ET, EL, EN, FR, GA, HR, IT, LV, LT, HU, MT, NL, PL, PT, RO, SK, SL, FI, SV",Implementing decision,"European Commission, Directorate-General for Health and Food Safety",27/02/2024; Date of adoption,https://eur-lex.europa.eu/legal-content/AUTO/?uri=CELEX:32024D0734,254,,
Commission Implementing Decision (EU) 2024/2924 of 27 November 2024 amending Commission Implementing Decision (EU) 2023/2895 as regards the list of islands and ports referred to in Article 12(3-d) of Directive 2003/87/EC of the European Parliament and of the Council,C/2024/8169,"OJ L, 2024/2924,  28.11.2024, ELI:http://data.europa.eu/eli/dec_impl/2024/2924/oj(BG, ES, CS, DA, DE, ET, EL, EN, FR, GA, HR, IT, LV, LT, HU, MT, NL, PL, PT, RO, SK, SL, FI, SV)",In force,32024D2924,"BG, ES, CS, DA, DE, ET, EL, EN, FR, GA, HR, IT, LV, LT, HU, MT, NL, PL, PT, RO, SK, SL, FI, SV",Implementing decision,"European Commission, Directorate-General for Climate Action",27/11/2024; Date of adoption,https://eur-lex.europa.eu/legal-content/AUTO/?uri=CELEX:32024D2924,254,,
Commission Implementing Decision (EU) 2024/2924 of 27 November 2024 amending Commission Implementing Decision (EU) 2023/2895 as regards the list of islands and ports referred to in Article 12(3-d) of Directive 2003/87/EC of the European Parliament and of the Council,C/2024/8169,"OJ L, 2024/2924,  28.11.2024, ELI:http://data.europa.eu/eli/dec_impl/2024/2924/oj(BG, ES, CS, DA, DE, ET, EL, EN, FR, GA, HR, IT, LV, LT, HU, MT, NL, PL, PT, RO, SK, SL, FI, SV)",In force,32024D2924,"BG, ES, CS, DA, DE, ET, EL, EN, FR, GA, HR, IT, LV, LT, HU, MT, NL, PL, PT, RO, SK, SL, FI, SV",Implementing decision,"European Commission, Directorate-General for Climate Action",27/11/2024; Date of adoption,https://eur-lex.europa.eu/legal-content/AUTO/?uri=CELEX:32024D2924,255,,
"Commission Implementing Decision (EU) 2024/2200 of 4 September 2024 amending Implementing Decision (EU) 2017/996 setting up ECCSEL ERIC (notified under document C(2024) 5833) (Only the Dutch, English, French and Italian texts are authentic)",C/2024/5833,"OJ L, 2024/2200,  6.9.2024, ELI:http://data.europa.eu/eli/dec_impl/2024/2200/oj(BG, ES, CS, DA, DE, ET, EL, EN, FR, GA, HR, IT, LV, LT, HU, MT, NL, PL, PT, RO, SK, SL, FI, SV)",In force,32024D2200,"BG, ES, CS, DA, DE, ET, EL, EN, FR, GA, HR, IT, LV, LT, HU, MT, NL, PL, PT, RO, SK, SL, FI, SV",Implementing decision,"European Commission, Directorate-General for Research and Innovation",04/09/2024; Date of adoption,https://eur-lex.europa.eu/legal-content/AUTO/?uri=CELEX:32024D2200,260,,
"Commission Implementing Decision (EU) 2024/2200 of 4 September 2024 amending Implementing Decision (EU) 2017/996 setting up ECCSEL ERIC (notified under document C(2024) 5833) (Only the Dutch, English, French and Italian texts are authentic)",C/2024/5833,"OJ L, 2024/2200,  6.9.2024, ELI:http://data.europa.eu/eli/dec_impl/2024/2200/oj(BG, ES, CS, DA, DE, ET, EL, EN, FR, GA, HR, IT, LV, LT, HU, MT, NL, PL, PT, RO, SK, SL, FI, SV)",In force,32024D2200,"BG, ES, CS, DA, DE, ET, EL, EN, FR, GA, HR, IT, LV, LT, HU, MT, NL, PL, PT, RO, SK, SL, FI, SV",Implementing decision,"European Commission, Directorate-General for Research and Innovation",04/09/2024; Date of adoption,https://eur-lex.europa.eu/legal-content/AUTO/?uri=CELEX:32024D2200,261,,
"Commission Implementing Decision (EU) 2024/2626 of 8 October 2024 recognising under Article 31(2) and (4) of Directive (EU) 2018/2001 that the report contains accurate data for the purposes of measuring the greenhouse gas emissions associated with the cultivation of wheat, maize and rapeseed in Lithuania",C/2024/6805,"OJ L, 2024/2626,  9.10.2024, ELI:http://data.europa.eu/eli/dec_impl/2024/2626/oj(BG, ES, CS, DA, DE, ET, EL, EN, FR, GA, HR, IT, LV, LT, HU, MT, NL, PL, PT, RO, SK, SL, FI, SV)",In force,32024D2626,"BG, ES, CS, DA, DE, ET, EL, EN, FR, GA, HR, IT, LV, LT, HU, MT, NL, PL, PT, RO, SK, SL, FI, SV",Implementing decision,"European Commission, Directorate-General for Energy",08/10/2024; Date of adoption,https://eur-lex.europa.eu/legal-content/AUTO/?uri=CELEX:32024D2626,262,,
"Commission Implementing Decision (EU) 2024/2626 of 8 October 2024 recognising under Article 31(2) and (4) of Directive (EU) 2018/2001 that the report contains accurate data for the purposes of measuring the greenhouse gas emissions associated with the cultivation of wheat, maize and rapeseed in Lithuania",C/2024/6805,"OJ L, 2024/2626,  9.10.2024, ELI:http://data.europa.eu/eli/dec_impl/2024/2626/oj(BG, ES, CS, DA, DE, ET, EL, EN, FR, GA, HR, IT, LV, LT, HU, MT, NL, PL, PT, RO, SK, SL, FI, SV)",In force,32024D2626,"BG, ES, CS, DA, DE, ET, EL, EN, FR, GA, HR, IT, LV, LT, HU, MT, NL, PL, PT, RO, SK, SL, FI, SV",Implementing decision,"European Commission, Directorate-General for Energy",08/10/2024; Date of adoption,https://eur-lex.europa.eu/legal-content/AUTO/?uri=CELEX:32024D2626,263,,
Commission Decision of 23 June 2025 designating the Central Administrator of the Union Registry,C/2025/3931,"OJ C, C/2025/3441,  25.6.2025, ELI:http://data.europa.eu/eli/C/2025/3441/oj(BG, ES, CS, DA, DE, ET, EL, EN, FR, GA, HR, IT, LV, LT, HU, MT, NL, PL, PT, RO, SK, SL, FI, SV)",In force,32025D03441,"BG, ES, CS, DA, DE, ET, EL, EN, FR, GA, HR, IT, LV, LT, HU, MT, NL, PL, PT, RO, SK, SL, FI, SV",Decision,"European Commission, Directorate-General for Climate Action",23/06/2025; Date of adoption,https://eur-lex.europa.eu/legal-content/AUTO/?uri=CELEX:32025D03441,264,,
"Commission Implementing Regulation (EU) 2024/247 of 16 January 2024 approving trihydrogen pentapotassium di(peroxomonosulfate) di(sulfate) as an existing active substance for use in biocidal products of product-types 2, 3, 4 and 5 in accordance with Regulation (EU) No 528/2012 of the European Parliament and of the Council",C/2024/71,"OJ L, 2024/247,  17.1.2024, ELI:http://data.europa.eu/eli/reg_impl/2024/247/oj(BG, ES, CS, DA, DE, ET, EL, EN, FR, GA, HR, IT, LV, LT, HU, MT, NL, PL, PT, RO, SK, SL, FI, SV)",In force,32024R0247,"BG, ES, CS, DA, DE, ET, EL, EN, FR, GA, HR, IT, LV, LT, HU, MT, NL, PL, PT, RO, SK, SL, FI, SV",Implementing regulation,"European Commission, Directorate-General for Health and Food Safety",16/01/2024; Date of adoption,https://eur-lex.europa.eu/legal-content/AUTO/?uri=CELEX:32024R0247,269,,
"Council Decision (EU) 2025/1146 of 27 May 2025 on the position to be adopted on behalf of the European Union within the Port State Control Committee of the Paris Memorandum of Understanding on port State control, during the period 2025-2029",ST/8474/2025/ADD/1,"OJ L, 2025/1146,  5.6.2025, ELI:http://data.europa.eu/eli/dec/2025/1146/oj(BG, ES, CS, DA, DE, ET, EL, EN, FR, GA, HR, IT, LV, LT, HU, MT, NL, PL, PT, RO, SK, SL, FI, SV)",In force,32025D1146,"BG, ES, CS, DA, DE, ET, EL, EN, FR, GA, HR, IT, LV, LT, HU, MT, NL, PL, PT, RO, SK, SL, FI, SV",Decision,Council of the European Union,27/05/2025; Date of adoption,https://eur-lex.europa.eu/legal-content/AUTO/?uri=CELEX:32025D1146,273,,
"Council Decision (EU) 2025/1146 of 27 May 2025 on the position to be adopted on behalf of the European Union within the Port State Control Committee of the Paris Memorandum of Understanding on port State control, during the period 2025-2029",ST/8474/2025/ADD/1,"OJ L, 2025/1146,  5.6.2025, ELI:http://data.europa.eu/eli/dec/2025/1146/oj(BG, ES, CS, DA, DE, ET, EL, EN, FR, GA, HR, IT, LV, LT, HU, MT, NL, PL, PT, RO, SK, SL, FI, SV)",In force,32025D1146,"BG, ES, CS, DA, DE, ET, EL, EN, FR, GA, HR, IT, LV, LT, HU, MT, NL, PL, PT, RO, SK, SL, FI, SV",Decision,Council of the European Union,27/05/2025; Date of adoption,https://eur-lex.europa.eu/legal-content/AUTO/?uri=CELEX:32025D1146,274,,
Commission Implementing Decision (EU) 2024/1286 of 8 May 2024 on the unresolved objections regarding the terms and conditions of the authorisation of the biocidal product BOMBEX® PEBBYS® CS raised in accordance with Article 36 of Regulation (EU) No 528/2012 of the European Parliament and of the Council,C/2024/2953,"OJ L, 2024/1286,  15.5.2024, ELI:http://data.europa.eu/eli/dec_impl/2024/1286/oj(BG, ES, CS, DA, DE, ET, EL, EN, FR, GA, HR, IT, LV, LT, HU, MT, NL, PL, PT, RO, SK, SL, FI, SV)",In force,32024D1286,"BG, ES, CS, DA, DE, ET, EL, EN, FR, GA, HR, IT, LV, LT, HU, MT, NL, PL, PT, RO, SK, SL, FI, SV",Implementing decision,"European Commission, Directorate-General for Health and Food Safety",08/05/2024; Date of adoption,https://eur-lex.europa.eu/legal-content/AUTO/?uri=CELEX:32024D1286,277,,
Commission Delegated Regulation (EU) 2024/2992 of 26 July 2024 amending Delegated Regulation (EU) 2023/2462 supplementing Regulation (EU) 2019/1022 of the European Parliament and of the Council by specifying details of the landing obligation for certain demersal stocks in the western Mediterranean Sea,C/2024/5181,"OJ L, 2024/2992,  2.12.2024, ELI:http://data.europa.eu/eli/reg_del/2024/2992/oj(BG, ES, CS, DA, DE, ET, EL, EN, FR, GA, HR, IT, LV, LT, HU, MT, NL, PL, PT, RO, SK, SL, FI, SV)",In force,32024R2992,"BG, ES, CS, DA, DE, ET, EL, EN, FR, GA, HR, IT, LV, LT, HU, MT, NL, PL, PT, RO, SK, SL, FI, SV",Delegated regulation,"European Commission, Directorate-General for Maritime Affairs and Fisheries",26/07/2024; Date of adoption,https://eur-lex.europa.eu/legal-content/AUTO/?uri=CELEX:32024R2992,288,,
Commission Implementing Regulation (EU) 2024/434 of 5 February 2024 on measures to prevent the establishment and spread of Agrilus planipennis Fairmaire within the Union territory,C/2024/583,"OJ L, 2024/434,  6.2.2024, ELI:http://data.europa.eu/eli/reg_impl/2024/434/oj(BG, ES, CS, DA, DE, ET, EL, EN, FR, GA, HR, IT, LV, LT, HU, MT, NL, PL, PT, RO, SK, SL, FI, SV)",In force,32024R0434,"BG, ES, CS, DA, DE, ET, EL, EN, FR, GA, HR, IT, LV, LT, HU, MT, NL, PL, PT, RO, SK, SL, FI, SV",Implementing regulation,"European Commission, Directorate-General for Health and Food Safety",05/02/2024; Date of adoption,https://eur-lex.europa.eu/legal-content/AUTO/?uri=CELEX:32024R0434,296,,
Council Decision (CFSP) 2024/3186 of 16 December 2024 amending Joint Action 2008/851/CFSP on a European Union military operation to contribute to maritime security in the West Indian Ocean and in the Red Sea (EUNAVFOR ATALANTA),ST/16115/2024/INIT,"OJ L, 2024/3186,  17.12.2024, ELI:http://data.europa.eu/eli/dec/2024/3186/oj(BG, ES, CS, DA, DE, ET, EL, EN, FR, GA, HR, IT, LV, LT, HU, MT, NL, PL, PT, RO, SK, SL, FI, SV)",In force,32024D3186,"BG, ES, CS, DA, DE, ET, EL, EN, FR, GA, HR, IT, LV, LT, HU, MT, NL, PL, PT, RO, SK, SL, FI, SV",Decision,Council of the European Union,16/12/2024; Date of adoption,https://eur-lex.europa.eu/legal-content/AUTO/?uri=CELEX:32024D3186,297,,
Commission Delegated Regulation (EU) 2024/3199 of 15 October 2024 amending Regulation (EU) No 649/2012 of the European Parliament and of the Council as regards the listing of pesticides and industrial chemicals,C/2024/7071,"OJ L, 2024/3199,  31.12.2024, ELI:http://data.europa.eu/eli/reg_del/2024/3199/oj(BG, ES, CS, DA, DE, ET, EL, EN, FR, GA, HR, IT, LV, LT, HU, MT, NL, PL, PT, RO, SK, SL, FI, SV)",In force,32024R3199,"BG, ES, CS, DA, DE, ET, EL, EN, FR, GA, HR, IT, LV, LT, HU, MT, NL, PL, PT, RO, SK, SL, FI, SV",Delegated regulation,"European Commission, Directorate-General for Environment",15/10/2024; Date of adoption,https://eur-lex.europa.eu/legal-content/AUTO/?uri=CELEX:32024R3199,300,,
Commission Implementing Regulation (EU) 2025/196 of 3 February 2025 amending Implementing Regulation (EU) 2022/996 as regards the accreditation of certification bodies and correcting Annex VII to that Regulation,C/2025/23,"OJ L, 2025/196,  4.2.2025, ELI:http://data.europa.eu/eli/reg_impl/2025/196/oj(BG, ES, CS, DA, DE, ET, EL, EN, FR, GA, HR, IT, LV, LT, HU, MT, NL, PL, PT, RO, SK, SL, FI, SV)",In force,32025R0196,"BG, ES, CS, DA, DE, ET, EL, EN, FR, GA, HR, IT, LV, LT, HU, MT, NL, PL, PT, RO, SK, SL, FI, SV",Implementing regulation,"European Commission, Directorate-General for Energy",03/02/2025; Date of adoption,https://eur-lex.europa.eu/legal-content/AUTO/?uri=CELEX:32025R0196,301,,
"Commission Implementing Regulation (EU) 2025/33 of 13 January 2025 authorising an exemption pursuant to Regulation (EU) 2024/573 of the European Parliament and of the Council, with regard to the use of fluorinated greenhouse gases with a GWP of 150 or more in blast cabinets, artisanal gelato ice cream makers, ice makers, trolleys for preserving and regenerating food, retarder prover cabinets, frozen drinks dispensers and cold cream dispensers",C/2025/50,"OJ L, 2025/33,  14.1.2025, ELI:http://data.europa.eu/eli/reg_impl/2025/33/oj(BG, ES, CS, DA, DE, ET, EL, EN, FR, GA, HR, IT, LV, LT, HU, MT, NL, PL, PT, RO, SK, SL, FI, SV)",In force,32025R0033,"BG, ES, CS, DA, DE, ET, EL, EN, FR, GA, HR, IT, LV, LT, HU, MT, NL, PL, PT, RO, SK, SL, FI, SV",Implementing regulation,"European Commission, Directorate-General for Climate Action",13/01/2025; Date of adoption,https://eur-lex.europa.eu/legal-content/AUTO/?uri=CELEX:32025R0033,301,,
"Commission Delegated Regulation (EU) 2025/1477 of 21 May 2025 supplementing Regulation (EU) 2024/1735 of the European Parliament and of the Council by specifying the rules on the identification of authorised oil and gas producers who are required to contribute to the objective of reaching the Union target for available CO2 injection capacity by 2030, on the calculation of their respective contributions, and on their reporting obligations",C/2025/3218,"OJ L, 2025/1477,  25.7.2025, ELI:http://data.europa.eu/eli/reg_del/2025/1477/oj(BG, ES, CS, DA, DE, ET, EL, EN, FR, GA, HR, IT, LV, LT, HU, MT, NL, PL, PT, RO, SK, SL, FI, SV)",In force,32025R1477,"BG, ES, CS, DA, DE, ET, EL, EN, FR, GA, HR, IT, LV, LT, HU, MT, NL, PL, PT, RO, SK, SL, FI, SV",Delegated regulation,"European Commission, Directorate-General for Climate Action",21/05/2025; Date of adoption,https://eur-lex.europa.eu/legal-content/AUTO/?uri=CELEX:32025R1477,306,,
Commission Implementing Decision (EU) 2024/888 of 22 March 2024 on the non-approval of certain active substances for use in biocidal products in accordance with Regulation (EU) No 528/2012 of the European Parliament and of the Council,C/2024/1783,"OJ L, 2024/888,  26.3.2024, ELI:http://data.europa.eu/eli/dec_impl/2024/888/oj(BG, ES, CS, DA, DE, ET, EL, EN, FR, GA, HR, IT, LV, LT, HU, MT, NL, PL, PT, RO, SK, SL, FI, SV)",In force,32024D0888,"BG, ES, CS, DA, DE, ET, EL, EN, FR, GA, HR, IT, LV, LT, HU, MT, NL, PL, PT, RO, SK, SL, FI, SV",Implementing decision,"European Commission, Directorate-General for Health and Food Safety",22/03/2024; Date of adoption,https://eur-lex.europa.eu/legal-content/AUTO/?uri=CELEX:32024D0888,307,,
Council Decision (CFSP) 2024/632 of 19 February 2024 launching the European Union maritime security operation to safeguard freedom of navigation in relation to the Red Sea crisis (EUNAVFOR ASPIDES),ST/5965/2024/INIT,"OJ L, 2024/632,  20.2.2024, ELI:http://data.europa.eu/eli/dec/2024/632/oj(BG, ES, CS, DA, DE, ET, EL, EN, FR, GA, HR, IT, LV, LT, HU, MT, NL, PL, PT, RO, SK, SL, FI, SV)",In force,32024D0632,"BG, ES, CS, DA, DE, ET, EL, EN, FR, GA, HR, IT, LV, LT, HU, MT, NL, PL, PT, RO, SK, SL, FI, SV",Decision,Council of the European Union,19/02/2024; Date of adoption,https://eur-lex.europa.eu/legal-content/AUTO/?uri=CELEX:32024D0632,309,,
"Council Decision (EU) 2024/990 of 20 March 2024 on the position to be taken on behalf of the European Union within the International Maritime Organization during the 81st session of the Marine Environment Protection Committee and the 108th session of the Maritime Safety Committee on the adoption of amendments to the International Convention for the Prevention of Pollution from Ships (MARPOL), to the International Convention for the Safety of Life at Sea (SOLAS), to the International Code of Safety for Ships Using Gases or other Low-flashpoint Fuels (IGF Code), to the International Code of the Enhanced Programme of Inspections during Surveys of Bulk Carriers and Oil Tankers, 2011 (2011 ESP Code), to the International Life-Saving Appliance (LSA) Code, to the International Code for Fire Safety Systems (FSS Code) and to the Seafarers’ Training, Certification and Watchkeeping (STCW) Code",ST/7326/2024/INIT,"OJ L, 2024/990,  26.3.2024, ELI:http://data.europa.eu/eli/dec/2024/990/oj(BG, ES, CS, DA, DE, ET, EL, EN, FR, GA, HR, IT, LV, LT, HU, MT, NL, PL, PT, RO, SK, SL, FI, SV)",In force,32024D0990,"BG, ES, CS, DA, DE, ET, EL, EN, FR, GA, HR, IT, LV, LT, HU, MT, NL, PL, PT, RO, SK, SL, FI, SV",Decision,Council of the European Union,20/03/2024; Date of adoption,https://eur-lex.europa.eu/legal-content/AUTO/?uri=CELEX:32024D0990,309,,
"Commission Delegated Regulation (EU) 2024/369 of 23 January 2024 supplementing Directive (EU) 2020/2184 of the European Parliament and of the Council by laying down the procedure regarding inclusion in or removal from the European positive lists of starting substances, compositions and constituents",C/2024/240,"OJ L, 2024/369,  23.4.2024, ELI:http://data.europa.eu/eli/reg_del/2024/369/oj(BG, ES, CS, DA, DE, ET, EL, EN, FR, GA, HR, IT, LV, LT, HU, MT, NL, PL, PT, RO, SK, SL, FI, SV)",In force,32024R0369,"BG, ES, CS, DA, DE, ET, EL, EN, FR, GA, HR, IT, LV, LT, HU, MT, NL, PL, PT, RO, SK, SL, FI, SV",Delegated regulation,"European Commission, Directorate-General for Environment",23/01/2024; Date of adoption,https://eur-lex.europa.eu/legal-content/AUTO/?uri=CELEX:32024R0369,312,,
"Commission Implementing Decision (EU) 2024/365 of 23 January 2024 laying down rules for the application of Directive (EU) 2020/2184 of the European Parliament and of the Council as regards methodologies for testing and accepting starting substances, compositions and constituents to be included in the European positive lists",C/2024/239,"OJ L, 2024/365,  23.4.2024, ELI:http://data.europa.eu/eli/dec_impl/2024/365/oj(BG, ES, CS, DA, DE, ET, EL, EN, FR, GA, HR, IT, LV, LT, HU, MT, NL, PL, PT, RO, SK, SL, FI, SV)",In force,32024D0365,"BG, ES, CS, DA, DE, ET, EL, EN, FR, GA, HR, IT, LV, LT, HU, MT, NL, PL, PT, RO, SK, SL, FI, SV",Implementing decision,"European Commission, Directorate-General for Environment",23/01/2024; Date of adoption,https://eur-lex.europa.eu/legal-content/AUTO/?uri=CELEX:32024D0365,312,,
"Commission Delegated Regulation (EU) 2024/369 of 23 January 2024 supplementing Directive (EU) 2020/2184 of the European Parliament and of the Council by laying down the procedure regarding inclusion in or removal from the European positive lists of starting substances, compositions and constituents",C/2024/240,"OJ L, 2024/369,  23.4.2024, ELI:http://data.europa.eu/eli/reg_del/2024/369/oj(BG, ES, CS, DA, DE, ET, EL, EN, FR, GA, HR, IT, LV, LT, HU, MT, NL, PL, PT, RO, SK, SL, FI, SV)",In force,32024R0369,"BG, ES, CS, DA, DE, ET, EL, EN, FR, GA, HR, IT, LV, LT, HU, MT, NL, PL, PT, RO, SK, SL, FI, SV",Delegated regulation,"European Commission, Directorate-General for Environment",23/01/2024; Date of adoption,https://eur-lex.europa.eu/legal-content/AUTO/?uri=CELEX:32024R0369,313,,
"Commission Implementing Decision (EU) 2024/365 of 23 January 2024 laying down rules for the application of Directive (EU) 2020/2184 of the European Parliament and of the Council as regards methodologies for testing and accepting starting substances, compositions and constituents to be included in the European positive lists",C/2024/239,"OJ L, 2024/365,  23.4.2024, ELI:http://data.europa.eu/eli/dec_impl/2024/365/oj(BG, ES, CS, DA, DE, ET, EL, EN, FR, GA, HR, IT, LV, LT, HU, MT, NL, PL, PT, RO, SK, SL, FI, SV)",In force,32024D0365,"BG, ES, CS, DA, DE, ET, EL, EN, FR, GA, HR, IT, LV, LT, HU, MT, NL, PL, PT, RO, SK, SL, FI, SV",Implementing decision,"European Commission, Directorate-General for Environment",23/01/2024; Date of adoption,https://eur-lex.europa.eu/legal-content/AUTO/?uri=CELEX:32024D0365,313,,
Commission Regulation (EU) 2025/258 of 7 February 2025 amending Regulation (EU) 2017/2400 as regards the determination of the CO2 emissions and fuel consumption of medium and heavy lorries and heavy buses and the inclusion of vehicles running on hydrogen and other new technologies and amending Regulation (EU) No 582/2011 as regards the applicable rules on the determination of CO2 emissions and fuel consumption in order to obtain an extension to an EU type-approval,C/2025/746,"OJ L, 2025/258,  20.2.2025, ELI:http://data.europa.eu/eli/reg/2025/258/oj(BG, ES, CS, DA, DE, ET, EL, EN, FR, GA, HR, IT, LV, LT, HU, MT, NL, PL, PT, RO, SK, SL, FI, SV)",In force,32025R0258,"BG, ES, CS, DA, DE, ET, EL, EN, FR, GA, HR, IT, LV, LT, HU, MT, NL, PL, PT, RO, SK, SL, FI, SV",Regulation,"European Commission, Directorate-General for Climate Action",07/02/2025; Date of adoption,https://eur-lex.europa.eu/legal-content/AUTO/?uri=CELEX:32025R0258,319,,
UN Regulation No 59 – Uniform provisions concerning the approval of replacement silencing systems [2025/844],PUB/2024/1317,"OJ L, 2025/844,  30.4.2025, ELI:http://data.europa.eu/eli/reg/2025/844/oj(BG, ES, CS, DA, DE, ET, EL, EN, FR, GA, HR, IT, LV, LT, HU, MT, NL, PL, PT, RO, SK, SL, FI, SV)",In force,42025X0844,"BG, ES, CS, DA, DE, ET, EL, EN, FR, GA, HR, IT, LV, LT, HU, MT, NL, PL, PT, RO, SK, SL, FI, SV",Regulation adopted by bodies created by international agreements,United Nations Economic Commission for Europe,30/04/2025; Date of publication,https://eur-lex.europa.eu/legal-content/AUTO/?uri=CELEX:42025X0844,320,,
"Commission Implementing Regulation (EU) 2025/356 of 21 February 2025 amending Implementing Regulation (EU) 2022/1941 as regards the prohibition of introduction, movement, holding, multiplication or release of certain pests",C/2025/1081,"OJ L, 2025/356,  24.2.2025, ELI:http://data.europa.eu/eli/reg_impl/2025/356/oj(BG, ES, CS, DA, DE, ET, EL, EN, FR, GA, HR, IT, LV, LT, HU, MT, NL, PL, PT, RO, SK, SL, FI, SV)",In force,32025R0356,"BG, ES, CS, DA, DE, ET, EL, EN, FR, GA, HR, IT, LV, LT, HU, MT, NL, PL, PT, RO, SK, SL, FI, SV",Implementing regulation,"European Commission, Directorate-General for Health and Food Safety",21/02/2025; Date of adoption,https://eur-lex.europa.eu/legal-content/AUTO/?uri=CELEX:32025R0356,320,,
"Commission Implementing Regulation (EU) 2024/2004 of 23 July 2024 amending Implementing Regulation (EU) 2019/2072 as regards the listing of pests and rules on the introduction into, and movement within, the Union territory of plants, plant products and other objects",C/2024/5052,"OJ L, 2024/2004,  26.7.2024, ELI:http://data.europa.eu/eli/reg_impl/2024/2004/oj(BG, ES, CS, DA, DE, ET, EL, EN, FR, GA, HR, IT, LV, LT, HU, MT, NL, PL, PT, RO, SK, SL, FI, SV)",In force,32024R2004,"BG, ES, CS, DA, DE, ET, EL, EN, FR, GA, HR, IT, LV, LT, HU, MT, NL, PL, PT, RO, SK, SL, FI, SV",Implementing regulation,"European Commission, Directorate-General for Health and Food Safety",23/07/2024; Date of adoption,https://eur-lex.europa.eu/legal-content/AUTO/?uri=CELEX:32024R2004,320,,
"Commission Implementing Regulation (EU) 2024/1957 of 17 July 2024 amending Implementing Regulation (EU) 2022/1941 as regards the prohibition of introduction, movement, holding, multiplication or release of certain pests",C/2024/4956,"OJ L, 2024/1957,  18.7.2024, ELI:http://data.europa.eu/eli/reg_impl/2024/1957/oj(BG, ES, CS, DA, DE, ET, EL, EN, FR, GA, HR, IT, LV, LT, HU, MT, NL, PL, PT, RO, SK, SL, FI, SV)",In force,32024R1957,"BG, ES, CS, DA, DE, ET, EL, EN, FR, GA, HR, IT, LV, LT, HU, MT, NL, PL, PT, RO, SK, SL, FI, SV",Implementing regulation,"European Commission, Directorate-General for Health and Food Safety",17/07/2024; Date of adoption,https://eur-lex.europa.eu/legal-content/AUTO/?uri=CELEX:32024R1957,320,,
"Commission Implementing Regulation (EU) 2025/356 of 21 February 2025 amending Implementing Regulation (EU) 2022/1941 as regards the prohibition of introduction, movement, holding, multiplication or release of certain pests",C/2025/1081,"OJ L, 2025/356,  24.2.2025, ELI:http://data.europa.eu/eli/reg_impl/2025/356/oj(BG, ES, CS, DA, DE, ET, EL, EN, FR, GA, HR, IT, LV, LT, HU, MT, NL, PL, PT, RO, SK, SL, FI, SV)",In force,32025R0356,"BG, ES, CS, DA, DE, ET, EL, EN, FR, GA, HR, IT, LV, LT, HU, MT, NL, PL, PT, RO, SK, SL, FI, SV",Implementing regulation,"European Commission, Directorate-General for Health and Food Safety",21/02/2025; Date of adoption,https://eur-lex.europa.eu/legal-content/AUTO/?uri=CELEX:32025R0356,321,,
"Commission Implementing Regulation (EU) 2024/2004 of 23 July 2024 amending Implementing Regulation (EU) 2019/2072 as regards the listing of pests and rules on the introduction into, and movement within, the Union territory of plants, plant products and other objects",C/2024/5052,"OJ L, 2024/2004,  26.7.2024, ELI:http://data.europa.eu/eli/reg_impl/2024/2004/oj(BG, ES, CS, DA, DE, ET, EL, EN, FR, GA, HR, IT, LV, LT, HU, MT, NL, PL, PT, RO, SK, SL, FI, SV)",In force,32024R2004,"BG, ES, CS, DA, DE, ET, EL, EN, FR, GA, HR, IT, LV, LT, HU, MT, NL, PL, PT, RO, SK, SL, FI, SV",Implementing regulation,"European Commission, Directorate-General for Health and Food Safety",23/07/2024; Date of adoption,https://eur-lex.europa.eu/legal-content/AUTO/?uri=CELEX:32024R2004,321,,
"Commission Implementing Regulation (EU) 2024/1957 of 17 July 2024 amending Implementing Regulation (EU) 2022/1941 as regards the prohibition of introduction, movement, holding, multiplication or release of certain pests",C/2024/4956,"OJ L, 2024/1957,  18.7.2024, ELI:http://data.europa.eu/eli/reg_impl/2024/1957/oj(BG, ES, CS, DA, DE, ET, EL, EN, FR, GA, HR, IT, LV, LT, HU, MT, NL, PL, PT, RO, SK, SL, FI, SV)",In force,32024R1957,"BG, ES, CS, DA, DE, ET, EL, EN, FR, GA, HR, IT, LV, LT, HU, MT, NL, PL, PT, RO, SK, SL, FI, SV",Implementing regulation,"European Commission, Directorate-General for Health and Food Safety",17/07/2024; Date of adoption,https://eur-lex.europa.eu/legal-content/AUTO/?uri=CELEX:32024R1957,321,,
"Council Decision (EU) 2025/1432 of 8 July 2025 on the position to be adopted, on behalf of the European Union, within the EEA Joint Committee concerning an amendment to Annex IV (Energy) to the EEA Agreement (EPBD) (Text with EEA relevance)",ST/10122/2025/INIT,"OJ L, 2025/1432,  17.7.2025, ELI:http://data.europa.eu/eli/dec/2025/1432/oj(BG, ES, CS, DA, DE, ET, EL, EN, FR, GA, HR, IT, LV, LT, HU, MT, NL, PL, PT, RO, SK, SL, FI, SV)",In force,32025D1432,"BG, ES, CS, DA, DE, ET, EL, EN, FR, GA, HR, IT, LV, LT, HU, MT, NL, PL, PT, RO, SK, SL, FI, SV",Decision,Council of the European Union,08/07/2025; Date of adoption,https://eur-lex.europa.eu/legal-content/AUTO/?uri=CELEX:32025D1432,324,,
Commission Implementing Regulation (EU) 2024/805 of 7 March 2024 amending Implementing Regulation (EU) 2022/996 as regards the date of application of Article 11(1) of that Regulation,C/2024/1389,"OJ L, 2024/805,  8.3.2024, ELI:http://data.europa.eu/eli/reg_impl/2024/805/oj(BG, ES, CS, DA, DE, ET, EL, EN, FR, GA, HR, IT, LV, LT, HU, MT, NL, PL, PT, RO, SK, SL, FI, SV)",In force,32024R0805,"BG, ES, CS, DA, DE, ET, EL, EN, FR, GA, HR, IT, LV, LT, HU, MT, NL, PL, PT, RO, SK, SL, FI, SV",Implementing regulation,"European Commission, Directorate-General for Energy",07/03/2024; Date of adoption,https://eur-lex.europa.eu/legal-content/AUTO/?uri=CELEX:32024R0805,325,,
Commission Delegated Regulation (EU) 2024/2620 of 30 July 2024 supplementing Directive 2003/87/EC of the European Parliament and of the Council as regards the requirements for considering that greenhouse gases have become permanently chemically bound in a product,C/2024/5294,"OJ L, 2024/2620,  4.10.2024, ELI:http://data.europa.eu/eli/reg_del/2024/2620/oj(BG, ES, CS, DA, DE, ET, EL, EN, FR, GA, HR, IT, LV, LT, HU, MT, NL, PL, PT, RO, SK, SL, FI, SV)",In force,32024R2620,"BG, ES, CS, DA, DE, ET, EL, EN, FR, GA, HR, IT, LV, LT, HU, MT, NL, PL, PT, RO, SK, SL, FI, SV",Delegated regulation,"European Commission, Directorate-General for Climate Action",30/07/2024; Date of adoption,https://eur-lex.europa.eu/legal-content/AUTO/?uri=CELEX:32024R2620,331,,
Commission Delegated Regulation (EU) 2024/2620 of 30 July 2024 supplementing Directive 2003/87/EC of the European Parliament and of the Council as regards the requirements for considering that greenhouse gases have become permanently chemically bound in a product,C/2024/5294,"OJ L, 2024/2620,  4.10.2024, ELI:http://data.europa.eu/eli/reg_del/2024/2620/oj(BG, ES, CS, DA, DE, ET, EL, EN, FR, GA, HR, IT, LV, LT, HU, MT, NL, PL, PT, RO, SK, SL, FI, SV)",In force,32024R2620,"BG, ES, CS, DA, DE, ET, EL, EN, FR, GA, HR, IT, LV, LT, HU, MT, NL, PL, PT, RO, SK, SL, FI, SV",Delegated regulation,"European Commission, Directorate-General for Climate Action",30/07/2024; Date of adoption,https://eur-lex.europa.eu/legal-content/AUTO/?uri=CELEX:32024R2620,332,,
Commission Implementing Regulation (EU) 2024/2473 of 19 September 2024 laying down rules for the application of Regulation (EU) 2024/573 of the European Parliament and of the Council as regards the registration in the F-gas Portal and repealing Commission Implementing Regulation (EU) 2019/661,C/2024/6469,"OJ L, 2024/2473,  20.9.2024, ELI:http://data.europa.eu/eli/reg_impl/2024/2473/oj(BG, ES, CS, DA, DE, ET, EL, EN, FR, GA, HR, IT, LV, LT, HU, MT, NL, PL, PT, RO, SK, SL, FI, SV)",In force,32024R2473,"BG, ES, CS, DA, DE, ET, EL, EN, FR, GA, HR, IT, LV, LT, HU, MT, NL, PL, PT, RO, SK, SL, FI, SV",Implementing regulation,"European Commission, Directorate-General for Climate Action",19/09/2024; Date of adoption,https://eur-lex.europa.eu/legal-content/AUTO/?uri=CELEX:32024R2473,333,,
Commission Delegated Regulation (EU) 2024/2564 of 19 June 2024 amending Regulation (EC) No 1272/2008 of the European Parliament and of the Council as regards the harmonised classification and labelling of certain substances,C/2024/3992,"OJ L, 2024/2564,  30.9.2024, ELI:http://data.europa.eu/eli/reg_del/2024/2564/oj(BG, ES, CS, DA, DE, ET, EL, EN, FR, GA, HR, IT, LV, LT, HU, MT, NL, PL, PT, RO, SK, SL, FI, SV)",In force,32024R2564,"BG, ES, CS, DA, DE, ET, EL, EN, FR, GA, HR, IT, LV, LT, HU, MT, NL, PL, PT, RO, SK, SL, FI, SV",Delegated regulation,"European Commission, Directorate-General for Environment",19/06/2024; Date of adoption,https://eur-lex.europa.eu/legal-content/AUTO/?uri=CELEX:32024R2564,334,,
"Commission Implementing Regulation (EU) 2024/2970 of 29 November 2024 amending Implementing Regulation (EU) 2019/2072 as regards measures to prevent the presence of the Tomato brown rugose fruit virus on plants for planting of Solanum lycopersicum L. and hybrids thereof and of Capsicum annuum L., and establishing the frequency rates of official controls",C/2024/8250,"OJ L, 2024/2970,  2.12.2024, ELI:http://data.europa.eu/eli/reg_impl/2024/2970/oj(BG, ES, CS, DA, DE, ET, EL, EN, FR, GA, HR, IT, LV, LT, HU, MT, NL, PL, PT, RO, SK, SL, FI, SV)",In force,32024R2970,"BG, ES, CS, DA, DE, ET, EL, EN, FR, GA, HR, IT, LV, LT, HU, MT, NL, PL, PT, RO, SK, SL, FI, SV",Implementing regulation,"European Commission, Directorate-General for Health and Food Safety",29/11/2024; Date of adoption,https://eur-lex.europa.eu/legal-content/AUTO/?uri=CELEX:32024R2970,343,,
"Commission Implementing Regulation (EU) 2024/2632 of 8 October 2024 amending Implementing Regulation (EU) 2022/1193 as regards measures on water liable to be infected by Ralstonia solanacearum (Smith 1896) Yabuuchi et al. 1996 emend. Safni et al. 2014, measures to be taken by the professional operators and the template on the reporting of survey results",C/2024/6945,"OJ L, 2024/2632,  9.10.2024, ELI:http://data.europa.eu/eli/reg_impl/2024/2632/oj(BG, ES, CS, DA, DE, ET, EL, EN, FR, GA, HR, IT, LV, LT, HU, MT, NL, PL, PT, RO, SK, SL, FI, SV)",In force,32024R2632,"BG, ES, CS, DA, DE, ET, EL, EN, FR, GA, HR, IT, LV, LT, HU, MT, NL, PL, PT, RO, SK, SL, FI, SV",Implementing regulation,"European Commission, Directorate-General for Health and Food Safety",08/10/2024; Date of adoption,https://eur-lex.europa.eu/legal-content/AUTO/?uri=CELEX:32024R2632,343,,
Commission Implementing Regulation (EU) 2024/2636 of 8 October 2024 amending Implementing Regulation (EU) 2022/1194 as regards the responsibilities of professional operators and the template to report survey results of Clavibacter sepedonicus (Spieckermann &amp; Kotthoff 1914) Nouioui et al. 2018,C/2024/6889,"OJ L, 2024/2636,  9.10.2024, ELI:http://data.europa.eu/eli/reg_impl/2024/2636/oj(BG, ES, CS, DA, DE, ET, EL, EN, FR, GA, HR, IT, LV, LT, HU, MT, NL, PL, PT, RO, SK, SL, FI, SV)",In force,32024R2636,"BG, ES, CS, DA, DE, ET, EL, EN, FR, GA, HR, IT, LV, LT, HU, MT, NL, PL, PT, RO, SK, SL, FI, SV",Implementing regulation,"European Commission, Directorate-General for Health and Food Safety",08/10/2024; Date of adoption,https://eur-lex.europa.eu/legal-content/AUTO/?uri=CELEX:32024R2636,343,,
"Commission Implementing Regulation (EU) 2024/2382 of 9 September 2024 amending Implementing Regulation (EU) 2022/1195 as regards the template for the surveys of Synchytrium endobioticum (Schilbersky) Percival, the designation of infested production sites and the revocation of measures in infested areas",C/2024/6253,"OJ L, 2024/2382,  10.9.2024, ELI:http://data.europa.eu/eli/reg_impl/2024/2382/oj(BG, ES, CS, DA, DE, ET, EL, EN, FR, GA, HR, IT, LV, LT, HU, MT, NL, PL, PT, RO, SK, SL, FI, SV)",In force,32024R2382,"BG, ES, CS, DA, DE, ET, EL, EN, FR, GA, HR, IT, LV, LT, HU, MT, NL, PL, PT, RO, SK, SL, FI, SV",Implementing regulation,"European Commission, Directorate-General for Health and Food Safety",09/09/2024; Date of adoption,https://eur-lex.europa.eu/legal-content/AUTO/?uri=CELEX:32024R2382,343,,
"Commission Regulation (EU) 2024/1328 of 16 May 2024 amending Annex XVII to Regulation (EC) No 1907/2006 of the European Parliament and of the Council concerning the Registration, Evaluation, Authorisation and Restriction of Chemicals (REACH) as regards octamethylcyclotetrasiloxane (D4), decamethylcyclopentasiloxane (D5) and dodecamethylcyclohexasiloxane (D6)",C/2024/3164,"OJ L, 2024/1328,  17.5.2024, ELI:http://data.europa.eu/eli/reg/2024/1328/oj(BG, ES, CS, DA, DE, ET, EL, EN, FR, GA, HR, IT, LV, LT, HU, MT, NL, PL, PT, RO, SK, SL, FI, SV)",In force,32024R1328,"BG, ES, CS, DA, DE, ET, EL, EN, FR, GA, HR, IT, LV, LT, HU, MT, NL, PL, PT, RO, SK, SL, FI, SV",Regulation,"European Commission, Directorate-General for Internal Market, Industry, Entrepreneurship and SMEs",16/05/2024; Date of adoption,https://eur-lex.europa.eu/legal-content/AUTO/?uri=CELEX:32024R1328,345,,
"Commission Implementing Regulation (EU) 2024/587 of 12 February 2024 providing for a derogation from Regulation (EU) 2021/2115 of the European Parliament and of the Council as regards the application of the standard for good agricultural and environmental conditions of land (GAEC standard) 8, dates of eligibility of expenditure for contribution from the EAGF and rules concerning amendments of CAP Strategic Plans for modifications of certain eco-schemes for claim year 2024",C/2024/978,"OJ L, 2024/587,  13.2.2024, ELI:http://data.europa.eu/eli/reg_impl/2024/587/oj(BG, ES, CS, DA, DE, ET, EL, EN, FR, GA, HR, IT, LV, LT, HU, MT, NL, PL, PT, RO, SK, SL, FI, SV)",In force,32024R0587,"BG, ES, CS, DA, DE, ET, EL, EN, FR, GA, HR, IT, LV, LT, HU, MT, NL, PL, PT, RO, SK, SL, FI, SV",Implementing regulation,"European Commission, Directorate-General for Agriculture and Rural Development",12/02/2024; Date of adoption,https://eur-lex.europa.eu/legal-content/AUTO/?uri=CELEX:32024R0587,345,,
Commission Delegated Regulation (EU) 2024/2770 of 15 July 2024 amending Regulation (EU) 2019/1009 of the European Parliament and of the Council as regards biodegradability criteria for coating agents and water retention polymers,C/2024/4826,"OJ L, 2024/2770,  28.10.2024, ELI:http://data.europa.eu/eli/reg_del/2024/2770/oj(BG, ES, CS, DA, DE, ET, EL, EN, FR, GA, HR, IT, LV, LT, HU, MT, NL, PL, PT, RO, SK, SL, FI, SV)",In force,32024R2770,"BG, ES, CS, DA, DE, ET, EL, EN, FR, GA, HR, IT, LV, LT, HU, MT, NL, PL, PT, RO, SK, SL, FI, SV",Delegated regulation,"European Commission, Directorate-General for Internal Market, Industry, Entrepreneurship and SMEs",15/07/2024; Date of adoption,https://eur-lex.europa.eu/legal-content/AUTO/?uri=CELEX:32024R2770,347,,
Commission Delegated Regulation (EU) 2025/754 of 16 April 2025 supplementing Regulation (EU) 2023/2631 of the European Parliament and of the Council by specifying rules of procedure for the exercise of the power to impose fines or periodic penalty payments by the European Securities and Markets Authority on external reviewers,C/2025/6,"OJ L, 2025/754,  25.7.2025, ELI:http://data.europa.eu/eli/reg_del/2025/754/oj(BG, ES, CS, DA, DE, ET, EL, EN, FR, GA, HR, IT, LV, LT, HU, MT, NL, PL, PT, RO, SK, SL, FI, SV)",In force,32025R0754,"BG, ES, CS, DA, DE, ET, EL, EN, FR, GA, HR, IT, LV, LT, HU, MT, NL, PL, PT, RO, SK, SL, FI, SV",Delegated regulation,"European Commission, Directorate-General for Financial Stability, Financial Services and Capital Markets Union",16/04/2025; Date of adoption,https://eur-lex.europa.eu/legal-content/AUTO/?uri=CELEX:32025R0754,349,,
"Commission Delegated Regulation (EU) 2025/755 of 16 April 2025 supplementing Regulation (EU) 2023/2631 of the European Parliament and of the Council by specifying the type of fees to be charged by ESMA to external reviewers of European Green Bonds, the matters in respect of which fees are due, the amount of the fees, and the manner in which those fees are to be paid",C/2025/7,"OJ L, 2025/755,  25.7.2025, ELI:http://data.europa.eu/eli/reg_del/2025/755/oj(BG, ES, CS, DA, DE, ET, EL, EN, FR, GA, HR, IT, LV, LT, HU, MT, NL, PL, PT, RO, SK, SL, FI, SV)",In force,32025R0755,"BG, ES, CS, DA, DE, ET, EL, EN, FR, GA, HR, IT, LV, LT, HU, MT, NL, PL, PT, RO, SK, SL, FI, SV",Delegated regulation,"European Commission, Directorate-General for Financial Stability, Financial Services and Capital Markets Union",16/04/2025; Date of adoption,https://eur-lex.europa.eu/legal-content/AUTO/?uri=CELEX:32025R0755,349,,
Commission Regulation (EU) 2024/1756 of 25 June 2024 amending and correcting Regulation (EU) 2023/915 on maximum levels for certain contaminants in food,C/2024/4277,"OJ L, 2024/1756,  26.6.2024, ELI:http://data.europa.eu/eli/reg/2024/1756/oj(BG, ES, CS, DA, DE, ET, EL, EN, FR, GA, HR, IT, LV, LT, HU, MT, NL, PL, PT, RO, SK, SL, FI, SV)",In force,32024R1756,"BG, ES, CS, DA, DE, ET, EL, EN, FR, GA, HR, IT, LV, LT, HU, MT, NL, PL, PT, RO, SK, SL, FI, SV",Regulation,"European Commission, Directorate-General for Health and Food Safety",25/06/2024; Date of adoption,https://eur-lex.europa.eu/legal-content/AUTO/?uri=CELEX:32024R1756,355,,
Commission Regulation (EU) 2024/1038 of 9 April 2024 amending Regulation (EU) 2023/915 as regards maximum levels of T-2 and HT-2 toxins in food,C/2024/2135,"OJ L, 2024/1038,  10.4.2024, ELI:http://data.europa.eu/eli/reg/2024/1038/oj(BG, ES, CS, DA, DE, ET, EL, EN, FR, GA, HR, IT, LV, LT, HU, MT, NL, PL, PT, RO, SK, SL, FI, SV)",In force,32024R1038,"BG, ES, CS, DA, DE, ET, EL, EN, FR, GA, HR, IT, LV, LT, HU, MT, NL, PL, PT, RO, SK, SL, FI, SV",Regulation,"European Commission, Directorate-General for Health and Food Safety",09/04/2024; Date of adoption,https://eur-lex.europa.eu/legal-content/AUTO/?uri=CELEX:32024R1038,355,,
Regulation (EU) 2025/1561 of the European Parliament and of the Council of 18 July 2025 amending Regulation (EU) 2023/1542 as regards obligations of economic operators concerning battery due diligence policies (Text with EEA relevance),PE/28/2025/REV/1,"OJ L, 2025/1561,  30.7.2025, ELI:http://data.europa.eu/eli/reg/2025/1561/oj(BG, ES, CS, DA, DE, ET, EL, EN, FR, GA, HR, IT, LV, LT, HU, MT, NL, PL, PT, RO, SK, SL, FI, SV)",In force,32025R1561,"BG, ES, CS, DA, DE, ET, EL, EN, FR, GA, HR, IT, LV, LT, HU, MT, NL, PL, PT, RO, SK, SL, FI, SV",Regulation,"European Parliament, Council of the European Union",18/07/2025,https://eur-lex.europa.eu/legal-content/AUTO/?uri=CELEX:32025R1561,366,,
Commission Delegated Decision (EU) 2025/934 of 5 March 2025 amending Decision 2000/532/EC as regards an update of the list of waste in relation to battery-related waste,C/2025/1360,"OJ L, 2025/934,  20.5.2025, ELI:http://data.europa.eu/eli/dec_del/2025/934/oj(BG, ES, CS, DA, DE, ET, EL, EN, FR, GA, HR, IT, LV, LT, HU, MT, NL, PL, PT, RO, SK, SL, FI, SV)",In force,32025D0934,"BG, ES, CS, DA, DE, ET, EL, EN, FR, GA, HR, IT, LV, LT, HU, MT, NL, PL, PT, RO, SK, SL, FI, SV",Delegated decision,"European Commission, Directorate-General for Environment",05/03/2025; Date of adoption,https://eur-lex.europa.eu/legal-content/AUTO/?uri=CELEX:32025D0934,366,,
Council Decision (EU) 2024/394 of 16 January 2024 on the position to be taken on behalf of the European Union in the General Fisheries Commission for the Mediterranean and repealing Decision (EU) 2019/869,ST/13479/2023/INIT,"OJ L, 2024/394,  24.1.2024, ELI:http://data.europa.eu/eli/dec/2024/394/oj(BG, ES, CS, DA, DE, ET, EL, EN, FR, GA, HR, IT, LV, LT, HU, MT, NL, PL, PT, RO, SK, SL, FI, SV)",In force,32024D0394,"BG, ES, CS, DA, DE, ET, EL, EN, FR, GA, HR, IT, LV, LT, HU, MT, NL, PL, PT, RO, SK, SL, FI, SV",Decision,Council of the European Union,16/01/2024; Date of adoption,https://eur-lex.europa.eu/legal-content/AUTO/?uri=CELEX:32024D0394,366,,
Council Decision (EU) 2024/394 of 16 January 2024 on the position to be taken on behalf of the European Union in the General Fisheries Commission for the Mediterranean and repealing Decision (EU) 2019/869,ST/13479/2023/INIT,"OJ L, 2024/394,  24.1.2024, ELI:http://data.europa.eu/eli/dec/2024/394/oj(BG, ES, CS, DA, DE, ET, EL, EN, FR, GA, HR, IT, LV, LT, HU, MT, NL, PL, PT, RO, SK, SL, FI, SV)",In force,32024D0394,"BG, ES, CS, DA, DE, ET, EL, EN, FR, GA, HR, IT, LV, LT, HU, MT, NL, PL, PT, RO, SK, SL, FI, SV",Decision,Council of the European Union,16/01/2024; Date of adoption,https://eur-lex.europa.eu/legal-content/AUTO/?uri=CELEX:32024D0394,367,,
"Commission Implementing Regulation (EU) 2025/1316 of 2 July 2025 on temporary measures to prevent the introduction into, establishment and spread within the Union territory of Curtobacterium flaccumfaciens pv. flaccumfaciens (Hedges) Collins and Jones, and amending Implementing Regulation (EU) 2019/2072",C/2025/4302,"OJ L, 2025/1316,  3.7.2025, ELI:http://data.europa.eu/eli/reg_impl/2025/1316/oj(BG, ES, CS, DA, DE, ET, EL, EN, FR, GA, HR, IT, LV, LT, HU, MT, NL, PL, PT, RO, SK, SL, FI, SV)",In force,32025R1316,"BG, ES, CS, DA, DE, ET, EL, EN, FR, GA, HR, IT, LV, LT, HU, MT, NL, PL, PT, RO, SK, SL, FI, SV",Implementing regulation,"European Commission, Directorate-General for Health and Food Safety",02/07/2025; Date of adoption,https://eur-lex.europa.eu/legal-content/AUTO/?uri=CELEX:32025R1316,368,,
"Commission Implementing Regulation (EU) 2024/2852 of 11 November 2024 establishing a derogation from Implementing Regulation (EU) 2019/2072 as regards the requirements for the introduction into the Union territory of naturally or artificially dwarfed plants for planting of Chamaecyparis Spach, Juniperus L. and certain species of Pinus L., originating in Japan and repealing Implementing Regulation (EU) 2020/1217",C/2024/7754,"OJ L, 2024/2852,  12.11.2024, ELI:http://data.europa.eu/eli/reg_impl/2024/2852/oj(BG, ES, CS, DA, DE, ET, EL, EN, FR, GA, HR, IT, LV, LT, HU, MT, NL, PL, PT, RO, SK, SL, FI, SV)",In force,32024R2852,"BG, ES, CS, DA, DE, ET, EL, EN, FR, GA, HR, IT, LV, LT, HU, MT, NL, PL, PT, RO, SK, SL, FI, SV",Implementing regulation,"European Commission, Directorate-General for Health and Food Safety",11/11/2024; Date of adoption,https://eur-lex.europa.eu/legal-content/AUTO/?uri=CELEX:32024R2852,368,,
Commission Delegated Regulation (EU) 2025/1222 of 2 April 2025 amending Regulation (EC) No 1272/2008 of the European Parliament and of the Council as regards the harmonised classification and labelling of certain substances,C/2025/1916,"OJ L, 2025/1222,  20.6.2025, ELI:http://data.europa.eu/eli/reg_del/2025/1222/oj(BG, ES, CS, DA, DE, ET, EL, EN, FR, GA, HR, IT, LV, LT, HU, MT, NL, PL, PT, RO, SK, SL, FI, SV)",In force,32025R1222,"BG, ES, CS, DA, DE, ET, EL, EN, FR, GA, HR, IT, LV, LT, HU, MT, NL, PL, PT, RO, SK, SL, FI, SV",Delegated regulation,"European Commission, Directorate-General for Environment",02/04/2025; Date of adoption,https://eur-lex.europa.eu/legal-content/AUTO/?uri=CELEX:32025R1222,374,,
Commission Delegated Regulation (EU) 2025/1222 of 2 April 2025 amending Regulation (EC) No 1272/2008 of the European Parliament and of the Council as regards the harmonised classification and labelling of certain substances,C/2025/1916,"OJ L, 2025/1222,  20.6.2025, ELI:http://data.europa.eu/eli/reg_del/2025/1222/oj(BG, ES, CS, DA, DE, ET, EL, EN, FR, GA, HR, IT, LV, LT, HU, MT, NL, PL, PT, RO, SK, SL, FI, SV)",In force,32025R1222,"BG, ES, CS, DA, DE, ET, EL, EN, FR, GA, HR, IT, LV, LT, HU, MT, NL, PL, PT, RO, SK, SL, FI, SV",Delegated regulation,"European Commission, Directorate-General for Environment",02/04/2025; Date of adoption,https://eur-lex.europa.eu/legal-content/AUTO/?uri=CELEX:32025R1222,376,,
"Commission Delegated Regulation (EU) 2025/422 of 17 December 2024 supplementing Regulation (EU) 2023/1114 of the European Parliament and of the Council with regard to regulatory technical standards specifying the content, methodologies and presentation of information in respect of sustainability indicators in relation to adverse impacts on the climate and other environment-related adverse impacts",C/2024/8782,"OJ L, 2025/422,  31.3.2025, ELI:http://data.europa.eu/eli/reg_del/2025/422/oj(BG, ES, CS, DA, DE, ET, EL, EN, FR, GA, HR, IT, LV, LT, HU, MT, NL, PL, PT, RO, SK, SL, FI, SV)",In force,32025R0422,"BG, ES, CS, DA, DE, ET, EL, EN, FR, GA, HR, IT, LV, LT, HU, MT, NL, PL, PT, RO, SK, SL, FI, SV",Delegated regulation,"European Commission, Directorate-General for Financial Stability, Financial Services and Capital Markets Union",17/12/2024; Date of adoption,https://eur-lex.europa.eu/legal-content/AUTO/?uri=CELEX:32025R0422,377,,
Commission Delegated Regulation (EU) 2024/3204 of 11 October 2024 amending Regulation (EU) 2019/1241 of the European Parliament and of the Council as regards short-necked clam and red seabream,C/2024/7102,"OJ L, 2024/3204,  31.12.2024, ELI:http://data.europa.eu/eli/reg_del/2024/3204/oj(BG, ES, CS, DA, DE, ET, EL, EN, FR, GA, HR, IT, LV, LT, HU, MT, NL, PL, PT, RO, SK, SL, FI, SV)",In force,32024R3204,"BG, ES, CS, DA, DE, ET, EL, EN, FR, GA, HR, IT, LV, LT, HU, MT, NL, PL, PT, RO, SK, SL, FI, SV",Delegated regulation,"European Commission, Directorate-General for Maritime Affairs and Fisheries",11/10/2024; Date of adoption,https://eur-lex.europa.eu/legal-content/AUTO/?uri=CELEX:32024R3204,381,,
Commission Delegated Regulation (EU) 2025/1045 of 20 May 2025 amending Regulation (EU) 2019/1242 of the European Parliament and of the Council as regards the addition of vehicle sub-groups for extra-heavy-combination lorries,C/2025/3071,"OJ L, 2025/1045,  25.7.2025, ELI:http://data.europa.eu/eli/reg_del/2025/1045/oj(BG, ES, CS, DA, DE, ET, EL, EN, FR, GA, HR, IT, LV, LT, HU, MT, NL, PL, PT, RO, SK, SL, FI, SV)",In force,32025R1045,"BG, ES, CS, DA, DE, ET, EL, EN, FR, GA, HR, IT, LV, LT, HU, MT, NL, PL, PT, RO, SK, SL, FI, SV",Delegated regulation,"European Commission, Directorate-General for Climate Action",20/05/2025; Date of publication,https://eur-lex.europa.eu/legal-content/AUTO/?uri=CELEX:32025R1045,384,,
Regulation (EU) 2025/1214 of the European Parliament and of the Council of 17 June 2025 amending Regulation (EU) 2019/631 to include an additional flexibility as regards the calculation of manufacturers’ compliance with CO2 emission performance standards for new passenger cars and new light commercial vehicles for the calendar years 2025 to 2027 (Text with EEA relevance),PE/13/2025/REV/1,"OJ L, 2025/1214,  19.6.2025, ELI:http://data.europa.eu/eli/reg/2025/1214/oj(BG, ES, CS, DA, DE, ET, EL, EN, FR, GA, HR, IT, LV, LT, HU, MT, NL, PL, PT, RO, SK, SL, FI, SV)",In force,32025R1214,"BG, ES, CS, DA, DE, ET, EL, EN, FR, GA, HR, IT, LV, LT, HU, MT, NL, PL, PT, RO, SK, SL, FI, SV",Regulation,"European Parliament, Council of the European Union",17/06/2025,https://eur-lex.europa.eu/legal-content/AUTO/?uri=CELEX:32025R1214,384,,
Commission Implementing Decision (EU) 2025/792 of 24 April 2025 on the publication of a list indicating certain CO2 emissions values per manufacturer as well as average specific CO2 emissions of all new heavy-duty vehicles registered in the Union pursuant to Regulation (EU) 2019/1242 of the European Parliament and of the Council for the reporting period of the year 2022 (notified under document C(2025) 2307),C/2025/2307,"OJ L, 2025/792,  25.4.2025, ELI:http://data.europa.eu/eli/dec_impl/2025/792/oj(BG, ES, CS, DA, DE, ET, EL, EN, FR, GA, HR, IT, LV, LT, HU, MT, NL, PL, PT, RO, SK, SL, FI, SV)",In force,32025D0792,"BG, ES, CS, DA, DE, ET, EL, EN, FR, GA, HR, IT, LV, LT, HU, MT, NL, PL, PT, RO, SK, SL, FI, SV",Implementing decision,"European Commission, Directorate-General for Climate Action",24/04/2025; Date of adoption,https://eur-lex.europa.eu/legal-content/AUTO/?uri=CELEX:32025D0792,384,,
"Regulation (EU) 2024/1610 of the European Parliament and of the Council of 14 May 2024 amending Regulation (EU) 2019/1242 as regards strengthening the CO2 emission performance standards for new heavy-duty vehicles and integrating reporting obligations, amending Regulation (EU) 2018/858 and repealing Regulation (EU) 2018/956 (Text with EEA relevance)",PE/29/2024/REV/1,"OJ L, 2024/1610,  6.6.2024, ELI:http://data.europa.eu/eli/reg/2024/1610/oj(BG, ES, CS, DA, DE, ET, EL, EN, FR, GA, HR, IT, LV, LT, HU, MT, NL, PL, PT, RO, SK, SL, FI, SV)",In force,32024R1610,"BG, ES, CS, DA, DE, ET, EL, EN, FR, GA, HR, IT, LV, LT, HU, MT, NL, PL, PT, RO, SK, SL, FI, SV",Regulation,"European Parliament, Council of the European Union",14/05/2024,https://eur-lex.europa.eu/legal-content/AUTO/?uri=CELEX:32024R1610,384,,
Directive (EU) 2024/884 of the European Parliament and of the Council of 13 March 2024 amending Directive 2012/19/EU on waste electrical and electronic equipment (WEEE) (Text with EEA relevance),PE/83/2023/REV/1,"OJ L, 2024/884,  19.3.2024, ELI:http://data.europa.eu/eli/dir/2024/884/oj(BG, ES, CS, DA, DE, ET, EL, EN, FR, GA, HR, IT, LV, LT, HU, MT, NL, PL, PT, RO, SK, SL, FI, SV)",In force,32024L0884,"BG, ES, CS, DA, DE, ET, EL, EN, FR, GA, HR, IT, LV, LT, HU, MT, NL, PL, PT, RO, SK, SL, FI, SV",Directive,"European Parliament, Council of the European Union",13/03/2024,https://eur-lex.europa.eu/legal-content/AUTO/?uri=CELEX:32024L0884,384,,
Commission Implementing Decision (EU) 2025/1786 of 9 September 2025 on the publication of a list indicating certain CO2 emissions values per manufacturer as well as average specific CO2 emissions of all new heavy-duty vehicles registered in the Union pursuant to Regulation (EU) 2019/1242 of the European Parliament and of the Council for the reporting period of the year 2023 (notified under document C(2025) 5985),C/2025/5985,"OJ L, 2025/1786,  11.9.2025, ELI:http://data.europa.eu/eli/dec_impl/2025/1786/oj(BG, ES, CS, DA, DE, ET, EL, EN, FR, GA, HR, IT, LV, LT, HU, MT, NL, PL, PT, RO, SK, SL, FI, SV)",In force,32025D1786,"BG, ES, CS, DA, DE, ET, EL, EN, FR, GA, HR, IT, LV, LT, HU, MT, NL, PL, PT, RO, SK, SL, FI, SV",Implementing decision,"European Commission, Directorate-General for Climate Action",09/09/2025; Date of adoption,https://eur-lex.europa.eu/legal-content/AUTO/?uri=CELEX:32025D1786,385,,
Commission Delegated Regulation (EU) 2025/1045 of 20 May 2025 amending Regulation (EU) 2019/1242 of the European Parliament and of the Council as regards the addition of vehicle sub-groups for extra-heavy-combination lorries,C/2025/3071,"OJ L, 2025/1045,  25.7.2025, ELI:http://data.europa.eu/eli/reg_del/2025/1045/oj(BG, ES, CS, DA, DE, ET, EL, EN, FR, GA, HR, IT, LV, LT, HU, MT, NL, PL, PT, RO, SK, SL, FI, SV)",In force,32025R1045,"BG, ES, CS, DA, DE, ET, EL, EN, FR, GA, HR, IT, LV, LT, HU, MT, NL, PL, PT, RO, SK, SL, FI, SV",Delegated regulation,"European Commission, Directorate-General for Climate Action",20/05/2025; Date of publication,https://eur-lex.europa.eu/legal-content/AUTO/?uri=CELEX:32025R1045,385,,
Regulation (EU) 2025/1214 of the European Parliament and of the Council of 17 June 2025 amending Regulation (EU) 2019/631 to include an additional flexibility as regards the calculation of manufacturers’ compliance with CO2 emission performance standards for new passenger cars and new light commercial vehicles for the calendar years 2025 to 2027 (Text with EEA relevance),PE/13/2025/REV/1,"OJ L, 2025/1214,  19.6.2025, ELI:http://data.europa.eu/eli/reg/2025/1214/oj(BG, ES, CS, DA, DE, ET, EL, EN, FR, GA, HR, IT, LV, LT, HU, MT, NL, PL, PT, RO, SK, SL, FI, SV)",In force,32025R1214,"BG, ES, CS, DA, DE, ET, EL, EN, FR, GA, HR, IT, LV, LT, HU, MT, NL, PL, PT, RO, SK, SL, FI, SV",Regulation,"European Parliament, Council of the European Union",17/06/2025,https://eur-lex.europa.eu/legal-content/AUTO/?uri=CELEX:32025R1214,385,,
Commission Implementing Decision (EU) 2025/792 of 24 April 2025 on the publication of a list indicating certain CO2 emissions values per manufacturer as well as average specific CO2 emissions of all new heavy-duty vehicles registered in the Union pursuant to Regulation (EU) 2019/1242 of the European Parliament and of the Council for the reporting period of the year 2022 (notified under document C(2025) 2307),C/2025/2307,"OJ L, 2025/792,  25.4.2025, ELI:http://data.europa.eu/eli/dec_impl/2025/792/oj(BG, ES, CS, DA, DE, ET, EL, EN, FR, GA, HR, IT, LV, LT, HU, MT, NL, PL, PT, RO, SK, SL, FI, SV)",In force,32025D0792,"BG, ES, CS, DA, DE, ET, EL, EN, FR, GA, HR, IT, LV, LT, HU, MT, NL, PL, PT, RO, SK, SL, FI, SV",Implementing decision,"European Commission, Directorate-General for Climate Action",24/04/2025; Date of adoption,https://eur-lex.europa.eu/legal-content/AUTO/?uri=CELEX:32025D0792,385,,
"Regulation (EU) 2024/1610 of the European Parliament and of the Council of 14 May 2024 amending Regulation (EU) 2019/1242 as regards strengthening the CO2 emission performance standards for new heavy-duty vehicles and integrating reporting obligations, amending Regulation (EU) 2018/858 and repealing Regulation (EU) 2018/956 (Text with EEA relevance)",PE/29/2024/REV/1,"OJ L, 2024/1610,  6.6.2024, ELI:http://data.europa.eu/eli/reg/2024/1610/oj(BG, ES, CS, DA, DE, ET, EL, EN, FR, GA, HR, IT, LV, LT, HU, MT, NL, PL, PT, RO, SK, SL, FI, SV)",In force,32024R1610,"BG, ES, CS, DA, DE, ET, EL, EN, FR, GA, HR, IT, LV, LT, HU, MT, NL, PL, PT, RO, SK, SL, FI, SV",Regulation,"European Parliament, Council of the European Union",14/05/2024,https://eur-lex.europa.eu/legal-content/AUTO/?uri=CELEX:32024R1610,385,,
Directive (EU) 2024/884 of the European Parliament and of the Council of 13 March 2024 amending Directive 2012/19/EU on waste electrical and electronic equipment (WEEE) (Text with EEA relevance),PE/83/2023/REV/1,"OJ L, 2024/884,  19.3.2024, ELI:http://data.europa.eu/eli/dir/2024/884/oj(BG, ES, CS, DA, DE, ET, EL, EN, FR, GA, HR, IT, LV, LT, HU, MT, NL, PL, PT, RO, SK, SL, FI, SV)",In force,32024L0884,"BG, ES, CS, DA, DE, ET, EL, EN, FR, GA, HR, IT, LV, LT, HU, MT, NL, PL, PT, RO, SK, SL, FI, SV",Directive,"European Parliament, Council of the European Union",13/03/2024,https://eur-lex.europa.eu/legal-content/AUTO/?uri=CELEX:32024L0884,385,,
Council Decision (EU) 2024/1638 of 30 May 2024 on the withdrawal of the Union from the Energy Charter Treaty,ST/6509/2024/INIT,"OJ L, 2024/1638,  5.6.2024, ELI:http://data.europa.eu/eli/dec/2024/1638/oj(BG, ES, CS, DA, DE, ET, EL, EN, FR, GA, HR, IT, LV, LT, HU, MT, NL, PL, PT, RO, SK, SL, FI, SV)",In force,32024D1638,"BG, ES, CS, DA, DE, ET, EL, EN, FR, GA, HR, IT, LV, LT, HU, MT, NL, PL, PT, RO, SK, SL, FI, SV",Decision,Council of the European Union,30/05/2024; Date of adoption,https://eur-lex.europa.eu/legal-content/AUTO/?uri=CELEX:32024D1638,388,,
Council Decision (EU) 2025/433 of 25 February 2025 on the position to be taken on behalf of the European Union in the 195th session of the World Forum for Harmonization of Vehicle Regulations of the United Nations Economic Commission for Europe,ST/6039/2025/INIT,"OJ L, 2025/433,  3.3.2025, ELI:http://data.europa.eu/eli/dec/2025/433/oj(BG, ES, CS, DA, DE, ET, EL, EN, FR, GA, HR, IT, LV, LT, HU, MT, NL, PL, PT, RO, SK, SL, FI, SV)",In force,32025D0433,"BG, ES, CS, DA, DE, ET, EL, EN, FR, GA, HR, IT, LV, LT, HU, MT, NL, PL, PT, RO, SK, SL, FI, SV",Decision,Council of the European Union,25/02/2025; Date of adoption,https://eur-lex.europa.eu/legal-content/AUTO/?uri=CELEX:32025D0433,389,,
Commission Implementing Regulation (EU) 2024/403 of 30 January 2024 amending Implementing Regulation (EU) 2017/373 as regards the definition of SIGMET and certain requirements for special visual flight rules and air traffic control clearances,C/2024/455,"OJ L, 2024/403,  11.4.2024, ELI:http://data.europa.eu/eli/reg_impl/2024/403/oj(BG, ES, CS, DA, DE, ET, EL, EN, FR, GA, HR, IT, LV, LT, HU, MT, NL, PL, PT, RO, SK, SL, FI, SV)",In force,32024R0403,"BG, ES, CS, DA, DE, ET, EL, EN, FR, GA, HR, IT, LV, LT, HU, MT, NL, PL, PT, RO, SK, SL, FI, SV",Implementing regulation,"European Commission, Directorate-General for Mobility and Transport",30/01/2024; Date of adoption,https://eur-lex.europa.eu/legal-content/AUTO/?uri=CELEX:32024R0403,398,,
"Commission Delegated Regulation (EU) 2025/1482 of 24 July 2025 amending Regulation (EU) 2019/1021 of the European Parliament and of the Council as regards the persistent organic pollutants tetrabromodiphenyl ether, pentabromodiphenyl ether, hexabromodiphenyl ether, heptabromodiphenyl ether and decabromodiphenyl ether",C/2025/4797,"OJ L, 2025/1482,  28.10.2025, ELI:http://data.europa.eu/eli/reg_del/2025/1482/oj(BG, ES, CS, DA, DE, ET, EL, EN, FR, GA, HR, IT, LV, LT, HU, MT, NL, PL, PT, RO, SK, SL, FI, SV)",Date of entry into force unknown (pending notification) or not yet in force.,32025R1482,"BG, ES, CS, DA, DE, ET, EL, EN, FR, GA, HR, IT, LV, LT, HU, MT, NL, PL, PT, RO, SK, SL, FI, SV",Delegated regulation,"European Commission, Directorate-General for Environment",24/07/2025; Date of adoption,https://eur-lex.europa.eu/legal-content/AUTO/?uri=CELEX:32025R1482,399,,
Commission Delegated Regulation (EU) 2025/1930 of 15 May 2025 amending Regulation (EU) 2019/1021 of the European Parliament and of the Council as regards Dechlorane Plus,C/2025/2887,"OJ L, 2025/1930,  25.9.2025, ELI:http://data.europa.eu/eli/reg_del/2025/1930/oj(BG, ES, CS, DA, DE, ET, EL, EN, FR, GA, HR, IT, LV, LT, HU, MT, NL, PL, PT, RO, SK, SL, FI, SV)",In force,32025R1930,"BG, ES, CS, DA, DE, ET, EL, EN, FR, GA, HR, IT, LV, LT, HU, MT, NL, PL, PT, RO, SK, SL, FI, SV",Delegated regulation,"European Commission, Directorate-General for Environment",15/05/2025; Date of adoption,https://eur-lex.europa.eu/legal-content/AUTO/?uri=CELEX:32025R1930,399,,
Commission Implementing Regulation (EU) 2025/1870 of 12 September 2025 correcting the Polish language version of Implementing Regulation (EU) 2024/2174 laying down rules for the application of Regulation (EU) 2024/573 of the European Parliament and of the Council as regards the format of the labels for certain products and equipment containing fluorinated greenhouse gases,C/2025/6169,"OJ L, 2025/1870,  15.9.2025, ELI:http://data.europa.eu/eli/reg_impl/2025/1870/oj(BG, ES, CS, DA, DE, ET, EL, EN, FR, GA, HR, IT, LV, LT, HU, MT, NL, PL, PT, RO, SK, SL, FI, SV)",In force,32025R1870,"BG, ES, CS, DA, DE, ET, EL, EN, FR, GA, HR, IT, LV, LT, HU, MT, NL, PL, PT, RO, SK, SL, FI, SV",Implementing regulation,"European Commission, Directorate-General for Translation",12/09/2025; Date of adoption,https://eur-lex.europa.eu/legal-content/AUTO/?uri=CELEX:32025R1870,399,,
Commission Implementing Regulation (EU) 2024/2174 of 2 September 2024 laying down rules for the application of Regulation (EU) 2024/573 of the European Parliament and of the Council as regards the format of the labels for certain products and equipment containing fluorinated greenhouse gases and repealing Commission Implementing Regulation (EU) 2015/2068,C/2024/5983,"OJ L, 2024/2174,  3.9.2024, ELI:http://data.europa.eu/eli/reg_impl/2024/2174/oj(BG, ES, CS, DA, DE, ET, EL, EN, FR, GA, HR, IT, LV, LT, HU, MT, NL, PL, PT, RO, SK, SL, FI, SV)",In force,32024R2174,"BG, ES, CS, DA, DE, ET, EL, EN, FR, GA, HR, IT, LV, LT, HU, MT, NL, PL, PT, RO, SK, SL, FI, SV",Implementing regulation,"European Commission, Directorate-General for Climate Action",02/09/2024; Date of adoption,https://eur-lex.europa.eu/legal-content/AUTO/?uri=CELEX:32024R2174,399,,01/01/2025
Commission Regulation (EU) 2025/1377 of 15 July 2025 amending and correcting Regulation (EU) No 142/2011 as regards certain requirements for the placing on the market and imports of animal by-products and derived products not intended for human consumption,C/2025/4615,"OJ L, 2025/1377,  16.7.2025, ELI:http://data.europa.eu/eli/reg/2025/1377/oj(BG, ES, CS, DA, DE, ET, EL, EN, FR, GA, HR, IT, LV, LT, HU, MT, NL, PL, PT, RO, SK, SL, FI, SV)",In force,32025R1377,"BG, ES, CS, DA, DE, ET, EL, EN, FR, GA, HR, IT, LV, LT, HU, MT, NL, PL, PT, RO, SK, SL, FI, SV",Regulation,"European Commission, Directorate-General for Health and Food Safety",15/07/2025; Date of adoption,https://eur-lex.europa.eu/legal-content/AUTO/?uri=CELEX:32025R1377,406,,
"Council Decision (EU) 2025/860 of 14 April 2025 on the position to be taken on behalf of the European Union at the Conference of the Parties to the Rotterdam Convention on the Prior Informed Consent Procedure for certain hazardous chemicals and pesticides in international trade as regards certain amendments to that Convention and to Annex III thereto, and to the Rules of Procedure for the Conference of the Parties to the Convention",ST/7106/2025/INIT,"OJ L, 2025/860,  12.5.2025, ELI:http://data.europa.eu/eli/dec/2025/860/oj(BG, ES, CS, DA, DE, ET, EL, EN, FR, GA, HR, IT, LV, LT, HU, MT, NL, PL, PT, RO, SK, SL, FI, SV)",In force,32025D0860,"BG, ES, CS, DA, DE, ET, EL, EN, FR, GA, HR, IT, LV, LT, HU, MT, NL, PL, PT, RO, SK, SL, FI, SV",Decision,Council of the European Union,14/04/2025; Date of adoption,https://eur-lex.europa.eu/legal-content/AUTO/?uri=CELEX:32025D0860,408,,
Commission Implementing Regulation (EU) 2024/1320 of 15 May 2024 amending Implementing Regulation (EU) 2020/1201 as regards the list of infected zones for containment of Xylella fastidiosa (Wells et al.),C/2024/3158,"OJ L, 2024/1320,  16.5.2024, ELI:http://data.europa.eu/eli/reg_impl/2024/1320/oj(BG, ES, CS, DA, DE, ET, EL, EN, FR, GA, HR, IT, LV, LT, HU, MT, NL, PL, PT, RO, SK, SL, FI, SV)",In force,32024R1320,"BG, ES, CS, DA, DE, ET, EL, EN, FR, GA, HR, IT, LV, LT, HU, MT, NL, PL, PT, RO, SK, SL, FI, SV",Implementing regulation,"European Commission, Directorate-General for Health and Food Safety",15/05/2024; Date of adoption,https://eur-lex.europa.eu/legal-content/AUTO/?uri=CELEX:32024R1320,416,,
Commission Regulation (EU) 2025/660 of 1 April 2025 amending Annex XVII to Regulation (EC) No 1907/2006 of the European Parliament and of the Council as regards polycyclic aromatic hydrocarbons (PAHs) in clay targets,C/2025/1881,"OJ L, 2025/660,  2.4.2025, ELI:http://data.europa.eu/eli/reg/2025/660/oj(BG, ES, CS, DA, DE, ET, EL, EN, FR, GA, HR, IT, LV, LT, HU, MT, NL, PL, PT, RO, SK, SL, FI, SV)",In force,32025R0660,"BG, ES, CS, DA, DE, ET, EL, EN, FR, GA, HR, IT, LV, LT, HU, MT, NL, PL, PT, RO, SK, SL, FI, SV",Regulation,"European Commission, Directorate-General for Internal Market, Industry, Entrepreneurship and SMEs",01/04/2025; Date of adoption,https://eur-lex.europa.eu/legal-content/AUTO/?uri=CELEX:32025R0660,421,,
"Commission Implementing Regulation (EU) 2025/625 of 28 March 2025 establishing, pursuant to Regulation (EU) 2024/573 of the European Parliament and of the Council, minimum requirements for certificates of natural and legal persons and the conditions for the mutual recognition of such certificates as regards stationary fire protection equipment containing certain fluorinated greenhouse gases or relevant alternatives and repealing Commission Regulation (EC) No 304/2008",C/2025/1771,"OJ L, 2025/625,  31.3.2025, ELI:http://data.europa.eu/eli/reg_impl/2025/625/oj(BG, ES, CS, DA, DE, ET, EL, EN, FR, GA, HR, IT, LV, LT, HU, MT, NL, PL, PT, RO, SK, SL, FI, SV)",In force,32025R0625,"BG, ES, CS, DA, DE, ET, EL, EN, FR, GA, HR, IT, LV, LT, HU, MT, NL, PL, PT, RO, SK, SL, FI, SV",Implementing regulation,"European Commission, Directorate-General for Climate Action",28/03/2025; Date of adoption,https://eur-lex.europa.eu/legal-content/AUTO/?uri=CELEX:32025R0625,421,,
Commission Regulation (EU) 2025/660 of 1 April 2025 amending Annex XVII to Regulation (EC) No 1907/2006 of the European Parliament and of the Council as regards polycyclic aromatic hydrocarbons (PAHs) in clay targets,C/2025/1881,"OJ L, 2025/660,  2.4.2025, ELI:http://data.europa.eu/eli/reg/2025/660/oj(BG, ES, CS, DA, DE, ET, EL, EN, FR, GA, HR, IT, LV, LT, HU, MT, NL, PL, PT, RO, SK, SL, FI, SV)",In force,32025R0660,"BG, ES, CS, DA, DE, ET, EL, EN, FR, GA, HR, IT, LV, LT, HU, MT, NL, PL, PT, RO, SK, SL, FI, SV",Regulation,"European Commission, Directorate-General for Internal Market, Industry, Entrepreneurship and SMEs",01/04/2025; Date of adoption,https://eur-lex.europa.eu/legal-content/AUTO/?uri=CELEX:32025R0660,422,,
"Commission Implementing Regulation (EU) 2025/625 of 28 March 2025 establishing, pursuant to Regulation (EU) 2024/573 of the European Parliament and of the Council, minimum requirements for certificates of natural and legal persons and the conditions for the mutual recognition of such certificates as regards stationary fire protection equipment containing certain fluorinated greenhouse gases or relevant alternatives and repealing Commission Regulation (EC) No 304/2008",C/2025/1771,"OJ L, 2025/625,  31.3.2025, ELI:http://data.europa.eu/eli/reg_impl/2025/625/oj(BG, ES, CS, DA, DE, ET, EL, EN, FR, GA, HR, IT, LV, LT, HU, MT, NL, PL, PT, RO, SK, SL, FI, SV)",In force,32025R0625,"BG, ES, CS, DA, DE, ET, EL, EN, FR, GA, HR, IT, LV, LT, HU, MT, NL, PL, PT, RO, SK, SL, FI, SV",Implementing regulation,"European Commission, Directorate-General for Climate Action",28/03/2025; Date of adoption,https://eur-lex.europa.eu/legal-content/AUTO/?uri=CELEX:32025R0625,422,,
Directive (EU) 2024/3101 of the European Parliament and of the Council of 27 November 2024 amending Directive 2005/35/EC as regards ship-source pollution and on the introduction of administrative penalties for infringements (Text with EEA relevance),PE/91/2024/REV/1,"OJ L, 2024/3101,  16.12.2024, ELI:http://data.europa.eu/eli/dir/2024/3101/oj(BG, ES, CS, DA, DE, ET, EL, EN, FR, GA, HR, IT, LV, LT, HU, MT, NL, PL, PT, RO, SK, SL, FI, SV)",In force,32024L3101,"BG, ES, CS, DA, DE, ET, EL, EN, FR, GA, HR, IT, LV, LT, HU, MT, NL, PL, PT, RO, SK, SL, FI, SV",Directive,"European Parliament, Council of the European Union",27/11/2024,https://eur-lex.europa.eu/legal-content/AUTO/?uri=CELEX:32024L3101,425,,
Directive (EU) 2024/3101 of the European Parliament and of the Council of 27 November 2024 amending Directive 2005/35/EC as regards ship-source pollution and on the introduction of administrative penalties for infringements (Text with EEA relevance),PE/91/2024/REV/1,"OJ L, 2024/3101,  16.12.2024, ELI:http://data.europa.eu/eli/dir/2024/3101/oj(BG, ES, CS, DA, DE, ET, EL, EN, FR, GA, HR, IT, LV, LT, HU, MT, NL, PL, PT, RO, SK, SL, FI, SV)",In force,32024L3101,"BG, ES, CS, DA, DE, ET, EL, EN, FR, GA, HR, IT, LV, LT, HU, MT, NL, PL, PT, RO, SK, SL, FI, SV",Directive,"European Parliament, Council of the European Union",27/11/2024,https://eur-lex.europa.eu/legal-content/AUTO/?uri=CELEX:32024L3101,427,,
Commission Regulation (EU) 2025/2181 of 29 October 2025 amending Regulation (EU) No 142/2011 as regards requirements for the import of used cooking oil,C/2025/7212,"OJ L, 2025/2181,  30.10.2025, ELI:http://data.europa.eu/eli/reg/2025/2181/oj(BG, ES, CS, DA, DE, ET, EL, EN, FR, GA, HR, IT, LV, LT, HU, MT, NL, PL, PT, RO, SK, SL, FI, SV)",Date of entry into force unknown (pending notification) or not yet in force.,32025R2181,"BG, ES, CS, DA, DE, ET, EL, EN, FR, GA, HR, IT, LV, LT, HU, MT, NL, PL, PT, RO, SK, SL, FI, SV",Regulation,"European Commission, Directorate-General for Health and Food Safety",29/10/2025; Date of adoption,https://eur-lex.europa.eu/legal-content/AUTO/?uri=CELEX:32025R2181,442,,
Commission Implementing Regulation (EU) 2024/806 of 7 March 2024 concerning the authorisation of pine tincture from Pinus sylvestris L. as a feed additive for all animal species,C/2024/1404,"OJ L, 2024/806,  8.3.2024, ELI:http://data.europa.eu/eli/reg_impl/2024/806/oj(BG, ES, CS, DA, DE, ET, EL, EN, FR, GA, HR, IT, LV, LT, HU, MT, NL, PL, PT, RO, SK, SL, FI, SV)",In force,32024R0806,"BG, ES, CS, DA, DE, ET, EL, EN, FR, GA, HR, IT, LV, LT, HU, MT, NL, PL, PT, RO, SK, SL, FI, SV",Implementing regulation,"European Commission, Directorate-General for Health and Food Safety",07/03/2024; Date of adoption,https://eur-lex.europa.eu/legal-content/AUTO/?uri=CELEX:32024R0806,461,,
Commission Implementing Regulation (EU) 2024/806 of 7 March 2024 concerning the authorisation of pine tincture from Pinus sylvestris L. as a feed additive for all animal species,C/2024/1404,"OJ L, 2024/806,  8.3.2024, ELI:http://data.europa.eu/eli/reg_impl/2024/806/oj(BG, ES, CS, DA, DE, ET, EL, EN, FR, GA, HR, IT, LV, LT, HU, MT, NL, PL, PT, RO, SK, SL, FI, SV)",In force,32024R0806,"BG, ES, CS, DA, DE, ET, EL, EN, FR, GA, HR, IT, LV, LT, HU, MT, NL, PL, PT, RO, SK, SL, FI, SV",Implementing regulation,"European Commission, Directorate-General for Health and Food Safety",07/03/2024; Date of adoption,https://eur-lex.europa.eu/legal-content/AUTO/?uri=CELEX:32024R0806,463,,
Commission Implementing Decision (EU) 2025/462 of 11 March 2025 on the recognition of the US Soybean Sustainability Assurance Protocol (SSAP) voluntary scheme for demonstrating compliance with the requirements for agricultural biomass set out in Directive (EU) 2018/2001 of the European Parliament and of the Council,C/2025/1472,"OJ L, 2025/462,  12.3.2025, ELI:http://data.europa.eu/eli/dec_impl/2025/462/oj(BG, ES, CS, DA, DE, ET, EL, EN, FR, GA, HR, IT, LV, LT, HU, MT, NL, PL, PT, RO, SK, SL, FI, SV)",In force,32025D0462,"BG, ES, CS, DA, DE, ET, EL, EN, FR, GA, HR, IT, LV, LT, HU, MT, NL, PL, PT, RO, SK, SL, FI, SV",Implementing decision,"European Commission, Directorate-General for Energy",11/03/2025; Date of adoption,https://eur-lex.europa.eu/legal-content/AUTO/?uri=CELEX:32025D0462,466,,
"Commission Implementing Regulation (EU) 2024/1696 of 19 June 2024 withdrawing the approval of the active substance acibenzolar-S-methyl in accordance with Regulation (EC) No 1107/2009 of the European Parliament and of the Council, amending Commission Implementing Regulation (EU) No 540/2011 and repealing Commission Implementing Regulation (EU) 2016/389",C/2024/4005,"OJ L, 2024/1696,  20.6.2024, ELI:http://data.europa.eu/eli/reg_impl/2024/1696/oj(BG, ES, CS, DA, DE, ET, EL, EN, FR, GA, HR, IT, LV, LT, HU, MT, NL, PL, PT, RO, SK, SL, FI, SV)",In force,32024R1696,"BG, ES, CS, DA, DE, ET, EL, EN, FR, GA, HR, IT, LV, LT, HU, MT, NL, PL, PT, RO, SK, SL, FI, SV",Implementing regulation,"European Commission, Directorate-General for Health and Food Safety",19/06/2024; Date of adoption,https://eur-lex.europa.eu/legal-content/AUTO/?uri=CELEX:32024R1696,471,,
"Commission Implementing Regulation (EU) 2024/794 of 5 March 2024 concerning the authorisation of a preparation of endo-1,4-beta-xylanase produced by Komagataella phaffii CGMCC 7.371 as a feed additive for all avian species and piglets of all Suidae species (holder of authorisation: Victory Enzymes GmbH)",C/2024/1342,"OJ L, 2024/794,  6.3.2024, ELI:http://data.europa.eu/eli/reg_impl/2024/794/oj(BG, ES, CS, DA, DE, ET, EL, EN, FR, GA, HR, IT, LV, LT, HU, MT, NL, PL, PT, RO, SK, SL, FI, SV)",In force,32024R0794,"BG, ES, CS, DA, DE, ET, EL, EN, FR, GA, HR, IT, LV, LT, HU, MT, NL, PL, PT, RO, SK, SL, FI, SV",Implementing regulation,"European Commission, Directorate-General for Health and Food Safety",05/03/2024; Date of adoption,https://eur-lex.europa.eu/legal-content/AUTO/?uri=CELEX:32024R0794,475,,
"Commission Implementing Regulation (EU) 2025/1088 of 2 June 2025 amending Implementing Regulation (EU) 2018/2019 as regards certain plants for planting of Alnus cordata, Alnus glutinosa and Alnus incana originating in the United Kingdom and Implementing Regulation (EU) 2020/1213 as regards the phytosanitary measures for the introduction of those plants for planting into the Union territory",C/2025/3324,"OJ L, 2025/1088,  3.6.2025, ELI:http://data.europa.eu/eli/reg_impl/2025/1088/oj(BG, ES, CS, DA, DE, ET, EL, EN, FR, GA, HR, IT, LV, LT, HU, MT, NL, PL, PT, RO, SK, SL, FI, SV)",In force,32025R1088,"BG, ES, CS, DA, DE, ET, EL, EN, FR, GA, HR, IT, LV, LT, HU, MT, NL, PL, PT, RO, SK, SL, FI, SV",Implementing regulation,"European Commission, Directorate-General for Health and Food Safety",02/06/2025; Date of adoption,https://eur-lex.europa.eu/legal-content/AUTO/?uri=CELEX:32025R1088,478,,
"Commission Implementing Regulation (EU) 2025/312 of 14 February 2025 amending Implementing Regulation (EU) 2018/2019 as regards certain plants for planting of Betula pendula and Betula pubescens, originating in the United Kingdom",C/2025/918,"OJ L, 2025/312,  17.2.2025, ELI:http://data.europa.eu/eli/reg_impl/2025/312/oj(BG, ES, CS, DA, DE, ET, EL, EN, FR, GA, HR, IT, LV, LT, HU, MT, NL, PL, PT, RO, SK, SL, FI, SV)",In force,32025R0312,"BG, ES, CS, DA, DE, ET, EL, EN, FR, GA, HR, IT, LV, LT, HU, MT, NL, PL, PT, RO, SK, SL, FI, SV",Implementing regulation,"European Commission, Directorate-General for Health and Food Safety",14/02/2025; Date of adoption,https://eur-lex.europa.eu/legal-content/AUTO/?uri=CELEX:32025R0312,478,,
"Commission Implementing Regulation (EU) 2024/2931 of 27 November 2024 amending Implementing Regulation (EU) 2018/2019 as regards certain plants for planting of Prunus avium, Prunus canescens, Prunus cerasus, Prunus pseudocerasus and Prunus spinosa originating in the United Kingdom, and Implementing Regulation (EU) 2020/1213 as regards the phytosanitary measures for the introduction of those plants for planting into the Union",C/2024/8289,"OJ L, 2024/2931,  28.11.2024, ELI:http://data.europa.eu/eli/reg_impl/2024/2931/oj(BG, ES, CS, DA, DE, ET, EL, EN, FR, GA, HR, IT, LV, LT, HU, MT, NL, PL, PT, RO, SK, SL, FI, SV)",In force,32024R2931,"BG, ES, CS, DA, DE, ET, EL, EN, FR, GA, HR, IT, LV, LT, HU, MT, NL, PL, PT, RO, SK, SL, FI, SV",Implementing regulation,"European Commission, Directorate-General for Health and Food Safety",27/11/2024; Date of adoption,https://eur-lex.europa.eu/legal-content/AUTO/?uri=CELEX:32024R2931,478,,
"Commission Implementing Regulation (EU) 2024/1958 of 17 July 2024 amending Implementing Regulation (EU) 2018/2019 as regards plants for planting of Tilia cordata L. and Tilia platyphyllos L., originating in the United Kingdom",C/2024/4931,"OJ L, 2024/1958,  18.7.2024, ELI:http://data.europa.eu/eli/reg_impl/2024/1958/oj(BG, ES, CS, DA, DE, ET, EL, EN, FR, GA, HR, IT, LV, LT, HU, MT, NL, PL, PT, RO, SK, SL, FI, SV)",In force,32024R1958,"BG, ES, CS, DA, DE, ET, EL, EN, FR, GA, HR, IT, LV, LT, HU, MT, NL, PL, PT, RO, SK, SL, FI, SV",Implementing regulation,"European Commission, Directorate-General for Health and Food Safety",17/07/2024; Date of adoption,https://eur-lex.europa.eu/legal-content/AUTO/?uri=CELEX:32024R1958,478,,
"Commission Implementing Regulation (EU) 2024/1457 of 27 May 2024 amending Implementing Regulation (EU) 2018/2019 as regards certain plants for planting of Prunus persica, Prunus dulcis, Prunus armeniaca and Prunus davidiana originating in Türkiye and Implementing Regulation (EU) 2020/1213 as regards the phytosanitary measures for the introduction of those plants for planting into the Union territory",C/2024/3385,"OJ L, 2024/1457,  29.5.2024, ELI:http://data.europa.eu/eli/reg_impl/2024/1457/oj(BG, ES, CS, DA, DE, ET, EL, EN, FR, GA, HR, IT, LV, LT, HU, MT, NL, PL, PT, RO, SK, SL, FI, SV)",In force,32024R1457,"BG, ES, CS, DA, DE, ET, EL, EN, FR, GA, HR, IT, LV, LT, HU, MT, NL, PL, PT, RO, SK, SL, FI, SV",Implementing regulation,"European Commission, Directorate-General for Health and Food Safety",27/05/2024; Date of adoption,https://eur-lex.europa.eu/legal-content/AUTO/?uri=CELEX:32024R1457,478,,
Commission Implementing Regulation (EU) 2024/1162 of 22 April 2024 amending Implementing Regulation (EU) 2018/2019 as regards certain plants for planting of Malus domestica and certain plants for planting of Berberis thunbergii originating in Türkiye and amending Implementing Regulation (EU) 2020/1213 as regards the phytosanitary measures for the introduction of the Malus domestica plants for planting into the Union territory,C/2024/2540,"OJ L, 2024/1162,  23.4.2024, ELI:http://data.europa.eu/eli/reg_impl/2024/1162/oj(BG, ES, CS, DA, DE, ET, EL, EN, FR, GA, HR, IT, LV, LT, HU, MT, NL, PL, PT, RO, SK, SL, FI, SV)",In force,32024R1162,"BG, ES, CS, DA, DE, ET, EL, EN, FR, GA, HR, IT, LV, LT, HU, MT, NL, PL, PT, RO, SK, SL, FI, SV",Implementing regulation,"European Commission, Directorate-General for Health and Food Safety",22/04/2024; Date of adoption,https://eur-lex.europa.eu/legal-content/AUTO/?uri=CELEX:32024R1162,478,,
"Commission Implementing Regulation (EU) 2024/1457 of 27 May 2024 amending Implementing Regulation (EU) 2018/2019 as regards certain plants for planting of Prunus persica, Prunus dulcis, Prunus armeniaca and Prunus davidiana originating in Türkiye and Implementing Regulation (EU) 2020/1213 as regards the phytosanitary measures for the introduction of those plants for planting into the Union territory",C/2024/3385,"OJ L, 2024/1457,  29.5.2024, ELI:http://data.europa.eu/eli/reg_impl/2024/1457/oj(BG, ES, CS, DA, DE, ET, EL, EN, FR, GA, HR, IT, LV, LT, HU, MT, NL, PL, PT, RO, SK, SL, FI, SV)",In force,32024R1457,"BG, ES, CS, DA, DE, ET, EL, EN, FR, GA, HR, IT, LV, LT, HU, MT, NL, PL, PT, RO, SK, SL, FI, SV",Implementing regulation,"European Commission, Directorate-General for Health and Food Safety",27/05/2024; Date of adoption,https://eur-lex.europa.eu/legal-content/AUTO/?uri=CELEX:32024R1457,480,,
Commission Implementing Regulation (EU) 2024/1162 of 22 April 2024 amending Implementing Regulation (EU) 2018/2019 as regards certain plants for planting of Malus domestica and certain plants for planting of Berberis thunbergii originating in Türkiye and amending Implementing Regulation (EU) 2020/1213 as regards the phytosanitary measures for the introduction of the Malus domestica plants for planting into the Union territory,C/2024/2540,"OJ L, 2024/1162,  23.4.2024, ELI:http://data.europa.eu/eli/reg_impl/2024/1162/oj(BG, ES, CS, DA, DE, ET, EL, EN, FR, GA, HR, IT, LV, LT, HU, MT, NL, PL, PT, RO, SK, SL, FI, SV)",In force,32024R1162,"BG, ES, CS, DA, DE, ET, EL, EN, FR, GA, HR, IT, LV, LT, HU, MT, NL, PL, PT, RO, SK, SL, FI, SV",Implementing regulation,"European Commission, Directorate-General for Health and Food Safety",22/04/2024; Date of adoption,https://eur-lex.europa.eu/legal-content/AUTO/?uri=CELEX:32024R1162,480,,
"Council Regulation (EU) 2025/669 of 31 March 2025 amending Regulation (EU) 2025/202 fixing for 2025 and 2026 the fishing opportunities for certain fish stocks, applicable in Union waters and, for Union fishing vessels, in certain non-Union waters",ST/6890/2025/INIT,"OJ L, 2025/669,  1.4.2025, ELI:http://data.europa.eu/eli/reg/2025/669/oj(BG, ES, CS, DA, DE, ET, EL, EN, FR, GA, HR, IT, LV, LT, HU, MT, NL, PL, PT, RO, SK, SL, FI, SV)",In force,32025R0669,"BG, ES, CS, DA, DE, ET, EL, EN, FR, GA, HR, IT, LV, LT, HU, MT, NL, PL, PT, RO, SK, SL, FI, SV",Regulation,Council of the European Union,31/03/2025; Date of adoption,https://eur-lex.europa.eu/legal-content/AUTO/?uri=CELEX:32025R0669,495,,
Commission Delegated Regulation (EU) 2024/3089 of 30 September 2024 amending Regulation (EU) 2019/1241 as regards measures to reduce incidental catches of common dolphin (Delphinus delphis) and other small cetaceans in the Bay of Biscay,C/2024/6800,"OJ L, 2024/3089,  9.12.2024, ELI:http://data.europa.eu/eli/reg_del/2024/3089/oj(BG, ES, CS, DA, DE, ET, EL, EN, FR, GA, HR, IT, LV, LT, HU, MT, NL, PL, PT, RO, SK, SL, FI, SV)",In force,32024R3089,"BG, ES, CS, DA, DE, ET, EL, EN, FR, GA, HR, IT, LV, LT, HU, MT, NL, PL, PT, RO, SK, SL, FI, SV",Delegated regulation,"European Commission, Directorate-General for Maritime Affairs and Fisheries",30/09/2024; Date of adoption,https://eur-lex.europa.eu/legal-content/AUTO/?uri=CELEX:32024R3089,497,,
"Commission Implementing Regulation (EU) 2025/1203 of 19 June 2025 granting a Union authorisation for the biocidal product family REPELLENT AGAINST FLEAS, TICKS, AND MOSQUITOES in accordance with Regulation (EU) No 528/2012 of the European Parliament and of the Council",C/2025/3834,"OJ L, 2025/1203,  20.6.2025, ELI:http://data.europa.eu/eli/reg_impl/2025/1203/oj(BG, ES, CS, DA, DE, ET, EL, EN, FR, GA, HR, IT, LV, LT, HU, MT, NL, PL, PT, RO, SK, SL, FI, SV)",In force,32025R1203,"BG, ES, CS, DA, DE, ET, EL, EN, FR, GA, HR, IT, LV, LT, HU, MT, NL, PL, PT, RO, SK, SL, FI, SV",Implementing regulation,"European Commission, Directorate-General for Health and Food Safety",19/06/2025; Date of adoption,https://eur-lex.europa.eu/legal-content/AUTO/?uri=CELEX:32025R1203,497,,
"Commission Implementing Decision (EU) 2024/2950 of 29 November 2024 postponing the expiry date of the approval of N,N-diethyl-meta-toluamide for use in biocidal products of product-type 19 in accordance with Regulation (EU) No 528/2012 of the European Parliament and of the Council",C/2024/8346,"OJ L, 2024/2950,  3.12.2024, ELI:http://data.europa.eu/eli/dec_impl/2024/2950/oj(BG, ES, CS, DA, DE, ET, EL, EN, FR, GA, HR, IT, LV, LT, HU, MT, NL, PL, PT, RO, SK, SL, FI, SV)",In force,32024D2950,"BG, ES, CS, DA, DE, ET, EL, EN, FR, GA, HR, IT, LV, LT, HU, MT, NL, PL, PT, RO, SK, SL, FI, SV",Implementing decision,"European Commission, Directorate-General for Health and Food Safety",29/11/2024; Date of adoption,https://eur-lex.europa.eu/legal-content/AUTO/?uri=CELEX:32024D2950,497,,
Commission Implementing Decision (EU) 2024/1283 of 13 May 2024 postponing the expiry date of the approval of cis-tricos-9-ene for use in biocidal products of product-type 19 in accordance with Regulation (EU) No 528/2012 of the European Parliament and of the Council,C/2024/2971,"OJ L, 2024/1283,  15.5.2024, ELI:http://data.europa.eu/eli/dec_impl/2024/1283/oj(BG, ES, CS, DA, DE, ET, EL, EN, FR, GA, HR, IT, LV, LT, HU, MT, NL, PL, PT, RO, SK, SL, FI, SV)",In force,32024D1283,"BG, ES, CS, DA, DE, ET, EL, EN, FR, GA, HR, IT, LV, LT, HU, MT, NL, PL, PT, RO, SK, SL, FI, SV",Implementing decision,"European Commission, Directorate-General for Health and Food Safety",13/05/2024; Date of adoption,https://eur-lex.europa.eu/legal-content/AUTO/?uri=CELEX:32024D1283,497,,
"Commission Implementing Regulation (EU) 2024/1056 of 10 April 2024 concerning the authorisation of riboflavin 5’-phosphate monosodium salt (vitamin B2), produced by Bacillus subtilis KCCM 10445, as a feed additive for all animal species",C/2024/2290,"OJ L, 2024/1056,  11.4.2024, ELI:http://data.europa.eu/eli/reg_impl/2024/1056/oj(BG, ES, CS, DA, DE, ET, EL, EN, FR, GA, HR, IT, LV, LT, HU, MT, NL, PL, PT, RO, SK, SL, FI, SV)",In force,32024R1056,"BG, ES, CS, DA, DE, ET, EL, EN, FR, GA, HR, IT, LV, LT, HU, MT, NL, PL, PT, RO, SK, SL, FI, SV",Implementing regulation,"European Commission, Directorate-General for Health and Food Safety",10/04/2024; Date of adoption,https://eur-lex.europa.eu/legal-content/AUTO/?uri=CELEX:32024R1056,497,,
Commission Implementing Regulation (EU) 2024/997 of 3 April 2024 concerning the authorisation of L-valine produced by Corynebacterium glutamicum CGMCC 18932 as a feed additive for all animal species,C/2024/1986,"OJ L, 2024/997,  4.4.2024, ELI:http://data.europa.eu/eli/reg_impl/2024/997/oj(BG, ES, CS, DA, DE, ET, EL, EN, FR, GA, HR, IT, LV, LT, HU, MT, NL, PL, PT, RO, SK, SL, FI, SV)",In force,32024R0997,"BG, ES, CS, DA, DE, ET, EL, EN, FR, GA, HR, IT, LV, LT, HU, MT, NL, PL, PT, RO, SK, SL, FI, SV",Implementing regulation,"European Commission, Directorate-General for Health and Food Safety",03/04/2024; Date of adoption,https://eur-lex.europa.eu/legal-content/AUTO/?uri=CELEX:32024R0997,497,,
"Commission Implementing Decision (EU) 2024/2950 of 29 November 2024 postponing the expiry date of the approval of N,N-diethyl-meta-toluamide for use in biocidal products of product-type 19 in accordance with Regulation (EU) No 528/2012 of the European Parliament and of the Council",C/2024/8346,"OJ L, 2024/2950,  3.12.2024, ELI:http://data.europa.eu/eli/dec_impl/2024/2950/oj(BG, ES, CS, DA, DE, ET, EL, EN, FR, GA, HR, IT, LV, LT, HU, MT, NL, PL, PT, RO, SK, SL, FI, SV)",In force,32024D2950,"BG, ES, CS, DA, DE, ET, EL, EN, FR, GA, HR, IT, LV, LT, HU, MT, NL, PL, PT, RO, SK, SL, FI, SV",Implementing decision,"European Commission, Directorate-General for Health and Food Safety",29/11/2024; Date of adoption,https://eur-lex.europa.eu/legal-content/AUTO/?uri=CELEX:32024D2950,498,,
Commission Implementing Decision (EU) 2024/1283 of 13 May 2024 postponing the expiry date of the approval of cis-tricos-9-ene for use in biocidal products of product-type 19 in accordance with Regulation (EU) No 528/2012 of the European Parliament and of the Council,C/2024/2971,"OJ L, 2024/1283,  15.5.2024, ELI:http://data.europa.eu/eli/dec_impl/2024/1283/oj(BG, ES, CS, DA, DE, ET, EL, EN, FR, GA, HR, IT, LV, LT, HU, MT, NL, PL, PT, RO, SK, SL, FI, SV)",In force,32024D1283,"BG, ES, CS, DA, DE, ET, EL, EN, FR, GA, HR, IT, LV, LT, HU, MT, NL, PL, PT, RO, SK, SL, FI, SV",Implementing decision,"European Commission, Directorate-General for Health and Food Safety",13/05/2024; Date of adoption,https://eur-lex.europa.eu/legal-content/AUTO/?uri=CELEX:32024D1283,498,,
"Commission Implementing Regulation (EU) 2024/1056 of 10 April 2024 concerning the authorisation of riboflavin 5’-phosphate monosodium salt (vitamin B2), produced by Bacillus subtilis KCCM 10445, as a feed additive for all animal species",C/2024/2290,"OJ L, 2024/1056,  11.4.2024, ELI:http://data.europa.eu/eli/reg_impl/2024/1056/oj(BG, ES, CS, DA, DE, ET, EL, EN, FR, GA, HR, IT, LV, LT, HU, MT, NL, PL, PT, RO, SK, SL, FI, SV)",In force,32024R1056,"BG, ES, CS, DA, DE, ET, EL, EN, FR, GA, HR, IT, LV, LT, HU, MT, NL, PL, PT, RO, SK, SL, FI, SV",Implementing regulation,"European Commission, Directorate-General for Health and Food Safety",10/04/2024; Date of adoption,https://eur-lex.europa.eu/legal-content/AUTO/?uri=CELEX:32024R1056,498,,
Commission Implementing Regulation (EU) 2024/997 of 3 April 2024 concerning the authorisation of L-valine produced by Corynebacterium glutamicum CGMCC 18932 as a feed additive for all animal species,C/2024/1986,"OJ L, 2024/997,  4.4.2024, ELI:http://data.europa.eu/eli/reg_impl/2024/997/oj(BG, ES, CS, DA, DE, ET, EL, EN, FR, GA, HR, IT, LV, LT, HU, MT, NL, PL, PT, RO, SK, SL, FI, SV)",In force,32024R0997,"BG, ES, CS, DA, DE, ET, EL, EN, FR, GA, HR, IT, LV, LT, HU, MT, NL, PL, PT, RO, SK, SL, FI, SV",Implementing regulation,"European Commission, Directorate-General for Health and Food Safety",03/04/2024; Date of adoption,https://eur-lex.europa.eu/legal-content/AUTO/?uri=CELEX:32024R0997,498,,
Commission Implementing Regulation (EU) 2025/1313 of 3 July 2025 amending Implementing Regulation (EU) 2023/1584 as regards the list of demarcated areas for containment of Popillia japonica Newman in Italy,C/2025/4321,"OJ L, 2025/1313,  4.7.2025, ELI:http://data.europa.eu/eli/reg_impl/2025/1313/oj(BG, ES, CS, DA, DE, ET, EL, EN, FR, GA, HR, IT, LV, LT, HU, MT, NL, PL, PT, RO, SK, SL, FI, SV)",In force,32025R1313,"BG, ES, CS, DA, DE, ET, EL, EN, FR, GA, HR, IT, LV, LT, HU, MT, NL, PL, PT, RO, SK, SL, FI, SV",Implementing regulation,"European Commission, Directorate-General for Health and Food Safety",03/07/2025; Date of adoption,https://eur-lex.europa.eu/legal-content/AUTO/?uri=CELEX:32025R1313,501,,
"Commission Implementing Regulation (EU) 2025/1076 of 2 June 2025 amending Implementing Regulation (EU) 2022/1372 as regards the period of application of the measures to prevent the entry into, the movement and spread within, the multiplication and release in the Union of Meloidogyne graminicola (Golden &amp; Birchfield)",C/2025/3306,"OJ L, 2025/1076,  3.6.2025, ELI:http://data.europa.eu/eli/reg_impl/2025/1076/oj(BG, ES, CS, DA, DE, ET, EL, EN, FR, GA, HR, IT, LV, LT, HU, MT, NL, PL, PT, RO, SK, SL, FI, SV)",In force,32025R1076,"BG, ES, CS, DA, DE, ET, EL, EN, FR, GA, HR, IT, LV, LT, HU, MT, NL, PL, PT, RO, SK, SL, FI, SV",Implementing regulation,"European Commission, Directorate-General for Health and Food Safety",02/06/2025; Date of adoption,https://eur-lex.europa.eu/legal-content/AUTO/?uri=CELEX:32025R1076,501,,
Commission Implementing Regulation (EU) 2024/377 of 25 January 2024 amending Implementing Regulation (EU) 2018/2019 as regards certain plants for planting of Malus domestica originating in Bosnia and Herzegovina,C/2024/378,"OJ L, 2024/377,  26.1.2024, ELI:http://data.europa.eu/eli/reg_impl/2024/377/oj(BG, ES, CS, DA, DE, ET, EL, EN, FR, GA, HR, IT, LV, LT, HU, MT, NL, PL, PT, RO, SK, SL, FI, SV)",In force,32024R0377,"BG, ES, CS, DA, DE, ET, EL, EN, FR, GA, HR, IT, LV, LT, HU, MT, NL, PL, PT, RO, SK, SL, FI, SV",Implementing regulation,"European Commission, Directorate-General for Health and Food Safety",25/01/2024; Date of adoption,https://eur-lex.europa.eu/legal-content/AUTO/?uri=CELEX:32024R0377,501,,
Council Decision (EU) 2024/1677 of 30 May 2024 on the approval of the withdrawal of the European Atomic Energy Community from the Energy Charter Treaty,ST/6514/2024/INIT,"OJ L, 2024/1677,  13.6.2024, ELI:http://data.europa.eu/eli/dec/2024/1677/oj(BG, ES, CS, DA, DE, ET, EL, EN, FR, GA, HR, IT, LV, LT, HU, MT, NL, PL, PT, RO, SK, SL, FI, SV)",In force,32024D1677,"BG, ES, CS, DA, DE, ET, EL, EN, FR, GA, HR, IT, LV, LT, HU, MT, NL, PL, PT, RO, SK, SL, FI, SV",Decision,Council of the European Union,30/05/2024; Date of adoption,https://eur-lex.europa.eu/legal-content/AUTO/?uri=CELEX:32024D1677,503,,
"Commission Implementing Regulation (EU) 2024/1743 of 21 June 2024 concerning the authorisation of a preparation of endo-1,4-beta-mannanase produced with Thermothelomyces thermophilus DSM 33149 as a feed additive for all poultry species for fattening and ornamental birds (holder of authorisation: BASF SE)",C/2024/4182,"OJ L, 2024/1743,  24.6.2024, ELI:http://data.europa.eu/eli/reg_impl/2024/1743/oj(BG, ES, CS, DA, DE, ET, EL, EN, FR, GA, HR, IT, LV, LT, HU, MT, NL, PL, PT, RO, SK, SL, FI, SV)",In force,32024R1743,"BG, ES, CS, DA, DE, ET, EL, EN, FR, GA, HR, IT, LV, LT, HU, MT, NL, PL, PT, RO, SK, SL, FI, SV",Implementing regulation,"European Commission, Directorate-General for Health and Food Safety",21/06/2024; Date of adoption,https://eur-lex.europa.eu/legal-content/AUTO/?uri=CELEX:32024R1743,510,,
Commission Implementing Decision (EU) 2024/816 of 5 March 2024 addressing questions regarding the second comparative assessment of anticoagulant rodenticide biocidal products in accordance with Article 23(5) of Regulation (EU) No 528/2012 of the European Parliament and of the Council,C/2024/1335,"OJ L, 2024/816,  7.3.2024, ELI:http://data.europa.eu/eli/dec_impl/2024/816/oj(BG, ES, CS, DA, DE, ET, EL, EN, FR, GA, HR, IT, LV, LT, HU, MT, NL, PL, PT, RO, SK, SL, FI, SV)",In force,32024D0816,"BG, ES, CS, DA, DE, ET, EL, EN, FR, GA, HR, IT, LV, LT, HU, MT, NL, PL, PT, RO, SK, SL, FI, SV",Implementing decision,"European Commission, Directorate-General for Health and Food Safety",05/03/2024; Date of adoption,https://eur-lex.europa.eu/legal-content/AUTO/?uri=CELEX:32024D0816,510,,
Commission Implementing Decision (EU) 2024/732 of 28 February 2024 postponing the expiry date of the approval of aluminium phosphide for use in biocidal products of product-types 14 and 18 in accordance with Regulation (EU) No 528/2012 of the European Parliament and of the Council,C/2024/1178,"OJ L, 2024/732,  1.3.2024, ELI:http://data.europa.eu/eli/dec_impl/2024/732/oj(BG, ES, CS, DA, DE, ET, EL, EN, FR, GA, HR, IT, LV, LT, HU, MT, NL, PL, PT, RO, SK, SL, FI, SV)",In force,32024D0732,"BG, ES, CS, DA, DE, ET, EL, EN, FR, GA, HR, IT, LV, LT, HU, MT, NL, PL, PT, RO, SK, SL, FI, SV",Implementing decision,"European Commission, Directorate-General for Health and Food Safety",28/02/2024; Date of adoption,https://eur-lex.europa.eu/legal-content/AUTO/?uri=CELEX:32024D0732,510,,
Commission Implementing Regulation (EU) 2025/1127 of 6 June 2025 laying down rules for the application of Regulation (EU) 2023/1805 of the European Parliament and of the Council as regards of identifying neighbouring container transhipment ports,C/2025/3550,"OJ L, 2025/1127,  10.6.2025, ELI:http://data.europa.eu/eli/reg_impl/2025/1127/oj(BG, ES, CS, DA, DE, ET, EL, EN, FR, GA, HR, IT, LV, LT, HU, MT, NL, PL, PT, RO, SK, SL, FI, SV)",In force,32025R1127,"BG, ES, CS, DA, DE, ET, EL, EN, FR, GA, HR, IT, LV, LT, HU, MT, NL, PL, PT, RO, SK, SL, FI, SV",Implementing regulation,"European Commission, Directorate-General for Mobility and Transport",06/06/2025; Date of adoption,https://eur-lex.europa.eu/legal-content/AUTO/?uri=CELEX:32025R1127,517,,
"Commission Implementing Decision (EU) 2024/2420 of 13 September 2024 on a derogation from mutual recognition of an authorisation for the biocidal product URAGAN D2, containing hydrogen cyanide, by Hungary in accordance with Article 37 of Regulation (EU) No 528/2012 of the European Parliament and of the Council (notified under document C(2024) 6413)",C/2024/6413,"OJ L, 2024/2420,  16.9.2024, ELI:http://data.europa.eu/eli/dec_impl/2024/2420/oj(BG, ES, CS, DA, DE, ET, EL, EN, FR, GA, HR, IT, LV, LT, HU, MT, NL, PL, PT, RO, SK, SL, FI, SV)",In force,32024D2420,"BG, ES, CS, DA, DE, ET, EL, EN, FR, GA, HR, IT, LV, LT, HU, MT, NL, PL, PT, RO, SK, SL, FI, SV",Implementing decision,"European Commission, Directorate-General for Health and Food Safety",13/09/2024; Date of adoption,https://eur-lex.europa.eu/legal-content/AUTO/?uri=CELEX:32024D2420,525,,
Commission Implementing Regulation (EU) 2025/86 of 20 January 2025 correcting Implementing Regulation (EU) 2024/2189 as regards the summary of the biocidal product characteristics,C/2025/167,"OJ L, 2025/86,  21.1.2025, ELI:http://data.europa.eu/eli/reg_impl/2025/86/oj(BG, ES, CS, DA, DE, ET, EL, EN, FR, GA, HR, IT, LV, LT, HU, MT, NL, PL, PT, RO, SK, SL, FI, SV)",In force,32025R0086,"BG, ES, CS, DA, DE, ET, EL, EN, FR, GA, HR, IT, LV, LT, HU, MT, NL, PL, PT, RO, SK, SL, FI, SV",Implementing regulation,"European Commission, Directorate-General for Health and Food Safety",20/01/2025; Date of adoption,https://eur-lex.europa.eu/legal-content/AUTO/?uri=CELEX:32025R0086,526,,
Commission Implementing Regulation (EU) 2024/1885 of 9 July 2024 cancelling the Union authorisation for the biocidal product family Lyso IPA Surface Disinfection in accordance with Regulation (EU) No 528/2012 of the European Parliament and of the Council and repealing Commission Implementing Regulation (EU) 2021/978,C/2024/4710,"OJ L, 2024/1885,  10.7.2024, ELI:http://data.europa.eu/eli/reg_impl/2024/1885/oj(BG, ES, CS, DA, DE, ET, EL, EN, FR, GA, HR, IT, LV, LT, HU, MT, NL, PL, PT, RO, SK, SL, FI, SV)",In force,32024R1885,"BG, ES, CS, DA, DE, ET, EL, EN, FR, GA, HR, IT, LV, LT, HU, MT, NL, PL, PT, RO, SK, SL, FI, SV",Implementing regulation,"European Commission, Directorate-General for Health and Food Safety",09/07/2024; Date of adoption,https://eur-lex.europa.eu/legal-content/AUTO/?uri=CELEX:32024R1885,526,,
Commission Implementing Regulation (EU) 2024/1752 of 24 June 2024 amending Implementing Regulation (EU) 2021/552 as regards administrative and minor changes to the Union authorisation for the biocidal product family DEC-AHOL® Product Family,C/2024/4218,"OJ L, 2024/1752,  25.6.2024, ELI:http://data.europa.eu/eli/reg_impl/2024/1752/oj(BG, ES, CS, DA, DE, ET, EL, EN, FR, GA, HR, IT, LV, LT, HU, MT, NL, PL, PT, RO, SK, SL, FI, SV)",In force,32024R1752,"BG, ES, CS, DA, DE, ET, EL, EN, FR, GA, HR, IT, LV, LT, HU, MT, NL, PL, PT, RO, SK, SL, FI, SV",Implementing regulation,"European Commission, Directorate-General for Health and Food Safety",24/06/2024; Date of adoption,https://eur-lex.europa.eu/legal-content/AUTO/?uri=CELEX:32024R1752,526,,
Commission Implementing Regulation (EU) 2024/1885 of 9 July 2024 cancelling the Union authorisation for the biocidal product family Lyso IPA Surface Disinfection in accordance with Regulation (EU) No 528/2012 of the European Parliament and of the Council and repealing Commission Implementing Regulation (EU) 2021/978,C/2024/4710,"OJ L, 2024/1885,  10.7.2024, ELI:http://data.europa.eu/eli/reg_impl/2024/1885/oj(BG, ES, CS, DA, DE, ET, EL, EN, FR, GA, HR, IT, LV, LT, HU, MT, NL, PL, PT, RO, SK, SL, FI, SV)",In force,32024R1885,"BG, ES, CS, DA, DE, ET, EL, EN, FR, GA, HR, IT, LV, LT, HU, MT, NL, PL, PT, RO, SK, SL, FI, SV",Implementing regulation,"European Commission, Directorate-General for Health and Food Safety",09/07/2024; Date of adoption,https://eur-lex.europa.eu/legal-content/AUTO/?uri=CELEX:32024R1885,527,,
Commission Implementing Regulation (EU) 2024/1752 of 24 June 2024 amending Implementing Regulation (EU) 2021/552 as regards administrative and minor changes to the Union authorisation for the biocidal product family DEC-AHOL® Product Family,C/2024/4218,"OJ L, 2024/1752,  25.6.2024, ELI:http://data.europa.eu/eli/reg_impl/2024/1752/oj(BG, ES, CS, DA, DE, ET, EL, EN, FR, GA, HR, IT, LV, LT, HU, MT, NL, PL, PT, RO, SK, SL, FI, SV)",In force,32024R1752,"BG, ES, CS, DA, DE, ET, EL, EN, FR, GA, HR, IT, LV, LT, HU, MT, NL, PL, PT, RO, SK, SL, FI, SV",Implementing regulation,"European Commission, Directorate-General for Health and Food Safety",24/06/2024; Date of adoption,https://eur-lex.europa.eu/legal-content/AUTO/?uri=CELEX:32024R1752,527,,
Commission Implementing Regulation (EU) 2025/756 of 16 April 2025 concerning the authorisation of L-valine produced with Escherichia coli CGMCC 22721 as a feed additive for all animal species,C/2025/2241,"OJ L, 2025/756,  22.4.2025, ELI:http://data.europa.eu/eli/reg_impl/2025/756/oj(BG, ES, CS, DA, DE, ET, EL, EN, FR, GA, HR, IT, LV, LT, HU, MT, NL, PL, PT, RO, SK, SL, FI, SV)",In force,32025R0756,"BG, ES, CS, DA, DE, ET, EL, EN, FR, GA, HR, IT, LV, LT, HU, MT, NL, PL, PT, RO, SK, SL, FI, SV",Implementing regulation,"European Commission, Directorate-General for Health and Food Safety",16/04/2025; Date of adoption,https://eur-lex.europa.eu/legal-content/AUTO/?uri=CELEX:32025R0756,535,,
Commission Implementing Regulation (EU) 2025/634 of 1 April 2025 concerning the authorisation of L-arginine produced with Escherichia coli CGMCC 7.401 as a feed additive for all animal species,C/2025/1891,"OJ L, 2025/634,  2.4.2025, ELI:http://data.europa.eu/eli/reg_impl/2025/634/oj(BG, ES, CS, DA, DE, ET, EL, EN, FR, GA, HR, IT, LV, LT, HU, MT, NL, PL, PT, RO, SK, SL, FI, SV)",In force,32025R0634,"BG, ES, CS, DA, DE, ET, EL, EN, FR, GA, HR, IT, LV, LT, HU, MT, NL, PL, PT, RO, SK, SL, FI, SV",Implementing regulation,"European Commission, Directorate-General for Health and Food Safety",01/04/2025; Date of adoption,https://eur-lex.europa.eu/legal-content/AUTO/?uri=CELEX:32025R0634,535,,
Commission Implementing Regulation (EU) 2024/893 of 22 March 2024 approving thermally treated garlic juice as an existing active substance for use in biocidal products of product-type 19 in accordance with Regulation (EU) No 528/2012 of the European Parliament and of the Council,C/2024/496,"OJ L, 2024/893,  25.3.2024, ELI:http://data.europa.eu/eli/reg_impl/2024/893/oj(BG, ES, CS, DA, DE, ET, EL, EN, FR, GA, HR, IT, LV, LT, HU, MT, NL, PL, PT, RO, SK, SL, FI, SV)",In force,32024R0893,"BG, ES, CS, DA, DE, ET, EL, EN, FR, GA, HR, IT, LV, LT, HU, MT, NL, PL, PT, RO, SK, SL, FI, SV",Implementing regulation,"European Commission, Directorate-General for Health and Food Safety",22/03/2024; Date of adoption,https://eur-lex.europa.eu/legal-content/AUTO/?uri=CELEX:32024R0893,536,,
Council Decision (EU) 2025/2090 of 10 October 2025 on the position to be taken on behalf of the European Union within the International Civil Aviation Organization as regards the notification of differences between Union law and the Second Edition of the International Standards and Recommended Practices on Environmental Protection – Carbon Offsetting and Reduction Scheme for International Aviation (CORSIA),ST/12835/2025/INIT,"OJ L, 2025/2090,  15.10.2025, ELI:http://data.europa.eu/eli/dec/2025/2090/oj(BG, ES, CS, DA, DE, ET, EL, EN, FR, GA, HR, IT, LV, LT, HU, MT, NL, PL, PT, RO, SK, SL, FI, SV)",In force,32025D2090,"BG, ES, CS, DA, DE, ET, EL, EN, FR, GA, HR, IT, LV, LT, HU, MT, NL, PL, PT, RO, SK, SL, FI, SV",Decision,Council of the European Union,10/10/2025; Date of adoption,https://eur-lex.europa.eu/legal-content/AUTO/?uri=CELEX:32025D2090,539,,
Commission Decision (EU) 2025/1050 of 19 May 2025 on the consistency of the performance targets included in the draft performance plan submitted by Hungary pursuant to Regulation (EC) No 549/2004 of the European Parliament and of the Council with the Union-wide performance targets for the fourth reference period of the Single European Sky performance and charging scheme (notified under document C(2025) 2919),C/2025/2919,"OJ L, 2025/1050,  28.5.2025, ELI:http://data.europa.eu/eli/dec/2025/1050/oj(BG, ES, CS, DA, DE, ET, EL, EN, FR, GA, HR, IT, LV, LT, HU, MT, NL, PL, PT, RO, SK, SL, FI, SV)",In force,32025D1050,"BG, ES, CS, DA, DE, ET, EL, EN, FR, GA, HR, IT, LV, LT, HU, MT, NL, PL, PT, RO, SK, SL, FI, SV",Decision,"European Commission, Directorate-General for Mobility and Transport",19/05/2025; Date of adoption,https://eur-lex.europa.eu/legal-content/AUTO/?uri=CELEX:32025D1050,540,,
Commission Decision (EU) 2025/1055 of 19 May 2025 on the consistency of the performance targets included in the draft performance plan submitted by Sweden pursuant to Regulation (EC) No 549/2004 of the European Parliament and of the Council with the Union-wide performance targets for the fourth reference period of the Single European Sky performance and charging scheme (notified under document C(2025) 2927),C/2025/2927,"OJ L, 2025/1055,  28.5.2025, ELI:http://data.europa.eu/eli/dec/2025/1055/oj(BG, ES, CS, DA, DE, ET, EL, EN, FR, GA, HR, IT, LV, LT, HU, MT, NL, PL, PT, RO, SK, SL, FI, SV)",In force,32025D1055,"BG, ES, CS, DA, DE, ET, EL, EN, FR, GA, HR, IT, LV, LT, HU, MT, NL, PL, PT, RO, SK, SL, FI, SV",Decision,"European Commission, Directorate-General for Mobility and Transport",19/05/2025; Date of adoption,https://eur-lex.europa.eu/legal-content/AUTO/?uri=CELEX:32025D1055,540,,
Commission Decision (EU) 2025/1061 of 19 May 2025 on the consistency of the performance targets included in the draft performance plan submitted by Cyprus pursuant to Regulation (EC) No 549/2004 of the European Parliament and of the Council with the Union-wide performance targets for the fourth reference period of the Single European Sky performance and charging scheme (notified under document C(2025) 2926),C/2025/2926,"OJ L, 2025/1061,  28.5.2025, ELI:http://data.europa.eu/eli/dec/2025/1061/oj(BG, ES, CS, DA, DE, ET, EL, EN, FR, GA, HR, IT, LV, LT, HU, MT, NL, PL, PT, RO, SK, SL, FI, SV)",In force,32025D1061,"BG, ES, CS, DA, DE, ET, EL, EN, FR, GA, HR, IT, LV, LT, HU, MT, NL, PL, PT, RO, SK, SL, FI, SV",Decision,"European Commission, Directorate-General for Mobility and Transport",19/05/2025; Date of adoption,https://eur-lex.europa.eu/legal-content/AUTO/?uri=CELEX:32025D1061,540,,
Commission Decision (EU) 2025/1060 of 19 May 2025 on the consistency of the performance targets included in the draft performance plan submitted by Malta pursuant to Regulation (EC) No 549/2004 of the European Parliament and of the Council with the Union-wide performance targets for the fourth reference period of the Single European Sky performance and charging scheme (notified under document C(2025) 2922),C/2025/2922,"OJ L, 2025/1060,  28.5.2025, ELI:http://data.europa.eu/eli/dec/2025/1060/oj(BG, ES, CS, DA, DE, ET, EL, EN, FR, GA, HR, IT, LV, LT, HU, MT, NL, PL, PT, RO, SK, SL, FI, SV)",In force,32025D1060,"BG, ES, CS, DA, DE, ET, EL, EN, FR, GA, HR, IT, LV, LT, HU, MT, NL, PL, PT, RO, SK, SL, FI, SV",Decision,"European Commission, Directorate-General for Mobility and Transport",19/05/2025; Date of adoption,https://eur-lex.europa.eu/legal-content/AUTO/?uri=CELEX:32025D1060,540,,
Commission Decision (EU) 2025/1058 of 19 May 2025 on the consistency of the performance targets included in the draft performance plan submitted by Italy pursuant to Regulation (EC) No 549/2004 of the European Parliament and of the Council with the Union-wide performance targets for the fourth reference period of the Single European Sky performance and charging scheme (notified under document C(2025) 2928),C/2025/2928,"OJ L, 2025/1058,  28.5.2025, ELI:http://data.europa.eu/eli/dec/2025/1058/oj(BG, ES, CS, DA, DE, ET, EL, EN, FR, GA, HR, IT, LV, LT, HU, MT, NL, PL, PT, RO, SK, SL, FI, SV)",In force,32025D1058,"BG, ES, CS, DA, DE, ET, EL, EN, FR, GA, HR, IT, LV, LT, HU, MT, NL, PL, PT, RO, SK, SL, FI, SV",Decision,"European Commission, Directorate-General for Mobility and Transport",19/05/2025; Date of adoption,https://eur-lex.europa.eu/legal-content/AUTO/?uri=CELEX:32025D1058,540,,
Commission Decision (EU) 2025/1053 of 19 May 2025 on the consistency of the performance targets included in the draft performance plan submitted by the Czech Republic pursuant to Regulation (EC) No 549/2004 of the European Parliament and of the Council with the Union-wide performance targets for the fourth reference period of the Single European Sky performance and charging scheme (notified under document C(2025) 2924),C/2025/2924,"OJ L, 2025/1053,  28.5.2025, ELI:http://data.europa.eu/eli/dec/2025/1053/oj(BG, ES, CS, DA, DE, ET, EL, EN, FR, GA, HR, IT, LV, LT, HU, MT, NL, PL, PT, RO, SK, SL, FI, SV)",In force,32025D1053,"BG, ES, CS, DA, DE, ET, EL, EN, FR, GA, HR, IT, LV, LT, HU, MT, NL, PL, PT, RO, SK, SL, FI, SV",Decision,"European Commission, Directorate-General for Mobility and Transport",19/05/2025; Date of adoption,https://eur-lex.europa.eu/legal-content/AUTO/?uri=CELEX:32025D1053,540,,
Commission Decision (EU) 2025/1059 of 19 May 2025 on the consistency of the performance targets included in the draft performance plan submitted by Portugal pursuant to Regulation (EC) No 549/2004 of the European Parliament and of the Council with the Union-wide performance targets for the fourth reference period of the Single European Sky performance and charging scheme (notified under document C(2025) 2929),C/2025/2929,"OJ L, 2025/1059,  28.5.2025, ELI:http://data.europa.eu/eli/dec/2025/1059/oj(BG, ES, CS, DA, DE, ET, EL, EN, FR, GA, HR, IT, LV, LT, HU, MT, NL, PL, PT, RO, SK, SL, FI, SV)",In force,32025D1059,"BG, ES, CS, DA, DE, ET, EL, EN, FR, GA, HR, IT, LV, LT, HU, MT, NL, PL, PT, RO, SK, SL, FI, SV",Decision,"European Commission, Directorate-General for Mobility and Transport",19/05/2025; Date of adoption,https://eur-lex.europa.eu/legal-content/AUTO/?uri=CELEX:32025D1059,540,,
Commission Implementing Decision (EU) 2025/1039 of 16 May 2025 on the inconsistency of certain performance targets included in the draft performance plan submitted by Switzerland pursuant to Regulation (EC) No 549/2004 of the European Parliament and of the Council with the Union-wide performance targets for the fourth reference period of the Single European Sky performance and charging scheme (notified under document C(2025) 2923),C/2025/2923,"OJ L, 2025/1039,  23.5.2025, ELI:http://data.europa.eu/eli/dec_impl/2025/1039/oj(BG, ES, CS, DA, DE, ET, EL, EN, FR, GA, HR, IT, LV, LT, HU, MT, NL, PL, PT, RO, SK, SL, FI, SV)",In force,32025D1039,"BG, ES, CS, DA, DE, ET, EL, EN, FR, GA, HR, IT, LV, LT, HU, MT, NL, PL, PT, RO, SK, SL, FI, SV",Implementing decision,"European Commission, Directorate-General for Mobility and Transport",16/05/2025; Date of adoption,https://eur-lex.europa.eu/legal-content/AUTO/?uri=CELEX:32025D1039,540,,
Commission Implementing Decision (EU) 2025/57 of 15 January 2025 establishing the format of information to be made available by the Member States for the purposes of reporting on the implementation of Directive (EU) 2015/2193 of the European Parliament and of the Council (notified under document C(2025) 81),C/2025/81,"OJ L, 2025/57,  16.1.2025, ELI:http://data.europa.eu/eli/dec_impl/2025/57/oj(BG, ES, CS, DA, DE, ET, EL, EN, FR, GA, HR, IT, LV, LT, HU, MT, NL, PL, PT, RO, SK, SL, FI, SV)",In force,32025D0057,"BG, ES, CS, DA, DE, ET, EL, EN, FR, GA, HR, IT, LV, LT, HU, MT, NL, PL, PT, RO, SK, SL, FI, SV",Implementing decision,"European Commission, Directorate-General for Environment",15/01/2025; Date of adoption,https://eur-lex.europa.eu/legal-content/AUTO/?uri=CELEX:32025D0057,540,,
Directive (EU) 2024/3100 of the European Parliament and of the Council of 27 November 2024 amending Directive 2009/21/EC on compliance with flag State requirements (Text with EEA relevance),PE/83/2024/REV/1,"OJ L, 2024/3100,  16.12.2024, ELI:http://data.europa.eu/eli/dir/2024/3100/oj(BG, ES, CS, DA, DE, ET, EL, EN, FR, GA, HR, IT, LV, LT, HU, MT, NL, PL, PT, RO, SK, SL, FI, SV)",In force,32024L3100,"BG, ES, CS, DA, DE, ET, EL, EN, FR, GA, HR, IT, LV, LT, HU, MT, NL, PL, PT, RO, SK, SL, FI, SV",Directive,"European Parliament, Council of the European Union",27/11/2024,https://eur-lex.europa.eu/legal-content/AUTO/?uri=CELEX:32024L3100,540,,
Commission Implementing Decision (EU) 2025/57 of 15 January 2025 establishing the format of information to be made available by the Member States for the purposes of reporting on the implementation of Directive (EU) 2015/2193 of the European Parliament and of the Council (notified under document C(2025) 81),C/2025/81,"OJ L, 2025/57,  16.1.2025, ELI:http://data.europa.eu/eli/dec_impl/2025/57/oj(BG, ES, CS, DA, DE, ET, EL, EN, FR, GA, HR, IT, LV, LT, HU, MT, NL, PL, PT, RO, SK, SL, FI, SV)",In force,32025D0057,"BG, ES, CS, DA, DE, ET, EL, EN, FR, GA, HR, IT, LV, LT, HU, MT, NL, PL, PT, RO, SK, SL, FI, SV",Implementing decision,"European Commission, Directorate-General for Environment",15/01/2025; Date of adoption,https://eur-lex.europa.eu/legal-content/AUTO/?uri=CELEX:32025D0057,541,,
Directive (EU) 2024/3100 of the European Parliament and of the Council of 27 November 2024 amending Directive 2009/21/EC on compliance with flag State requirements (Text with EEA relevance),PE/83/2024/REV/1,"OJ L, 2024/3100,  16.12.2024, ELI:http://data.europa.eu/eli/dir/2024/3100/oj(BG, ES, CS, DA, DE, ET, EL, EN, FR, GA, HR, IT, LV, LT, HU, MT, NL, PL, PT, RO, SK, SL, FI, SV)",In force,32024L3100,"BG, ES, CS, DA, DE, ET, EL, EN, FR, GA, HR, IT, LV, LT, HU, MT, NL, PL, PT, RO, SK, SL, FI, SV",Directive,"European Parliament, Council of the European Union",27/11/2024,https://eur-lex.europa.eu/legal-content/AUTO/?uri=CELEX:32024L3100,541,,
Commission Delegated Regulation (EU) 2024/1389 of 12 March 2024 amending Regulation (EU) 2023/2053 of the European Parliament and of the Council as regards the management of bluefin tuna in the eastern Atlantic and in the Mediterranean,C/2024/1504,"OJ L, 2024/1389,  22.5.2024, ELI:http://data.europa.eu/eli/reg_del/2024/1389/oj(BG, ES, CS, DA, DE, ET, EL, EN, FR, GA, HR, IT, LV, LT, HU, MT, NL, PL, PT, RO, SK, SL, FI, SV)",In force,32024R1389,"BG, ES, CS, DA, DE, ET, EL, EN, FR, GA, HR, IT, LV, LT, HU, MT, NL, PL, PT, RO, SK, SL, FI, SV",Delegated regulation,"European Commission, Directorate-General for Maritime Affairs and Fisheries",12/03/2024; Date of adoption,https://eur-lex.europa.eu/legal-content/AUTO/?uri=CELEX:32024R1389,551,,
"Commission Implementing Regulation (EU) 2024/2185 of 3 September 2024 concerning the authorisation of a preparation of Bacillus subtilis FERM BP-07462, Enterococcus lactis FERM BP-10867 and Clostridium butyricum FERM BP-10866 as a feed additive for all poultry species for fattening, all poultry species reared for laying or breeding and ornamental birds (holder of authorisation: Toa Biopharma Co., Ltd.)",C/2024/5963,"OJ L, 2024/2185,  4.9.2024, ELI:http://data.europa.eu/eli/reg_impl/2024/2185/oj(BG, ES, CS, DA, DE, ET, EL, EN, FR, GA, HR, IT, LV, LT, HU, MT, NL, PL, PT, RO, SK, SL, FI, SV)",In force,32024R2185,"BG, ES, CS, DA, DE, ET, EL, EN, FR, GA, HR, IT, LV, LT, HU, MT, NL, PL, PT, RO, SK, SL, FI, SV",Implementing regulation,"European Commission, Directorate-General for Health and Food Safety",03/09/2024; Date of adoption,https://eur-lex.europa.eu/legal-content/AUTO/?uri=CELEX:32024R2185,552,,
Commission Implementing Regulation (EU) 2024/1057 of 10 April 2024 concerning the authorisation of a preparation of 6-phytase produced by Komagataella phaffii CGMCC 7.19 as a feed additive for all poultry species for fattening or reared for laying and ornamental birds (holder of authorisation: Nutrex N.V.),C/2024/2292,"OJ L, 2024/1057,  11.4.2024, ELI:http://data.europa.eu/eli/reg_impl/2024/1057/oj(BG, ES, CS, DA, DE, ET, EL, EN, FR, GA, HR, IT, LV, LT, HU, MT, NL, PL, PT, RO, SK, SL, FI, SV)",In force,32024R1057,"BG, ES, CS, DA, DE, ET, EL, EN, FR, GA, HR, IT, LV, LT, HU, MT, NL, PL, PT, RO, SK, SL, FI, SV",Implementing regulation,"European Commission, Directorate-General for Health and Food Safety",10/04/2024; Date of adoption,https://eur-lex.europa.eu/legal-content/AUTO/?uri=CELEX:32024R1057,552,,
"Commission Delegated Regulation (EU) 2025/656 of 2 April 2025 amending Regulation (EU) 2023/1804 of the European Parliament and of the Council as regards standards for wireless recharging, electric road system, vehicle-to-grid communication and hydrogen supply for road transport vehicles",C/2025/1918,"OJ L, 2025/656,  18.6.2025, ELI:http://data.europa.eu/eli/reg_del/2025/656/oj(BG, ES, CS, DA, DE, ET, EL, EN, FR, GA, HR, IT, LV, LT, HU, MT, NL, PL, PT, RO, SK, SL, FI, SV)",In force,32025R0656,"BG, ES, CS, DA, DE, ET, EL, EN, FR, GA, HR, IT, LV, LT, HU, MT, NL, PL, PT, RO, SK, SL, FI, SV",Delegated regulation,"European Commission, Directorate-General for Mobility and Transport",02/04/2025; Date of adoption,https://eur-lex.europa.eu/legal-content/AUTO/?uri=CELEX:32025R0656,554,,
"Regulation (EU) 2024/2865 of the European Parliament and of the Council of 23 October 2024 amending Regulation (EC) No 1272/2008 on classification, labelling and packaging of substances and mixtures (Text with EEA relevance)",PE/108/2023/REV/1,"OJ L, 2024/2865,  20.11.2024, ELI:http://data.europa.eu/eli/reg/2024/2865/oj(BG, ES, CS, DA, DE, ET, EL, EN, FR, GA, HR, IT, LV, LT, HU, MT, NL, PL, PT, RO, SK, SL, FI, SV)",In force,32024R2865,"BG, ES, CS, DA, DE, ET, EL, EN, FR, GA, HR, IT, LV, LT, HU, MT, NL, PL, PT, RO, SK, SL, FI, SV",Regulation,"European Parliament, Council of the European Union",23/10/2024,https://eur-lex.europa.eu/legal-content/AUTO/?uri=CELEX:32024R2865,561,,
"Regulation (EU) 2024/1849 of the European Parliament and of the Council of 13 June 2024 amending Regulation (EU) 2017/852 on mercury as regards dental amalgam and other mercury-added products subject to export, import and manufacturing restrictions (Text with EEA relevance)",PE/53/2024/REV/1,"OJ L, 2024/1849,  10.7.2024, ELI:http://data.europa.eu/eli/reg/2024/1849/oj(BG, ES, CS, DA, DE, ET, EL, EN, FR, GA, HR, IT, LV, LT, HU, MT, NL, PL, PT, RO, SK, SL, FI, SV)",In force,32024R1849,"BG, ES, CS, DA, DE, ET, EL, EN, FR, GA, HR, IT, LV, LT, HU, MT, NL, PL, PT, RO, SK, SL, FI, SV",Regulation,"European Parliament, Council of the European Union",13/06/2024,https://eur-lex.europa.eu/legal-content/AUTO/?uri=CELEX:32024R1849,561,,
"Commission Implementing Regulation (EU) 2025/1260 of 26 June 2025 approving peracetic acid generated from 1,3-diacetyloxypropan-2-yl acetate and hydrogen peroxide as an existing active substance for use in biocidal products of product-type 2 in accordance with Regulation (EU) No 528/2012 of the European Parliament and of the Council",C/2025/4007,"OJ L, 2025/1260,  27.6.2025, ELI:http://data.europa.eu/eli/reg_impl/2025/1260/oj(BG, ES, CS, DA, DE, ET, EL, EN, FR, GA, HR, IT, LV, LT, HU, MT, NL, PL, PT, RO, SK, SL, FI, SV)",In force,32025R1260,"BG, ES, CS, DA, DE, ET, EL, EN, FR, GA, HR, IT, LV, LT, HU, MT, NL, PL, PT, RO, SK, SL, FI, SV",Implementing regulation,"European Commission, Directorate-General for Health and Food Safety",26/06/2025; Date of adoption,https://eur-lex.europa.eu/legal-content/AUTO/?uri=CELEX:32025R1260,563,,
Commission Implementing Regulation (EU) 2025/1116 of 12 June 2025 granting a Union authorisation for the biocidal product family PAA family UCO Group in accordance with Regulation (EU) No 528/2012 of the European Parliament and of the Council,C/2025/3646,"OJ L, 2025/1116,  18.6.2025, ELI:http://data.europa.eu/eli/reg_impl/2025/1116/oj(BG, ES, CS, DA, DE, ET, EL, EN, FR, GA, HR, IT, LV, LT, HU, MT, NL, PL, PT, RO, SK, SL, FI, SV)",In force,32025R1116,"BG, ES, CS, DA, DE, ET, EL, EN, FR, GA, HR, IT, LV, LT, HU, MT, NL, PL, PT, RO, SK, SL, FI, SV",Implementing regulation,"European Commission, Directorate-General for Health and Food Safety",12/06/2025; Date of adoption,https://eur-lex.europa.eu/legal-content/AUTO/?uri=CELEX:32025R1116,563,,
Commission Implementing Decision (EU) 2025/1074 of 2 June 2025 not approving ethylene oxide as an existing active substance for use in biocidal products of product-type 2 in accordance with Regulation (EU) No 528/2012 of the European Parliament and of the Council,C/2025/3323,"OJ L, 2025/1074,  3.6.2025, ELI:http://data.europa.eu/eli/dec_impl/2025/1074/oj(BG, ES, CS, DA, DE, ET, EL, EN, FR, GA, HR, IT, LV, LT, HU, MT, NL, PL, PT, RO, SK, SL, FI, SV)",In force,32025D1074,"BG, ES, CS, DA, DE, ET, EL, EN, FR, GA, HR, IT, LV, LT, HU, MT, NL, PL, PT, RO, SK, SL, FI, SV",Implementing decision,"European Commission, Directorate-General for Health and Food Safety",02/06/2025; Date of adoption,https://eur-lex.europa.eu/legal-content/AUTO/?uri=CELEX:32025D1074,563,,
Commission Implementing Regulation (EU) 2025/455 of 7 March 2025 granting a Union authorisation for the single biocidal product SatPax® 70/30 IPA in accordance with Regulation (EU) No 528/2012 of the European Parliament and of the Council,C/2025/1390,"OJ L, 2025/455,  10.3.2025, ELI:http://data.europa.eu/eli/reg_impl/2025/455/oj(BG, ES, CS, DA, DE, ET, EL, EN, FR, GA, HR, IT, LV, LT, HU, MT, NL, PL, PT, RO, SK, SL, FI, SV)",In force,32025R0455,"BG, ES, CS, DA, DE, ET, EL, EN, FR, GA, HR, IT, LV, LT, HU, MT, NL, PL, PT, RO, SK, SL, FI, SV",Implementing regulation,"European Commission, Directorate-General for Health and Food Safety",07/03/2025; Date of adoption,https://eur-lex.europa.eu/legal-content/AUTO/?uri=CELEX:32025R0455,563,,
Commission Implementing Regulation (EU) 2024/2405 of 12 September 2024 cancelling the Union authorisation for the single biocidal product SchwabEX-Guard in accordance with Regulation (EU) No 528/2012 of the European Parliament and of the Council and repealing Commission Implementing Regulation (EU) 2022/114,C/2024/6371,"OJ L, 2024/2405,  13.9.2024, ELI:http://data.europa.eu/eli/reg_impl/2024/2405/oj(BG, ES, CS, DA, DE, ET, EL, EN, FR, GA, HR, IT, LV, LT, HU, MT, NL, PL, PT, RO, SK, SL, FI, SV)",In force,32024R2405,"BG, ES, CS, DA, DE, ET, EL, EN, FR, GA, HR, IT, LV, LT, HU, MT, NL, PL, PT, RO, SK, SL, FI, SV",Implementing regulation,"European Commission, Directorate-General for Health and Food Safety",12/09/2024; Date of adoption,https://eur-lex.europa.eu/legal-content/AUTO/?uri=CELEX:32024R2405,563,,
Commission Implementing Regulation (EU) 2024/2175 of 3 September 2024 granting a Union authorisation for the biocidal product family Contec Calcium Hypochlorite Product Family in accordance with Regulation (EU) No 528/2012 of the European Parliament and of the Council,C/2024/5991,"OJ L, 2024/2175,  4.9.2024, ELI:http://data.europa.eu/eli/reg_impl/2024/2175/oj(BG, ES, CS, DA, DE, ET, EL, EN, FR, GA, HR, IT, LV, LT, HU, MT, NL, PL, PT, RO, SK, SL, FI, SV)",In force,32024R2175,"BG, ES, CS, DA, DE, ET, EL, EN, FR, GA, HR, IT, LV, LT, HU, MT, NL, PL, PT, RO, SK, SL, FI, SV",Implementing regulation,"European Commission, Directorate-General for Health and Food Safety",03/09/2024; Date of adoption,https://eur-lex.europa.eu/legal-content/AUTO/?uri=CELEX:32024R2175,563,,
Commission Regulation (EU) 2024/2711 of 22 October 2024 amending Annexes II and V to Regulation (EC) No 396/2005 of the European Parliament and of the Council as regards maximum residue levels for thiacloprid in or on certain products,C/2024/7269,"OJ L, 2024/2711,  23.10.2024, ELI:http://data.europa.eu/eli/reg/2024/2711/oj(BG, ES, CS, DA, DE, ET, EL, EN, FR, GA, HR, IT, LV, LT, HU, MT, NL, PL, PT, RO, SK, SL, FI, SV)",In force,32024R2711,"BG, ES, CS, DA, DE, ET, EL, EN, FR, GA, HR, IT, LV, LT, HU, MT, NL, PL, PT, RO, SK, SL, FI, SV",Regulation,"European Commission, Directorate-General for Health and Food Safety",22/10/2024; Date of adoption,https://eur-lex.europa.eu/legal-content/AUTO/?uri=CELEX:32024R2711,565,,
"Commission Implementing Regulation (EU) 2025/833 of 5 May 2025 renewing the approval of the active substance lenacil in accordance with Regulation (EC) No 1107/2009 of the European Parliament and of the Council, and amending Commission Implementing Regulations (EU) No 540/2011 and (EU) 2015/408",C/2025/2583,"OJ L, 2025/833,  6.5.2025, ELI:http://data.europa.eu/eli/reg_impl/2025/833/oj(BG, ES, CS, DA, DE, ET, EL, EN, FR, GA, HR, IT, LV, LT, HU, MT, NL, PL, PT, RO, SK, SL, FI, SV)",In force,32025R0833,"BG, ES, CS, DA, DE, ET, EL, EN, FR, GA, HR, IT, LV, LT, HU, MT, NL, PL, PT, RO, SK, SL, FI, SV",Implementing regulation,"European Commission, Directorate-General for Health and Food Safety",05/05/2025; Date of adoption,https://eur-lex.europa.eu/legal-content/AUTO/?uri=CELEX:32025R0833,572,,
Commission Implementing Regulation (EU) 2025/89 of 20 January 2025 authorising the placing on the market of UV-treated powder of whole Tenebrio molitor larvae (yellow mealworm) as a novel food and amending Implementing Regulation (EU) 2017/2470,C/2025/172,"OJ L, 2025/89,  21.1.2025, ELI:http://data.europa.eu/eli/reg_impl/2025/89/oj(BG, ES, CS, DA, DE, ET, EL, EN, FR, GA, HR, IT, LV, LT, HU, MT, NL, PL, PT, RO, SK, SL, FI, SV)",In force,32025R0089,"BG, ES, CS, DA, DE, ET, EL, EN, FR, GA, HR, IT, LV, LT, HU, MT, NL, PL, PT, RO, SK, SL, FI, SV",Implementing regulation,"European Commission, Directorate-General for Health and Food Safety",20/01/2025; Date of adoption,https://eur-lex.europa.eu/legal-content/AUTO/?uri=CELEX:32025R0089,575,,
"Commission Implementing Decision (EU) 2024/1278 of 8 May 2024 postponing the expiry date of the approval of hydrogen cyanide for use in biocidal products of product-types 8, 14 and 18 in accordance with Regulation (EU) No 528/2012 of the European Parliament and of the Council",C/2024/2966,"OJ L, 2024/1278,  13.5.2024, ELI:http://data.europa.eu/eli/dec_impl/2024/1278/oj(BG, ES, CS, DA, DE, ET, EL, EN, FR, GA, HR, IT, LV, LT, HU, MT, NL, PL, PT, RO, SK, SL, FI, SV)",In force,32024D1278,"BG, ES, CS, DA, DE, ET, EL, EN, FR, GA, HR, IT, LV, LT, HU, MT, NL, PL, PT, RO, SK, SL, FI, SV",Implementing decision,"European Commission, Directorate-General for Health and Food Safety",08/05/2024; Date of adoption,https://eur-lex.europa.eu/legal-content/AUTO/?uri=CELEX:32024D1278,575,,
Commission Implementing Regulation (EU) 2025/89 of 20 January 2025 authorising the placing on the market of UV-treated powder of whole Tenebrio molitor larvae (yellow mealworm) as a novel food and amending Implementing Regulation (EU) 2017/2470,C/2025/172,"OJ L, 2025/89,  21.1.2025, ELI:http://data.europa.eu/eli/reg_impl/2025/89/oj(BG, ES, CS, DA, DE, ET, EL, EN, FR, GA, HR, IT, LV, LT, HU, MT, NL, PL, PT, RO, SK, SL, FI, SV)",In force,32025R0089,"BG, ES, CS, DA, DE, ET, EL, EN, FR, GA, HR, IT, LV, LT, HU, MT, NL, PL, PT, RO, SK, SL, FI, SV",Implementing regulation,"European Commission, Directorate-General for Health and Food Safety",20/01/2025; Date of adoption,https://eur-lex.europa.eu/legal-content/AUTO/?uri=CELEX:32025R0089,578,,
"Commission Implementing Decision (EU) 2024/1278 of 8 May 2024 postponing the expiry date of the approval of hydrogen cyanide for use in biocidal products of product-types 8, 14 and 18 in accordance with Regulation (EU) No 528/2012 of the European Parliament and of the Council",C/2024/2966,"OJ L, 2024/1278,  13.5.2024, ELI:http://data.europa.eu/eli/dec_impl/2024/1278/oj(BG, ES, CS, DA, DE, ET, EL, EN, FR, GA, HR, IT, LV, LT, HU, MT, NL, PL, PT, RO, SK, SL, FI, SV)",In force,32024D1278,"BG, ES, CS, DA, DE, ET, EL, EN, FR, GA, HR, IT, LV, LT, HU, MT, NL, PL, PT, RO, SK, SL, FI, SV",Implementing decision,"European Commission, Directorate-General for Health and Food Safety",08/05/2024; Date of adoption,https://eur-lex.europa.eu/legal-content/AUTO/?uri=CELEX:32024D1278,578,,
Directive (EU) 2025/1892 of the European Parliament and of the Council of 10 September 2025 amending Directive 2008/98/EC on waste (Text with EEA relevance),PE/29/2025/INIT,"OJ L, 2025/1892,  26.9.2025, ELI:http://data.europa.eu/eli/dir/2025/1892/oj(BG, ES, CS, DA, DE, ET, EL, EN, FR, GA, HR, IT, LV, LT, HU, MT, NL, PL, PT, RO, SK, SL, FI, SV)",In force,32025L1892,"BG, ES, CS, DA, DE, ET, EL, EN, FR, GA, HR, IT, LV, LT, HU, MT, NL, PL, PT, RO, SK, SL, FI, SV",Directive,"European Parliament, Council of the European Union",10/09/2025,https://eur-lex.europa.eu/legal-content/AUTO/?uri=CELEX:32025L1892,586,,
"Commission Implementing Decision (EU) 2025/1040 of 16 May 2025 on the inconsistency of certain performance targets included in the draft national and functional airspace block performance plans submitted by Belgium, Denmark, Germany, Estonia, Ireland, Greece, France, Latvia, Luxembourg, the Netherlands and Slovakia pursuant to Regulation (EC) No 549/2004 of the European Parliament and of the Council with the Union-wide performance targets for the fourth reference period of the Single European Sky performance and charging scheme (notified under document C(2025) 2930)",C/2025/2930,"OJ L, 2025/1040,  23.5.2025, ELI:http://data.europa.eu/eli/dec_impl/2025/1040/oj(BG, ES, CS, DA, DE, ET, EL, EN, FR, GA, HR, IT, LV, LT, HU, MT, NL, PL, PT, RO, SK, SL, FI, SV)",In force,32025D1040,"BG, ES, CS, DA, DE, ET, EL, EN, FR, GA, HR, IT, LV, LT, HU, MT, NL, PL, PT, RO, SK, SL, FI, SV",Implementing decision,"European Commission, Directorate-General for Mobility and Transport",16/05/2025; Date of adoption,https://eur-lex.europa.eu/legal-content/AUTO/?uri=CELEX:32025D1040,586,,
Directive (EU) 2024/3017 of the European Parliament and of the Council of 27 November 2024 amending Directive 2009/18/EC of the European Parliament and of the Council establishing the fundamental principles governing the investigation of accidents in the maritime transport sector and repealing Commission Regulation (EU) No 1286/2011 (Text with EEA relevance),PE/90/2024/REV/1,"OJ L, 2024/3017,  6.12.2024, ELI:http://data.europa.eu/eli/dir/2024/3017/oj(BG, ES, CS, DA, DE, ET, EL, EN, FR, GA, HR, IT, LV, LT, HU, MT, NL, PL, PT, RO, SK, SL, FI, SV)",In force,32024L3017,"BG, ES, CS, DA, DE, ET, EL, EN, FR, GA, HR, IT, LV, LT, HU, MT, NL, PL, PT, RO, SK, SL, FI, SV",Directive,"European Parliament, Council of the European Union",27/11/2024,https://eur-lex.europa.eu/legal-content/AUTO/?uri=CELEX:32024L3017,586,,
Regulation (EU) 2024/3024 of the European Parliament and of the Council of 27 November 2024 amending Regulation (EU) No 691/2011 as regards introducing new environmental economic account modules (Text with EEA relevance),PE/31/2024/REV/1,"OJ L, 2024/3024,  6.12.2024, ELI:http://data.europa.eu/eli/reg/2024/3024/oj(BG, ES, CS, DA, DE, ET, EL, EN, FR, GA, HR, IT, LV, LT, HU, MT, NL, PL, PT, RO, SK, SL, FI, SV)",In force,32024R3024,"BG, ES, CS, DA, DE, ET, EL, EN, FR, GA, HR, IT, LV, LT, HU, MT, NL, PL, PT, RO, SK, SL, FI, SV",Regulation,"European Parliament, Council of the European Union",27/11/2024,https://eur-lex.europa.eu/legal-content/AUTO/?uri=CELEX:32024R3024,586,,
Decision (ΕU) 2024/2829 of the European Parliament and of the Council of 23 October 2024 amending Directive 2007/2/EC as regards certain reporting requirements for infrastructures for spatial information (Text with EEA relevance),PE/84/2024/REV/1,"OJ L, 2024/2829,  6.11.2024, ELI:http://data.europa.eu/eli/dec/2024/2829/oj(BG, ES, CS, DA, DE, ET, EL, EN, FR, GA, HR, IT, LV, LT, HU, MT, NL, PL, PT, RO, SK, SL, FI, SV)",In force,32024D2829,"BG, ES, CS, DA, DE, ET, EL, EN, FR, GA, HR, IT, LV, LT, HU, MT, NL, PL, PT, RO, SK, SL, FI, SV",Decision,"European Parliament, Council of the European Union",23/10/2024,https://eur-lex.europa.eu/legal-content/AUTO/?uri=CELEX:32024D2829,586,,
Commission Implementing Decision (EU) 2024/1688 of 12 June 2024 setting Union-wide performance targets for the air traffic management network for the fourth reference period from 1 January 2025 to 31 December 2029,C/2024/4006,"OJ L, 2024/1688,  17.6.2024, ELI:http://data.europa.eu/eli/dec_impl/2024/1688/oj(BG, ES, CS, DA, DE, ET, EL, EN, FR, GA, HR, IT, LV, LT, HU, MT, NL, PL, PT, RO, SK, SL, FI, SV)",In force,32024D1688,"BG, ES, CS, DA, DE, ET, EL, EN, FR, GA, HR, IT, LV, LT, HU, MT, NL, PL, PT, RO, SK, SL, FI, SV",Implementing decision,"European Commission, Directorate-General for Mobility and Transport",12/06/2024; Date of adoption,https://eur-lex.europa.eu/legal-content/AUTO/?uri=CELEX:32024D1688,586,,
Commission Implementing Decision (EU) 2025/1100 of 23 May 2025 adopting guidelines for the implementation of certain selection criteria for net-zero strategic projects laid down in Article 13 of Regulation (EU) 2024/1735 of the European Parliament and of the Council,C/2025/9035,"OJ L, 2025/1100,  18.6.2025, ELI:http://data.europa.eu/eli/dec_impl/2025/1100/oj(BG, ES, CS, DA, DE, ET, EL, EN, FR, GA, HR, IT, LV, LT, HU, MT, NL, PL, PT, RO, SK, SL, FI, SV)",In force,32025D1100,"BG, ES, CS, DA, DE, ET, EL, EN, FR, GA, HR, IT, LV, LT, HU, MT, NL, PL, PT, RO, SK, SL, FI, SV",Implementing decision,"European Commission, Directorate-General for Internal Market, Industry, Entrepreneurship and SMEs",23/05/2025; Date of adoption,https://eur-lex.europa.eu/legal-content/AUTO/?uri=CELEX:32025D1100,594,,
Commission Implementing Regulation (EU) 2025/1176 of 23 May 2025 specifying the pre-qualification and award criteria for auctions for the deployment of energy from renewable sources,C/2025/2900,"OJ L, 2025/1176,  18.6.2025, ELI:http://data.europa.eu/eli/reg_impl/2025/1176/oj(BG, ES, CS, DA, DE, ET, EL, EN, FR, GA, HR, IT, LV, LT, HU, MT, NL, PL, PT, RO, SK, SL, FI, SV)",In force,32025R1176,"BG, ES, CS, DA, DE, ET, EL, EN, FR, GA, HR, IT, LV, LT, HU, MT, NL, PL, PT, RO, SK, SL, FI, SV",Implementing regulation,"European Commission, Directorate-General for Energy",23/05/2025; Date of adoption,https://eur-lex.europa.eu/legal-content/AUTO/?uri=CELEX:32025R1176,594,,
Commission Implementing Decision (EU) 2025/1262 of 27 June 2025 on the non-approval of certain active substances for use in biocidal products in accordance with Regulation (EU) No 528/2012 of the European Parliament and of the Council,C/2025/4027,"OJ L, 2025/1262,  1.7.2025, ELI:http://data.europa.eu/eli/dec_impl/2025/1262/oj(BG, ES, CS, DA, DE, ET, EL, EN, FR, GA, HR, IT, LV, LT, HU, MT, NL, PL, PT, RO, SK, SL, FI, SV)",In force,32025D1262,"BG, ES, CS, DA, DE, ET, EL, EN, FR, GA, HR, IT, LV, LT, HU, MT, NL, PL, PT, RO, SK, SL, FI, SV",Implementing decision,"European Commission, Directorate-General for Health and Food Safety",27/06/2025; Date of adoption,https://eur-lex.europa.eu/legal-content/AUTO/?uri=CELEX:32025D1262,595,,
Commission Implementing Regulation (EU) 2025/1196 of 18 June 2025 cancelling the Union authorisation for the single biocidal product Nordkalk Filtra G in accordance with Regulation (EU) No 528/2012 of the European Parliament and of the Council and repealing Commission Implementing Regulation (EU) 2024/2400,C/2025/3774,"OJ L, 2025/1196,  19.6.2025, ELI:http://data.europa.eu/eli/reg_impl/2025/1196/oj(BG, ES, CS, DA, DE, ET, EL, EN, FR, GA, HR, IT, LV, LT, HU, MT, NL, PL, PT, RO, SK, SL, FI, SV)",In force,32025R1196,"BG, ES, CS, DA, DE, ET, EL, EN, FR, GA, HR, IT, LV, LT, HU, MT, NL, PL, PT, RO, SK, SL, FI, SV",Implementing regulation,"European Commission, Directorate-General for Health and Food Safety",18/06/2025; Date of adoption,https://eur-lex.europa.eu/legal-content/AUTO/?uri=CELEX:32025R1196,595,,
Commission Implementing Regulation (EU) 2025/1171 of 16 June 2025 granting a Union authorisation for the biocidal product family PRODHYNET’s Lactic acid based products in accordance with Regulation (EU) No 528/2012 of the European Parliament and of the Council,C/2025/3731,"OJ L, 2025/1171,  17.6.2025, ELI:http://data.europa.eu/eli/reg_impl/2025/1171/oj(BG, ES, CS, DA, DE, ET, EL, EN, FR, GA, HR, IT, LV, LT, HU, MT, NL, PL, PT, RO, SK, SL, FI, SV)",In force,32025R1171,"BG, ES, CS, DA, DE, ET, EL, EN, FR, GA, HR, IT, LV, LT, HU, MT, NL, PL, PT, RO, SK, SL, FI, SV",Implementing regulation,"European Commission, Directorate-General for Health and Food Safety",16/06/2025; Date of adoption,https://eur-lex.europa.eu/legal-content/AUTO/?uri=CELEX:32025R1171,595,,
Commission Implementing Regulation (EU) 2025/1019 of 26 May 2025 granting a Union authorisation for the biocidal product family Lactic Acid Teatdip Products in accordance with Regulation (EU) No 528/2012 of the European Parliament and of the Council,C/2025/3203,"OJ L, 2025/1019,  27.5.2025, ELI:http://data.europa.eu/eli/reg_impl/2025/1019/oj(BG, ES, CS, DA, DE, ET, EL, EN, FR, GA, HR, IT, LV, LT, HU, MT, NL, PL, PT, RO, SK, SL, FI, SV)",In force,32025R1019,"BG, ES, CS, DA, DE, ET, EL, EN, FR, GA, HR, IT, LV, LT, HU, MT, NL, PL, PT, RO, SK, SL, FI, SV",Implementing regulation,"European Commission, Directorate-General for Health and Food Safety",26/05/2025; Date of adoption,https://eur-lex.europa.eu/legal-content/AUTO/?uri=CELEX:32025R1019,595,,
Commission Implementing Decision (EU) 2025/945 of 22 May 2025 postponing the expiry date of the approval of nonanoic acid for use in biocidal products of product-type 2 in accordance with Regulation (EU) No 528/2012 of the European Parliament and of the Council,C/2025/3122,"OJ L, 2025/945,  23.5.2025, ELI:http://data.europa.eu/eli/dec_impl/2025/945/oj(BG, ES, CS, DA, DE, ET, EL, EN, FR, GA, HR, IT, LV, LT, HU, MT, NL, PL, PT, RO, SK, SL, FI, SV)",In force,32025D0945,"BG, ES, CS, DA, DE, ET, EL, EN, FR, GA, HR, IT, LV, LT, HU, MT, NL, PL, PT, RO, SK, SL, FI, SV",Implementing decision,"European Commission, Directorate-General for Health and Food Safety",22/05/2025; Date of adoption,https://eur-lex.europa.eu/legal-content/AUTO/?uri=CELEX:32025D0945,595,,
Commission Implementing Regulation (EU) 2025/839 of 5 May 2025 granting a Union authorisation for the biocidal product family Oxivir Excel BPF in accordance with Regulation (EU) No 528/2012 of the European Parliament and of the Council,C/2025/2578,"OJ L, 2025/839,  6.5.2025, ELI:http://data.europa.eu/eli/reg_impl/2025/839/oj(BG, ES, CS, DA, DE, ET, EL, EN, FR, GA, HR, IT, LV, LT, HU, MT, NL, PL, PT, RO, SK, SL, FI, SV)",In force,32025R0839,"BG, ES, CS, DA, DE, ET, EL, EN, FR, GA, HR, IT, LV, LT, HU, MT, NL, PL, PT, RO, SK, SL, FI, SV",Implementing regulation,"European Commission, Directorate-General for Health and Food Safety",05/05/2025; Date of adoption,https://eur-lex.europa.eu/legal-content/AUTO/?uri=CELEX:32025R0839,595,,
Commission Implementing Regulation (EU) 2025/534 of 21 March 2025 amending Implementing Regulation (EU) 2022/1226 as regards administrative changes to the Union authorisation for the single biocidal product Bioquell HPV-AQ,C/2025/1679,"OJ L, 2025/534,  25.3.2025, ELI:http://data.europa.eu/eli/reg_impl/2025/534/oj(BG, ES, CS, DA, DE, ET, EL, EN, FR, GA, HR, IT, LV, LT, HU, MT, NL, PL, PT, RO, SK, SL, FI, SV)",In force,32025R0534,"BG, ES, CS, DA, DE, ET, EL, EN, FR, GA, HR, IT, LV, LT, HU, MT, NL, PL, PT, RO, SK, SL, FI, SV",Implementing regulation,"European Commission, Directorate-General for Health and Food Safety",21/03/2025; Date of adoption,https://eur-lex.europa.eu/legal-content/AUTO/?uri=CELEX:32025R0534,595,,
Commission Implementing Regulation (EU) 2025/524 of 20 March 2025 granting a Union authorisation for the biocidal product family Sodium hypochlorite Liquid disinfectant biocidal product family in accordance with Regulation (EU) No 528/2012 of the European Parliament and of the Council,C/2025/1645,"OJ L, 2025/524,  24.3.2025, ELI:http://data.europa.eu/eli/reg_impl/2025/524/oj(BG, ES, CS, DA, DE, ET, EL, EN, FR, GA, HR, IT, LV, LT, HU, MT, NL, PL, PT, RO, SK, SL, FI, SV)",In force,32025R0524,"BG, ES, CS, DA, DE, ET, EL, EN, FR, GA, HR, IT, LV, LT, HU, MT, NL, PL, PT, RO, SK, SL, FI, SV",Implementing regulation,"European Commission, Directorate-General for Health and Food Safety",20/03/2025; Date of adoption,https://eur-lex.europa.eu/legal-content/AUTO/?uri=CELEX:32025R0524,595,,
Commission Implementing Decision (EU) 2025/432 of 5 March 2025 postponing the expiry date of the approval of copper sulphate pentahydrate for use in biocidal products of product-type 2 in accordance with Regulation (EU) No 528/2012 of the European Parliament and of the Council,C/2025/1329,"OJ L, 2025/432,  6.3.2025, ELI:http://data.europa.eu/eli/dec_impl/2025/432/oj(BG, ES, CS, DA, DE, ET, EL, EN, FR, GA, HR, IT, LV, LT, HU, MT, NL, PL, PT, RO, SK, SL, FI, SV)",In force,32025D0432,"BG, ES, CS, DA, DE, ET, EL, EN, FR, GA, HR, IT, LV, LT, HU, MT, NL, PL, PT, RO, SK, SL, FI, SV",Implementing decision,"European Commission, Directorate-General for Health and Food Safety",05/03/2025; Date of adoption,https://eur-lex.europa.eu/legal-content/AUTO/?uri=CELEX:32025D0432,595,,
Commission Implementing Regulation (EU) 2024/2863 of 12 November 2024 granting a Union authorisation for the biocidal product family Teat disinfectants L-(+)-lactic acid based biocidal product family of Novadan in accordance with Regulation (EU) No 528/2012 of the European Parliament and of the Council,C/2024/7775,"OJ L, 2024/2863,  13.11.2024, ELI:http://data.europa.eu/eli/reg_impl/2024/2863/oj(BG, ES, CS, DA, DE, ET, EL, EN, FR, GA, HR, IT, LV, LT, HU, MT, NL, PL, PT, RO, SK, SL, FI, SV)",In force,32024R2863,"BG, ES, CS, DA, DE, ET, EL, EN, FR, GA, HR, IT, LV, LT, HU, MT, NL, PL, PT, RO, SK, SL, FI, SV",Implementing regulation,"European Commission, Directorate-General for Health and Food Safety",12/11/2024; Date of adoption,https://eur-lex.europa.eu/legal-content/AUTO/?uri=CELEX:32024R2863,595,,
"Commission Implementing Regulation (EU) 2024/2635 of 3 October 2024 approving silver zinc zeolite as an existing active substance for use in biocidal products of product-types 2, 7 and 9 in accordance with Regulation (EU) No 528/2012 of the European Parliament and of the Council",C/2024/6783,"OJ L, 2024/2635,  4.10.2024, ELI:http://data.europa.eu/eli/reg_impl/2024/2635/oj(BG, ES, CS, DA, DE, ET, EL, EN, FR, GA, HR, IT, LV, LT, HU, MT, NL, PL, PT, RO, SK, SL, FI, SV)",In force,32024R2635,"BG, ES, CS, DA, DE, ET, EL, EN, FR, GA, HR, IT, LV, LT, HU, MT, NL, PL, PT, RO, SK, SL, FI, SV",Implementing regulation,"European Commission, Directorate-General for Health and Food Safety",03/10/2024; Date of adoption,https://eur-lex.europa.eu/legal-content/AUTO/?uri=CELEX:32024R2635,596,,
Commission Implementing Regulation (EU) 2024/2432 of 16 September 2024 granting a Union authorisation for the biocidal product family Diversey Hydrogen Peroxide Product Family in accordance with Regulation (EU) No 528/2012 of the European Parliament and of the Council,C/2024/6431,"OJ L, 2024/2432,  17.9.2024, ELI:http://data.europa.eu/eli/reg_impl/2024/2432/oj(BG, ES, CS, DA, DE, ET, EL, EN, FR, GA, HR, IT, LV, LT, HU, MT, NL, PL, PT, RO, SK, SL, FI, SV)",In force,32024R2432,"BG, ES, CS, DA, DE, ET, EL, EN, FR, GA, HR, IT, LV, LT, HU, MT, NL, PL, PT, RO, SK, SL, FI, SV",Implementing regulation,"European Commission, Directorate-General for Health and Food Safety",16/09/2024; Date of adoption,https://eur-lex.europa.eu/legal-content/AUTO/?uri=CELEX:32024R2432,596,,
Commission Implementing Regulation (EU) 2024/2430 of 16 September 2024 granting a Union authorisation for the single biocidal product EuLA Ca(OH)2 template in accordance with Regulation (EU) No 528/2012 of the European Parliament and of the Council,C/2024/6437,"OJ L, 2024/2430,  17.9.2024, ELI:http://data.europa.eu/eli/reg_impl/2024/2430/oj(BG, ES, CS, DA, DE, ET, EL, EN, FR, GA, HR, IT, LV, LT, HU, MT, NL, PL, PT, RO, SK, SL, FI, SV)",In force,32024R2430,"BG, ES, CS, DA, DE, ET, EL, EN, FR, GA, HR, IT, LV, LT, HU, MT, NL, PL, PT, RO, SK, SL, FI, SV",Implementing regulation,"European Commission, Directorate-General for Health and Food Safety",16/09/2024; Date of adoption,https://eur-lex.europa.eu/legal-content/AUTO/?uri=CELEX:32024R2430,596,,
Commission Implementing Regulation (EU) 2024/2419 of 13 September 2024 granting a Union authorisation for the single biocidal product Soft Care Med H5 in accordance with Regulation (EU) No 528/2012 of the European Parliament and of the Council,C/2024/6408,"OJ L, 2024/2419,  16.9.2024, ELI:http://data.europa.eu/eli/reg_impl/2024/2419/oj(BG, ES, CS, DA, DE, ET, EL, EN, FR, GA, HR, IT, LV, LT, HU, MT, NL, PL, PT, RO, SK, SL, FI, SV)",In force,32024R2419,"BG, ES, CS, DA, DE, ET, EL, EN, FR, GA, HR, IT, LV, LT, HU, MT, NL, PL, PT, RO, SK, SL, FI, SV",Implementing regulation,"European Commission, Directorate-General for Health and Food Safety",13/09/2024; Date of adoption,https://eur-lex.europa.eu/legal-content/AUTO/?uri=CELEX:32024R2419,596,,
Commission Implementing Decision (EU) 2024/2421 of 13 September 2024 postponing the expiry date of the approval of formaldehyde for use in biocidal products of product-types 2 and 3 in accordance with Regulation (EU) No 528/2012 of the European Parliament and of the Council,C/2024/6414,"OJ L, 2024/2421,  16.9.2024, ELI:http://data.europa.eu/eli/dec_impl/2024/2421/oj(BG, ES, CS, DA, DE, ET, EL, EN, FR, GA, HR, IT, LV, LT, HU, MT, NL, PL, PT, RO, SK, SL, FI, SV)",In force,32024D2421,"BG, ES, CS, DA, DE, ET, EL, EN, FR, GA, HR, IT, LV, LT, HU, MT, NL, PL, PT, RO, SK, SL, FI, SV",Implementing decision,"European Commission, Directorate-General for Health and Food Safety",13/09/2024; Date of adoption,https://eur-lex.europa.eu/legal-content/AUTO/?uri=CELEX:32024D2421,596,,
Commission Implementing Regulation (EU) 2024/2424 of 13 September 2024 granting a Union authorisation for the single biocidal product SANICALCO S in accordance with Regulation (EU) No 528/2012 of the European Parliament and of the Council,C/2024/6406,"OJ L, 2024/2424,  16.9.2024, ELI:http://data.europa.eu/eli/reg_impl/2024/2424/oj(BG, ES, CS, DA, DE, ET, EL, EN, FR, GA, HR, IT, LV, LT, HU, MT, NL, PL, PT, RO, SK, SL, FI, SV)",In force,32024R2424,"BG, ES, CS, DA, DE, ET, EL, EN, FR, GA, HR, IT, LV, LT, HU, MT, NL, PL, PT, RO, SK, SL, FI, SV",Implementing regulation,"European Commission, Directorate-General for Health and Food Safety",13/09/2024; Date of adoption,https://eur-lex.europa.eu/legal-content/AUTO/?uri=CELEX:32024R2424,596,,
Commission Implementing Regulation (EU) 2024/2404 of 12 September 2024 granting a Union authorisation for the single biocidal product Nordkalk SL 90 in accordance with Regulation (EU) No 528/2012 of the European Parliament and of the Council,C/2024/6370,"OJ L, 2024/2404,  13.9.2024, ELI:http://data.europa.eu/eli/reg_impl/2024/2404/oj(BG, ES, CS, DA, DE, ET, EL, EN, FR, GA, HR, IT, LV, LT, HU, MT, NL, PL, PT, RO, SK, SL, FI, SV)",In force,32024R2404,"BG, ES, CS, DA, DE, ET, EL, EN, FR, GA, HR, IT, LV, LT, HU, MT, NL, PL, PT, RO, SK, SL, FI, SV",Implementing regulation,"European Commission, Directorate-General for Health and Food Safety",12/09/2024; Date of adoption,https://eur-lex.europa.eu/legal-content/AUTO/?uri=CELEX:32024R2404,596,,
Commission Implementing Regulation (EU) 2024/2188 of 3 September 2024 granting a Union authorisation for the biocidal product family Kersia’s Lactic acid based products in accordance with Regulation (EU) No 528/2012 of the European Parliament and of the Council,C/2024/5979,"OJ L, 2024/2188,  4.9.2024, ELI:http://data.europa.eu/eli/reg_impl/2024/2188/oj(BG, ES, CS, DA, DE, ET, EL, EN, FR, GA, HR, IT, LV, LT, HU, MT, NL, PL, PT, RO, SK, SL, FI, SV)",In force,32024R2188,"BG, ES, CS, DA, DE, ET, EL, EN, FR, GA, HR, IT, LV, LT, HU, MT, NL, PL, PT, RO, SK, SL, FI, SV",Implementing regulation,"European Commission, Directorate-General for Health and Food Safety",03/09/2024; Date of adoption,https://eur-lex.europa.eu/legal-content/AUTO/?uri=CELEX:32024R2188,596,,
Commission Implementing Regulation (EU) 2024/1710 of 19 June 2024 granting a Union authorisation for the biocidal product family Saniswiss H2O2 in accordance with Regulation (EU) No 528/2012 of the European Parliament and of the Council,C/2024/3996,"OJ L, 2024/1710,  20.6.2024, ELI:http://data.europa.eu/eli/reg_impl/2024/1710/oj(BG, ES, CS, DA, DE, ET, EL, EN, FR, GA, HR, IT, LV, LT, HU, MT, NL, PL, PT, RO, SK, SL, FI, SV)",In force,32024R1710,"BG, ES, CS, DA, DE, ET, EL, EN, FR, GA, HR, IT, LV, LT, HU, MT, NL, PL, PT, RO, SK, SL, FI, SV",Implementing regulation,"European Commission, Directorate-General for Health and Food Safety",19/06/2024; Date of adoption,https://eur-lex.europa.eu/legal-content/AUTO/?uri=CELEX:32024R1710,596,,
Commission Implementing Regulation (EU) 2024/1707 of 19 June 2024 granting a Union authorisation for the biocidal product family STERI-PEROX in accordance with Regulation (EU) No 528/2012 of the European Parliament and of the Council,C/2024/3995,"OJ L, 2024/1707,  20.6.2024, ELI:http://data.europa.eu/eli/reg_impl/2024/1707/oj(BG, ES, CS, DA, DE, ET, EL, EN, FR, GA, HR, IT, LV, LT, HU, MT, NL, PL, PT, RO, SK, SL, FI, SV)",In force,32024R1707,"BG, ES, CS, DA, DE, ET, EL, EN, FR, GA, HR, IT, LV, LT, HU, MT, NL, PL, PT, RO, SK, SL, FI, SV",Implementing regulation,"European Commission, Directorate-General for Health and Food Safety",19/06/2024; Date of adoption,https://eur-lex.europa.eu/legal-content/AUTO/?uri=CELEX:32024R1707,597,,
Commission Implementing Regulation (EU) 2024/1541 of 3 June 2024 granting a Union authorisation for the biocidal product family Sanoserv H202 in accordance with Regulation (EU) No 528/2012 of the European Parliament and of the Council,C/2024/3573,"OJ L, 2024/1541,  4.6.2024, ELI:http://data.europa.eu/eli/reg_impl/2024/1541/oj(BG, ES, CS, DA, DE, ET, EL, EN, FR, GA, HR, IT, LV, LT, HU, MT, NL, PL, PT, RO, SK, SL, FI, SV)",In force,32024R1541,"BG, ES, CS, DA, DE, ET, EL, EN, FR, GA, HR, IT, LV, LT, HU, MT, NL, PL, PT, RO, SK, SL, FI, SV",Implementing regulation,"European Commission, Directorate-General for Health and Food Safety",03/06/2024; Date of adoption,https://eur-lex.europa.eu/legal-content/AUTO/?uri=CELEX:32024R1541,597,,
Commission Implementing Regulation (EU) 2024/1486 of 29 May 2024 granting a Union authorisation for the single biocidal product CaO PT02 in accordance with Regulation (EU) No 528/2012 of the European Parliament and of the Council,C/2024/3483,"OJ L, 2024/1486,  30.5.2024, ELI:http://data.europa.eu/eli/reg_impl/2024/1486/oj(BG, ES, CS, DA, DE, ET, EL, EN, FR, GA, HR, IT, LV, LT, HU, MT, NL, PL, PT, RO, SK, SL, FI, SV)",In force,32024R1486,"BG, ES, CS, DA, DE, ET, EL, EN, FR, GA, HR, IT, LV, LT, HU, MT, NL, PL, PT, RO, SK, SL, FI, SV",Implementing regulation,"European Commission, Directorate-General for Health and Food Safety",29/05/2024; Date of adoption,https://eur-lex.europa.eu/legal-content/AUTO/?uri=CELEX:32024R1486,597,,
"Commission Implementing Regulation (EU) 2024/780 of 5 March 2024 concerning the renewal of the authorisation of a preparation of endo–1,4-beta-xylanase produced by Trichoderma citrinoviride DSM 34663 as a feed additive for all poultry species for fattening, all poultry species for laying and reared for laying, weaned piglets, pigs for fattening and carp, the authorisation of that preparation as a feed additive for all poultry species for breeding, turkeys reared for breeding, minor poultry species reared for breeding, ornamental birds, suckling piglets and minor porcine species for fattening (holder of authorisation: Huvepharma NV) and repealing Implementing Regulations (EU) 2015/1043, (EU) 2017/1906 and (EU) 2018/327",C/2024/1339,"OJ L, 2024/780,  6.3.2024, ELI:http://data.europa.eu/eli/reg_impl/2024/780/oj(BG, ES, CS, DA, DE, ET, EL, EN, FR, GA, HR, IT, LV, LT, HU, MT, NL, PL, PT, RO, SK, SL, FI, SV)",In force,32024R0780,"BG, ES, CS, DA, DE, ET, EL, EN, FR, GA, HR, IT, LV, LT, HU, MT, NL, PL, PT, RO, SK, SL, FI, SV",Implementing regulation,"European Commission, Directorate-General for Health and Food Safety",05/03/2024; Date of adoption,https://eur-lex.europa.eu/legal-content/AUTO/?uri=CELEX:32024R0780,604,,
"Commission Implementing Regulation (EU) 2024/262 of 17 January 2024 concerning the renewal of the authorisation of a preparation of endo-1,4-beta-glucanase produced by Trichoderma citrinoviride IMI 360748 as a feed additive for chickens for fattening, minor poultry species for fattening and weaned piglets, the authorisation of that preparation as a feed additive for turkeys for fattening, all poultry species reared for laying or breeding, ornamental birds and suckling piglets (holder of the authorisation: Huvepharma NV) and amending Implementing Regulation (EU) 2015/2305",C/2024/207,"OJ L, 2024/262,  18.1.2024, ELI:http://data.europa.eu/eli/reg_impl/2024/262/oj(BG, ES, CS, DA, DE, ET, EL, EN, FR, GA, HR, IT, LV, LT, HU, MT, NL, PL, PT, RO, SK, SL, FI, SV)",In force,32024R0262,"BG, ES, CS, DA, DE, ET, EL, EN, FR, GA, HR, IT, LV, LT, HU, MT, NL, PL, PT, RO, SK, SL, FI, SV",Implementing regulation,"European Commission, Directorate-General for Health and Food Safety",17/01/2024; Date of adoption,https://eur-lex.europa.eu/legal-content/AUTO/?uri=CELEX:32024R0262,604,,
Commission Implementing Decision (EU) 2025/953 of 23 May 2025 postponing the expiry date of the approval of medetomidine for use in biocidal products of product-type 21 in accordance with Regulation (EU) No 528/2012 of the European Parliament and of the Council,C/2025/3126,"OJ L, 2025/953,  23.5.2025, ELI:http://data.europa.eu/eli/dec_impl/2025/953/oj(BG, ES, CS, DA, DE, ET, EL, EN, FR, GA, HR, IT, LV, LT, HU, MT, NL, PL, PT, RO, SK, SL, FI, SV)",In force,32025D0953,"BG, ES, CS, DA, DE, ET, EL, EN, FR, GA, HR, IT, LV, LT, HU, MT, NL, PL, PT, RO, SK, SL, FI, SV",Implementing decision,"European Commission, Directorate-General for Health and Food Safety",23/05/2025; Date of adoption,https://eur-lex.europa.eu/legal-content/AUTO/?uri=CELEX:32025D0953,605,,
"Commission Implementing Regulation (EU) 2024/2806 of 31 October 2024 concerning the non-renewal of the approval of the active substance metribuzin, in accordance with Regulation (EC) No 1107/2009 of the European Parliament and of the Council, and amending Commission Implementing Regulation (EU) No 540/2011 and Commission Implementing Regulation (EU) 2015/408",C/2024/7545,"OJ L, 2024/2806,  4.11.2024, ELI:http://data.europa.eu/eli/reg_impl/2024/2806/oj(BG, ES, CS, DA, DE, ET, EL, EN, FR, GA, HR, IT, LV, LT, HU, MT, NL, PL, PT, RO, SK, SL, FI, SV)",In force,32024R2806,"BG, ES, CS, DA, DE, ET, EL, EN, FR, GA, HR, IT, LV, LT, HU, MT, NL, PL, PT, RO, SK, SL, FI, SV",Implementing regulation,"European Commission, Directorate-General for Health and Food Safety",31/10/2024; Date of adoption,https://eur-lex.europa.eu/legal-content/AUTO/?uri=CELEX:32024R2806,605,,
"Commission Implementing Regulation (EU) 2024/425 of 2 February 2024 concerning the non-approval of the active substance asulam-sodium, in accordance with Regulation (EC) No 1107/2009 of the European Parliament and of the Council",C/2024/554,"OJ L, 2024/425,  5.2.2024, ELI:http://data.europa.eu/eli/reg_impl/2024/425/oj(BG, ES, CS, DA, DE, ET, EL, EN, FR, GA, HR, IT, LV, LT, HU, MT, NL, PL, PT, RO, SK, SL, FI, SV)",In force,32024R0425,"BG, ES, CS, DA, DE, ET, EL, EN, FR, GA, HR, IT, LV, LT, HU, MT, NL, PL, PT, RO, SK, SL, FI, SV",Implementing regulation,"European Commission, Directorate-General for Health and Food Safety",02/02/2024; Date of adoption,https://eur-lex.europa.eu/legal-content/AUTO/?uri=CELEX:32024R0425,605,,
"Council Decision (EU) 2024/1775 of 18 June 2024 on the position to be taken on behalf of the European Union in the World Forum for Harmonization of Vehicle Regulations of the United Nations Economic Commission for Europe on proposals for modifications to UN regulation Nos 13, 13-H, 22, 30, 41, 49, 51, 54, 63, 78, 79, 83, 85, 96, 100, 101, 108, 109, 117, 120, 129, 134, 138, 150, and 155, on a proposal for a new UN regulation on snow grip performance and traction tyre classification for retreaded tyres, on proposals for modifications to UN global technical regulation Nos 9, 13, 21, 22, and 24, and on a proposal for an amendment of UN mutual resolution No 1",ST/10609/2024/INIT,"OJ L, 2024/1775,  25.6.2024, ELI:http://data.europa.eu/eli/dec/2024/1775/oj(BG, ES, CS, DA, DE, ET, EL, EN, FR, GA, HR, IT, LV, LT, HU, MT, NL, PL, PT, RO, SK, SL, FI, SV)",In force,32024D1775,"BG, ES, CS, DA, DE, ET, EL, EN, FR, GA, HR, IT, LV, LT, HU, MT, NL, PL, PT, RO, SK, SL, FI, SV",Decision,Council of the European Union,18/06/2024; Date of adoption,https://eur-lex.europa.eu/legal-content/AUTO/?uri=CELEX:32024D1775,606,,
"Commission Implementing Regulation (EU) 2025/339 of 19 February 2025 laying down rules for the implementation of Article 6a of Regulation (EU) 2020/2220 of the European Parliament and of the Council as regards monitoring and evaluation, presentation of the rural development programmes and the presentation of annual implementation reports",C/2025/1016,"OJ L, 2025/339,  21.2.2025, ELI:http://data.europa.eu/eli/reg_impl/2025/339/oj(BG, ES, CS, DA, DE, ET, EL, EN, FR, GA, HR, IT, LV, LT, HU, MT, NL, PL, PT, RO, SK, SL, FI, SV)",In force,32025R0339,"BG, ES, CS, DA, DE, ET, EL, EN, FR, GA, HR, IT, LV, LT, HU, MT, NL, PL, PT, RO, SK, SL, FI, SV",Implementing regulation,"European Commission, Directorate-General for Agriculture and Rural Development",19/02/2025; Date of adoption,https://eur-lex.europa.eu/legal-content/AUTO/?uri=CELEX:32025R0339,615,,
Commission Implementing Regulation (EU) 2025/341 of 20 February 2025 laying down rules for the implementation of Article 6a of Regulation (EU) 2020/2220 of the European Parliament and of the Council as regards checks and penalties,C/2025/1099,"OJ L, 2025/341,  21.2.2025, ELI:http://data.europa.eu/eli/reg_impl/2025/341/oj(BG, ES, CS, DA, DE, ET, EL, EN, FR, GA, HR, IT, LV, LT, HU, MT, NL, PL, PT, RO, SK, SL, FI, SV)",In force,32025R0341,"BG, ES, CS, DA, DE, ET, EL, EN, FR, GA, HR, IT, LV, LT, HU, MT, NL, PL, PT, RO, SK, SL, FI, SV",Implementing regulation,"European Commission, Directorate-General for Agriculture and Rural Development",20/02/2025; Date of adoption,https://eur-lex.europa.eu/legal-content/AUTO/?uri=CELEX:32025R0341,615,,
Commission Implementing Regulation (EU) 2024/1769 of 26 June 2024 amending Implementing Regulation (EU) 2015/2174 as regards updating the indicative compendium of environmental goods and services and of economic activities,C/2024/4295,"OJ L, 2024/1769,  27.6.2024, ELI:http://data.europa.eu/eli/reg_impl/2024/1769/oj(BG, ES, CS, DA, DE, ET, EL, EN, FR, GA, HR, IT, LV, LT, HU, MT, NL, PL, PT, RO, SK, SL, FI, SV)",In force,32024R1769,"BG, ES, CS, DA, DE, ET, EL, EN, FR, GA, HR, IT, LV, LT, HU, MT, NL, PL, PT, RO, SK, SL, FI, SV",Implementing regulation,"European Commission, Eurostat",26/06/2024; Date of adoption,https://eur-lex.europa.eu/legal-content/AUTO/?uri=CELEX:32024R1769,621,,
Commission Implementing Regulation (EU) 2024/256 of 17 January 2024 amending Implementing Regulation (EU) 2020/1158 on the conditions governing imports of food and feed originating in third countries following the accident at the Chernobyl nuclear power station,C/2024/142,"OJ L, 2024/256,  18.1.2024, ELI:http://data.europa.eu/eli/reg_impl/2024/256/oj(BG, ES, CS, DA, DE, ET, EL, EN, FR, GA, HR, IT, LV, LT, HU, MT, NL, PL, PT, RO, SK, SL, FI, SV)",In force,32024R0256,"BG, ES, CS, DA, DE, ET, EL, EN, FR, GA, HR, IT, LV, LT, HU, MT, NL, PL, PT, RO, SK, SL, FI, SV",Implementing regulation,"European Commission, Directorate-General for Health and Food Safety",17/01/2024; Date of adoption,https://eur-lex.europa.eu/legal-content/AUTO/?uri=CELEX:32024R0256,621,,
Commission Implementing Regulation (EU) 2024/256 of 17 January 2024 amending Implementing Regulation (EU) 2020/1158 on the conditions governing imports of food and feed originating in third countries following the accident at the Chernobyl nuclear power station,C/2024/142,"OJ L, 2024/256,  18.1.2024, ELI:http://data.europa.eu/eli/reg_impl/2024/256/oj(BG, ES, CS, DA, DE, ET, EL, EN, FR, GA, HR, IT, LV, LT, HU, MT, NL, PL, PT, RO, SK, SL, FI, SV)",In force,32024R0256,"BG, ES, CS, DA, DE, ET, EL, EN, FR, GA, HR, IT, LV, LT, HU, MT, NL, PL, PT, RO, SK, SL, FI, SV",Implementing regulation,"European Commission, Directorate-General for Health and Food Safety",17/01/2024; Date of adoption,https://eur-lex.europa.eu/legal-content/AUTO/?uri=CELEX:32024R0256,622,,
Commission Implementing Regulation (EU) 2025/1186 of 17 June 2025 granting a Union authorisation for the single biocidal product exeol air cid 01 in accordance with Regulation (EU) No 528/2012 of the European Parliament and of the Council,C/2025/3739,"OJ L, 2025/1186,  18.6.2025, ELI:http://data.europa.eu/eli/reg_impl/2025/1186/oj(BG, ES, CS, DA, DE, ET, EL, EN, FR, GA, HR, IT, LV, LT, HU, MT, NL, PL, PT, RO, SK, SL, FI, SV)",In force,32025R1186,"BG, ES, CS, DA, DE, ET, EL, EN, FR, GA, HR, IT, LV, LT, HU, MT, NL, PL, PT, RO, SK, SL, FI, SV",Implementing regulation,"European Commission, Directorate-General for Health and Food Safety",17/06/2025; Date of adoption,https://eur-lex.europa.eu/legal-content/AUTO/?uri=CELEX:32025R1186,624,,
Commission Implementing Decision (EU) 2025/947 of 22 May 2025 postponing the expiry date of the approval of iodine for use in biocidal products of product-type 3 in accordance with Regulation (EU) No 528/2012 of the European Parliament and of the Council,C/2025/3121,"OJ L, 2025/947,  23.5.2025, ELI:http://data.europa.eu/eli/dec_impl/2025/947/oj(BG, ES, CS, DA, DE, ET, EL, EN, FR, GA, HR, IT, LV, LT, HU, MT, NL, PL, PT, RO, SK, SL, FI, SV)",In force,32025D0947,"BG, ES, CS, DA, DE, ET, EL, EN, FR, GA, HR, IT, LV, LT, HU, MT, NL, PL, PT, RO, SK, SL, FI, SV",Implementing decision,"European Commission, Directorate-General for Health and Food Safety",22/05/2025; Date of adoption,https://eur-lex.europa.eu/legal-content/AUTO/?uri=CELEX:32025D0947,624,,
Commission Implementing Regulation (EU) 2025/474 of 13 March 2025 granting a Union authorisation for the single biocidal product Büfa-Oxy WS in accordance with Regulation (EU) No 528/2012 of the European Parliament and of the Council,C/2025/1504,"OJ L, 2025/474,  17.3.2025, ELI:http://data.europa.eu/eli/reg_impl/2025/474/oj(BG, ES, CS, DA, DE, ET, EL, EN, FR, GA, HR, IT, LV, LT, HU, MT, NL, PL, PT, RO, SK, SL, FI, SV)",In force,32025R0474,"BG, ES, CS, DA, DE, ET, EL, EN, FR, GA, HR, IT, LV, LT, HU, MT, NL, PL, PT, RO, SK, SL, FI, SV",Implementing regulation,"European Commission, Directorate-General for Health and Food Safety",13/03/2025; Date of adoption,https://eur-lex.europa.eu/legal-content/AUTO/?uri=CELEX:32025R0474,624,,
Commission Implementing Decision (EU) 2025/444 of 5 March 2025 postponing the expiry date of the approval of benzoic acid for use in biocidal products of product-types 3 and 4 in accordance with Regulation (EU) No 528/2012 of the European Parliament and of the Council,C/2025/1331,"OJ L, 2025/444,  7.3.2025, ELI:http://data.europa.eu/eli/dec_impl/2025/444/oj(BG, ES, CS, DA, DE, ET, EL, EN, FR, GA, HR, IT, LV, LT, HU, MT, NL, PL, PT, RO, SK, SL, FI, SV)",In force,32025D0444,"BG, ES, CS, DA, DE, ET, EL, EN, FR, GA, HR, IT, LV, LT, HU, MT, NL, PL, PT, RO, SK, SL, FI, SV",Implementing decision,"European Commission, Directorate-General for Health and Food Safety",05/03/2025; Date of adoption,https://eur-lex.europa.eu/legal-content/AUTO/?uri=CELEX:32025D0444,624,,
Commission Implementing Decision (EU) 2024/2712 of 23 October 2024 on the unresolved objections regarding the conditions for granting an authorisation for the biocidal product Phenogen in accordance with Regulation (EU) No 528/2012 of the European Parliament and of the Council (notified under document C(2024) 7275),C/2024/7275,"OJ L, 2024/2712,  28.10.2024, ELI:http://data.europa.eu/eli/dec_impl/2024/2712/oj(BG, ES, CS, DA, DE, ET, EL, EN, FR, GA, HR, IT, LV, LT, HU, MT, NL, PL, PT, RO, SK, SL, FI, SV)",In force,32024D2712,"BG, ES, CS, DA, DE, ET, EL, EN, FR, GA, HR, IT, LV, LT, HU, MT, NL, PL, PT, RO, SK, SL, FI, SV",Implementing decision,"European Commission, Directorate-General for Health and Food Safety",23/10/2024; Date of adoption,https://eur-lex.europa.eu/legal-content/AUTO/?uri=CELEX:32024D2712,624,,
Commission Implementing Regulation (EU) 2024/2679 of 15 October 2024 amending Implementing Regulation (EU) 2019/2076 as regards administrative and minor changes to the Union authorisation for the biocidal product family Contec IPA Product Family,C/2024/7093,"OJ L, 2024/2679,  16.10.2024, ELI:http://data.europa.eu/eli/reg_impl/2024/2679/oj(BG, ES, CS, DA, DE, ET, EL, EN, FR, GA, HR, IT, LV, LT, HU, MT, NL, PL, PT, RO, SK, SL, FI, SV)",In force,32024R2679,"BG, ES, CS, DA, DE, ET, EL, EN, FR, GA, HR, IT, LV, LT, HU, MT, NL, PL, PT, RO, SK, SL, FI, SV",Implementing regulation,"European Commission, Directorate-General for Health and Food Safety",15/10/2024; Date of adoption,https://eur-lex.europa.eu/legal-content/AUTO/?uri=CELEX:32024R2679,624,,
Commission Implementing Regulation (EU) 2024/2426 of 16 September 2024 granting a Union authorisation for the single biocidal product Nordkalk SL in accordance with Regulation (EU) No 528/2012 of the European Parliament and of the Council,C/2024/6439,"OJ L, 2024/2426,  17.9.2024, ELI:http://data.europa.eu/eli/reg_impl/2024/2426/oj(BG, ES, CS, DA, DE, ET, EL, EN, FR, GA, HR, IT, LV, LT, HU, MT, NL, PL, PT, RO, SK, SL, FI, SV)",In force,32024R2426,"BG, ES, CS, DA, DE, ET, EL, EN, FR, GA, HR, IT, LV, LT, HU, MT, NL, PL, PT, RO, SK, SL, FI, SV",Implementing regulation,"European Commission, Directorate-General for Health and Food Safety",16/09/2024; Date of adoption,https://eur-lex.europa.eu/legal-content/AUTO/?uri=CELEX:32024R2426,624,,
Commission Implementing Regulation (EU) 2024/2422 of 13 September 2024 granting a Union authorisation for the single biocidal product Ca(OH)2 PT03 in accordance with Regulation (EU) No 528/2012 of the European Parliament and of the Council,C/2024/6402,"OJ L, 2024/2422,  16.9.2024, ELI:http://data.europa.eu/eli/reg_impl/2024/2422/oj(BG, ES, CS, DA, DE, ET, EL, EN, FR, GA, HR, IT, LV, LT, HU, MT, NL, PL, PT, RO, SK, SL, FI, SV)",In force,32024R2422,"BG, ES, CS, DA, DE, ET, EL, EN, FR, GA, HR, IT, LV, LT, HU, MT, NL, PL, PT, RO, SK, SL, FI, SV",Implementing regulation,"European Commission, Directorate-General for Health and Food Safety",13/09/2024; Date of adoption,https://eur-lex.europa.eu/legal-content/AUTO/?uri=CELEX:32024R2422,624,,
Commission Implementing Regulation (EU) 2024/2205 of 4 September 2024 granting a Union authorisation for the biocidal product family SICO Biocidal Product Family in accordance with Regulation (EU) No 528/2012 of the European Parliament and of the Council,C/2024/6078,"OJ L, 2024/2205,  5.9.2024, ELI:http://data.europa.eu/eli/reg_impl/2024/2205/oj(BG, ES, CS, DA, DE, ET, EL, EN, FR, GA, HR, IT, LV, LT, HU, MT, NL, PL, PT, RO, SK, SL, FI, SV)",In force,32024R2205,"BG, ES, CS, DA, DE, ET, EL, EN, FR, GA, HR, IT, LV, LT, HU, MT, NL, PL, PT, RO, SK, SL, FI, SV",Implementing regulation,"European Commission, Directorate-General for Health and Food Safety",04/09/2024; Date of adoption,https://eur-lex.europa.eu/legal-content/AUTO/?uri=CELEX:32024R2205,625,,
Commission Implementing Regulation (EU) 2024/2194 of 4 September 2024 amending Implementing Regulation (EU) 2020/1991 as regards administrative and minor changes to the Union authorisation for the biocidal product family perform-IPA,C/2024/6022,"OJ L, 2024/2194,  5.9.2024, ELI:http://data.europa.eu/eli/reg_impl/2024/2194/oj(BG, ES, CS, DA, DE, ET, EL, EN, FR, GA, HR, IT, LV, LT, HU, MT, NL, PL, PT, RO, SK, SL, FI, SV)",In force,32024R2194,"BG, ES, CS, DA, DE, ET, EL, EN, FR, GA, HR, IT, LV, LT, HU, MT, NL, PL, PT, RO, SK, SL, FI, SV",Implementing regulation,"European Commission, Directorate-General for Health and Food Safety",04/09/2024; Date of adoption,https://eur-lex.europa.eu/legal-content/AUTO/?uri=CELEX:32024R2194,625,,
Commission Implementing Regulation (EU) 2024/1990 of 22 July 2024 amending Implementing Regulation (EU) 2023/1763 as regards an administrative change to the Union authorisation of the biocidal product family Lactic acid Family – Quatchem,C/2024/5030,"OJ L, 2024/1990,  23.7.2024, ELI:http://data.europa.eu/eli/reg_impl/2024/1990/oj(BG, ES, CS, DA, DE, ET, EL, EN, FR, GA, HR, IT, LV, LT, HU, MT, NL, PL, PT, RO, SK, SL, FI, SV)",In force,32024R1990,"BG, ES, CS, DA, DE, ET, EL, EN, FR, GA, HR, IT, LV, LT, HU, MT, NL, PL, PT, RO, SK, SL, FI, SV",Implementing regulation,"European Commission, Directorate-General for Health and Food Safety",22/07/2024; Date of adoption,https://eur-lex.europa.eu/legal-content/AUTO/?uri=CELEX:32024R1990,625,,
Commission Implementing Regulation (EU) 2024/1674 of 13 June 2024 granting a Union authorisation for the single biocidal product SANICALCO Q in accordance with Regulation (EU) No 528/2012 of the European Parliament and of the Council,C/2024/3851,"OJ L, 2024/1674,  14.6.2024, ELI:http://data.europa.eu/eli/reg_impl/2024/1674/oj(BG, ES, CS, DA, DE, ET, EL, EN, FR, GA, HR, IT, LV, LT, HU, MT, NL, PL, PT, RO, SK, SL, FI, SV)",In force,32024R1674,"BG, ES, CS, DA, DE, ET, EL, EN, FR, GA, HR, IT, LV, LT, HU, MT, NL, PL, PT, RO, SK, SL, FI, SV",Implementing regulation,"European Commission, Directorate-General for Health and Food Safety",13/06/2024; Date of adoption,https://eur-lex.europa.eu/legal-content/AUTO/?uri=CELEX:32024R1674,625,,
Commission Implementing Regulation (EU) 2024/1491 of 29 May 2024 granting a Union authorisation for the single biocidal product CaO PT02-PT03 in accordance with Regulation (EU) No 528/2012 of the European Parliament and of the Council,C/2024/3485,"OJ L, 2024/1491,  30.5.2024, ELI:http://data.europa.eu/eli/reg_impl/2024/1491/oj(BG, ES, CS, DA, DE, ET, EL, EN, FR, GA, HR, IT, LV, LT, HU, MT, NL, PL, PT, RO, SK, SL, FI, SV)",In force,32024R1491,"BG, ES, CS, DA, DE, ET, EL, EN, FR, GA, HR, IT, LV, LT, HU, MT, NL, PL, PT, RO, SK, SL, FI, SV",Implementing regulation,"European Commission, Directorate-General for Health and Food Safety",29/05/2024; Date of adoption,https://eur-lex.europa.eu/legal-content/AUTO/?uri=CELEX:32024R1491,625,,
Commission Implementing Regulation (EU) 2024/1481 of 29 May 2024 granting a Union authorisation for the single biocidal product Nordkalk QL 0-2 in accordance with Regulation (EU) No 528/2012 of the European Parliament and of the Council,C/2024/3486,"OJ L, 2024/1481,  30.5.2024, ELI:http://data.europa.eu/eli/reg_impl/2024/1481/oj(BG, ES, CS, DA, DE, ET, EL, EN, FR, GA, HR, IT, LV, LT, HU, MT, NL, PL, PT, RO, SK, SL, FI, SV)",In force,32024R1481,"BG, ES, CS, DA, DE, ET, EL, EN, FR, GA, HR, IT, LV, LT, HU, MT, NL, PL, PT, RO, SK, SL, FI, SV",Implementing regulation,"European Commission, Directorate-General for Health and Food Safety",29/05/2024; Date of adoption,https://eur-lex.europa.eu/legal-content/AUTO/?uri=CELEX:32024R1481,625,,
Commission Implementing Regulation (EU) 2024/1482 of 29 May 2024 granting a Union authorisation for the single biocidal product Nordkalk CL 90-Q in accordance with Regulation (EU) No 528/2012 of the European Parliament and of the Council,C/2024/3475,"OJ L, 2024/1482,  30.5.2024, ELI:http://data.europa.eu/eli/reg_impl/2024/1482/oj(BG, ES, CS, DA, DE, ET, EL, EN, FR, GA, HR, IT, LV, LT, HU, MT, NL, PL, PT, RO, SK, SL, FI, SV)",In force,32024R1482,"BG, ES, CS, DA, DE, ET, EL, EN, FR, GA, HR, IT, LV, LT, HU, MT, NL, PL, PT, RO, SK, SL, FI, SV",Implementing regulation,"European Commission, Directorate-General for Health and Food Safety",29/05/2024; Date of adoption,https://eur-lex.europa.eu/legal-content/AUTO/?uri=CELEX:32024R1482,625,,
Commission Implementing Regulation (EU) 2024/1302 of 14 May 2024 granting a Union authorisation for the single biocidal product CaO PT03 in accordance with Regulation (EU) No 528/2012 of the European Parliament and of the Council,C/2024/3096,"OJ L, 2024/1302,  15.5.2024, ELI:http://data.europa.eu/eli/reg_impl/2024/1302/oj(BG, ES, CS, DA, DE, ET, EL, EN, FR, GA, HR, IT, LV, LT, HU, MT, NL, PL, PT, RO, SK, SL, FI, SV)",In force,32024R1302,"BG, ES, CS, DA, DE, ET, EL, EN, FR, GA, HR, IT, LV, LT, HU, MT, NL, PL, PT, RO, SK, SL, FI, SV",Implementing regulation,"European Commission, Directorate-General for Health and Food Safety",14/05/2024; Date of adoption,https://eur-lex.europa.eu/legal-content/AUTO/?uri=CELEX:32024R1302,625,,
Commission Implementing Regulation (EU) 2024/3094 of 27 November 2024 laying down detailed rules on certain selective devices to reduce incidental catches of cod in the Baltic Sea provided for in Annex VIII to Regulation (EU) 2019/1241 of the European Parliament and of the Council,C/2024/7932,"OJ L, 2024/3094,  10.12.2024, ELI:http://data.europa.eu/eli/reg_impl/2024/3094/oj(BG, ES, CS, DA, DE, ET, EL, EN, FR, GA, HR, IT, LV, LT, HU, MT, NL, PL, PT, RO, SK, SL, FI, SV)",In force,32024R3094,"BG, ES, CS, DA, DE, ET, EL, EN, FR, GA, HR, IT, LV, LT, HU, MT, NL, PL, PT, RO, SK, SL, FI, SV",Implementing regulation,"European Commission, Directorate-General for Maritime Affairs and Fisheries",27/11/2024; Date of adoption,https://eur-lex.europa.eu/legal-content/AUTO/?uri=CELEX:32024R3094,627,,
Commission Delegated Regulation (EU) 2024/1296 of 28 February 2024 supplementing Regulation (EU) 2016/1139 of the European Parliament and of the Council concerning an exemption from the application of the landing obligation as regards salmon in the Baltic Sea for the period 2024-2026,C/2024/1162,"OJ L, 2024/1296,  7.5.2024, ELI:http://data.europa.eu/eli/reg_del/2024/1296/oj(BG, ES, CS, DA, DE, ET, EL, EN, FR, GA, HR, IT, LV, LT, HU, MT, NL, PL, PT, RO, SK, SL, FI, SV)",In force,32024R1296,"BG, ES, CS, DA, DE, ET, EL, EN, FR, GA, HR, IT, LV, LT, HU, MT, NL, PL, PT, RO, SK, SL, FI, SV",Delegated regulation,"European Commission, Directorate-General for Maritime Affairs and Fisheries",28/02/2024; Date of adoption,https://eur-lex.europa.eu/legal-content/AUTO/?uri=CELEX:32024R1296,627,,
"Commission Implementing Regulation (EU) 2025/1080 of 2 June 2025 amending Implementing Regulation (EU) 2022/1659 as regards the time limit of the application of equivalent requirements for the introduction into the Union of fruits of Citrus sinensis Pers., originating from Israel in view of the risks posed by Thaumatotibia leucotreta",C/2025/3322,"OJ L, 2025/1080,  3.6.2025, ELI:http://data.europa.eu/eli/reg_impl/2025/1080/oj(BG, ES, CS, DA, DE, ET, EL, EN, FR, GA, HR, IT, LV, LT, HU, MT, NL, PL, PT, RO, SK, SL, FI, SV)",In force,32025R1080,"BG, ES, CS, DA, DE, ET, EL, EN, FR, GA, HR, IT, LV, LT, HU, MT, NL, PL, PT, RO, SK, SL, FI, SV",Implementing regulation,"European Commission, Directorate-General for Health and Food Safety",02/06/2025; Date of adoption,https://eur-lex.europa.eu/legal-content/AUTO/?uri=CELEX:32025R1080,628,,
Commission Implementing Regulation (EU) 2024/1045 of 9 April 2024 amending Regulation (EC) No 333/2007 as regards the methods of sampling and analysis for the control of levels of nickel in foodstuffs and amending certain references,C/2024/2136,"OJ L, 2024/1045,  10.4.2024, ELI:http://data.europa.eu/eli/reg_impl/2024/1045/oj(BG, ES, CS, DA, DE, ET, EL, EN, FR, GA, HR, IT, LV, LT, HU, MT, NL, PL, PT, RO, SK, SL, FI, SV)",In force,32024R1045,"BG, ES, CS, DA, DE, ET, EL, EN, FR, GA, HR, IT, LV, LT, HU, MT, NL, PL, PT, RO, SK, SL, FI, SV",Implementing regulation,"European Commission, Directorate-General for Health and Food Safety",09/04/2024; Date of adoption,https://eur-lex.europa.eu/legal-content/AUTO/?uri=CELEX:32024R1045,631,,
"Commission Implementing Regulation (EU) 2024/2959 of 29 November 2024 designating European Union reference laboratories for public health on food- and water-borne bacteria; on food-, water- and vector-borne helminths and protozoa; and on food- and water-borne viruses",C/2024/8354,"OJ L, 2024/2959,  2.12.2024, ELI:http://data.europa.eu/eli/reg_impl/2024/2959/oj(BG, ES, CS, DA, DE, ET, EL, EN, FR, GA, HR, IT, LV, LT, HU, MT, NL, PL, PT, RO, SK, SL, FI, SV)",In force,32024R2959,"BG, ES, CS, DA, DE, ET, EL, EN, FR, GA, HR, IT, LV, LT, HU, MT, NL, PL, PT, RO, SK, SL, FI, SV",Implementing regulation,"European Commission, Directorate-General for Health and Food Safety",29/11/2024; Date of adoption,https://eur-lex.europa.eu/legal-content/AUTO/?uri=CELEX:32024R2959,641,,
Commission Regulation (EU) 2024/1719 of 20 June 2024 correcting the Spanish language version of Regulation (EU) No 142/2011 implementing Regulation (EC) No 1069/2009 of the European Parliament and of the Council laying down health rules as regards animal by-products and derived products not intended for human consumption and implementing Council Directive 97/78/EC as regards certain samples and items exempt from veterinary checks at the border under that Directive,C/2024/4143,"OJ L, 2024/1719,  21.6.2024, ELI:http://data.europa.eu/eli/reg/2024/1719/oj(BG, ES, CS, DA, DE, ET, EL, EN, FR, GA, HR, IT, LV, LT, HU, MT, NL, PL, PT, RO, SK, SL, FI, SV)",In force,32024R1719,"BG, ES, CS, DA, DE, ET, EL, EN, FR, GA, HR, IT, LV, LT, HU, MT, NL, PL, PT, RO, SK, SL, FI, SV",Regulation,"European Commission, Directorate-General for Translation",20/06/2024; Date of adoption,https://eur-lex.europa.eu/legal-content/AUTO/?uri=CELEX:32024R1719,646,,
Commission Regulation (EU) 2024/1318 of 15 May 2024 amending Annex II to Regulation (EC) No 396/2005 of the European Parliament and of the Council as regards maximum residue levels prothioconazole in or on certain products,C/2024/3136,"OJ L, 2024/1318,  16.5.2024, ELI:http://data.europa.eu/eli/reg/2024/1318/oj(BG, ES, CS, DA, DE, ET, EL, EN, FR, GA, HR, IT, LV, LT, HU, MT, NL, PL, PT, RO, SK, SL, FI, SV)",In force,32024R1318,"BG, ES, CS, DA, DE, ET, EL, EN, FR, GA, HR, IT, LV, LT, HU, MT, NL, PL, PT, RO, SK, SL, FI, SV",Regulation,"European Commission, Directorate-General for Health and Food Safety",15/05/2024; Date of adoption,https://eur-lex.europa.eu/legal-content/AUTO/?uri=CELEX:32024R1318,654,,
"Commission Delegated Regulation (EU) 2025/838 of 19 February 2025 amending Regulation (EU) 2018/975 of the European Parliament and of the Council as regards data reporting for the jack mackerel fishery, technical failure of the satellite-tracking device, vessel data requirements in Annex V, transhipment data requirements in Annexes VII, VIII and IX, and port data requirements in Annexes XI and XII",C/2025/937,"OJ L, 2025/838,  2.5.2025, ELI:http://data.europa.eu/eli/reg_del/2025/838/oj(BG, ES, CS, DA, DE, ET, EL, EN, FR, GA, HR, IT, LV, LT, HU, MT, NL, PL, PT, RO, SK, SL, FI, SV)",In force,32025R0838,"BG, ES, CS, DA, DE, ET, EL, EN, FR, GA, HR, IT, LV, LT, HU, MT, NL, PL, PT, RO, SK, SL, FI, SV",Delegated regulation,"European Commission, Directorate-General for Maritime Affairs and Fisheries",19/02/2025; Date of adoption,https://eur-lex.europa.eu/legal-content/AUTO/?uri=CELEX:32025R0838,659,,
Commission Delegated Regulation (EU) 2024/3000 of 19 July 2024 amending Regulation (EU) 2019/1241 of the European Parliament and of the Council as regards a derogation from restrictions on fishing for sprat in ICES division 4b,C/2024/5023,"OJ L, 2024/3000,  3.12.2024, ELI:http://data.europa.eu/eli/reg_del/2024/3000/oj(BG, ES, CS, DA, DE, ET, EL, EN, FR, GA, HR, IT, LV, LT, HU, MT, NL, PL, PT, RO, SK, SL, FI, SV)",In force,32024R3000,"BG, ES, CS, DA, DE, ET, EL, EN, FR, GA, HR, IT, LV, LT, HU, MT, NL, PL, PT, RO, SK, SL, FI, SV",Delegated regulation,"European Commission, Directorate-General for Maritime Affairs and Fisheries",19/07/2024; Date of adoption,https://eur-lex.europa.eu/legal-content/AUTO/?uri=CELEX:32024R3000,659,,
Council Regulation (EU) 2024/2903 of 18 November 2024 fixing the fishing opportunities for certain fish stocks and groups of fish stocks applicable in the Baltic Sea for 2025 and amending Regulation (EU) 2024/257 as regards certain fishing opportunities in other waters,ST/14775/2024/INIT,"OJ L, 2024/2903,  19.11.2024, ELI:http://data.europa.eu/eli/reg/2024/2903/oj(BG, ES, CS, DA, DE, ET, EL, EN, FR, GA, HR, IT, LV, LT, HU, MT, NL, PL, PT, RO, SK, SL, FI, SV)",In force,32024R2903,"BG, ES, CS, DA, DE, ET, EL, EN, FR, GA, HR, IT, LV, LT, HU, MT, NL, PL, PT, RO, SK, SL, FI, SV",Regulation,Council of the European Union,18/11/2024; Date of adoption,https://eur-lex.europa.eu/legal-content/AUTO/?uri=CELEX:32024R2903,659,,
Commission Implementing Regulation (EU) 2024/1890 of 11 July 2024 adding to the 2024 fishing quotas certain quantities withheld in the year 2023 pursuant to Article 4(2) of Council Regulation (EC) No 847/96,C/2024/4776,"OJ L, 2024/1890,  12.7.2024, ELI:http://data.europa.eu/eli/reg_impl/2024/1890/oj(BG, ES, CS, DA, DE, ET, EL, EN, FR, GA, HR, IT, LV, LT, HU, MT, NL, PL, PT, RO, SK, SL, FI, SV)",In force,32024R1890,"BG, ES, CS, DA, DE, ET, EL, EN, FR, GA, HR, IT, LV, LT, HU, MT, NL, PL, PT, RO, SK, SL, FI, SV",Implementing regulation,"European Commission, Directorate-General for Maritime Affairs and Fisheries",11/07/2024; Date of adoption,https://eur-lex.europa.eu/legal-content/AUTO/?uri=CELEX:32024R1890,659,,
Commission Delegated Regulation (EU) 2024/1388 of 11 March 2024 correcting Delegated Regulation (EU) 2023/2623 supplementing Regulation (EU) 2019/472 of the European Parliament and of the Council by specifying details of the landing obligation for certain fisheries in Western Waters for the period 2024-2027,C/2024/1411,"OJ L, 2024/1388,  22.5.2024, ELI:http://data.europa.eu/eli/reg_del/2024/1388/oj(BG, ES, CS, DA, DE, ET, EL, EN, FR, GA, HR, IT, LV, LT, HU, MT, NL, PL, PT, RO, SK, SL, FI, SV)",In force,32024R1388,"BG, ES, CS, DA, DE, ET, EL, EN, FR, GA, HR, IT, LV, LT, HU, MT, NL, PL, PT, RO, SK, SL, FI, SV",Delegated regulation,"European Commission, Directorate-General for Maritime Affairs and Fisheries",11/03/2024; Date of adoption,https://eur-lex.europa.eu/legal-content/AUTO/?uri=CELEX:32024R1388,659,,
Commission Implementing Regulation (EU) 2025/127 of 27 January 2025 correcting certain language versions of Implementing Regulation (EU) 2021/808 on the performance of analytical methods for residues of pharmacologically active substances used in food-producing animals and on the interpretation of results as well as on the methods to be used for sampling,C/2025/423,"OJ L, 2025/127,  28.1.2025, ELI:http://data.europa.eu/eli/reg_impl/2025/127/oj(BG, ES, CS, DA, DE, ET, EL, EN, FR, GA, HR, IT, LV, LT, HU, MT, NL, PL, PT, RO, SK, SL, FI, SV)",In force,32025R0127,"BG, ES, CS, DA, DE, ET, EL, EN, FR, GA, HR, IT, LV, LT, HU, MT, NL, PL, PT, RO, SK, SL, FI, SV",Implementing regulation,"European Commission, Directorate-General for Translation",27/01/2025; Date of adoption,https://eur-lex.europa.eu/legal-content/AUTO/?uri=CELEX:32025R0127,662,,
"Commission Implementing Regulation (EU) 2024/591 of 20 February 2024 amending Implementing Regulation (EU) 2022/2389 concerning the establishment of frequency rates for identity checks and physical checks on consignments of plants, plant products and other objects entering the Union",C/2024/955,"OJ L, 2024/591,  21.2.2024, ELI:http://data.europa.eu/eli/reg_impl/2024/591/oj(BG, ES, CS, DA, DE, ET, EL, EN, FR, GA, HR, IT, LV, LT, HU, MT, NL, PL, PT, RO, SK, SL, FI, SV)",In force,32024R0591,"BG, ES, CS, DA, DE, ET, EL, EN, FR, GA, HR, IT, LV, LT, HU, MT, NL, PL, PT, RO, SK, SL, FI, SV",Implementing regulation,"European Commission, Directorate-General for Health and Food Safety",20/02/2024; Date of adoption,https://eur-lex.europa.eu/legal-content/AUTO/?uri=CELEX:32024R0591,662,,
Commission Implementing Decision (EU) 2025/949 of 22 May 2025 postponing the expiry date of the approval of decanoic acid for use in biocidal products of product-type 4 in accordance with Regulation (EU) No 528/2012 of the European Parliament and of the Council,C/2025/3127,"OJ L, 2025/949,  26.5.2025, ELI:http://data.europa.eu/eli/dec_impl/2025/949/oj(BG, ES, CS, DA, DE, ET, EL, EN, FR, GA, HR, IT, LV, LT, HU, MT, NL, PL, PT, RO, SK, SL, FI, SV)",In force,32025D0949,"BG, ES, CS, DA, DE, ET, EL, EN, FR, GA, HR, IT, LV, LT, HU, MT, NL, PL, PT, RO, SK, SL, FI, SV",Implementing decision,"European Commission, Directorate-General for Health and Food Safety",22/05/2025; Date of adoption,https://eur-lex.europa.eu/legal-content/AUTO/?uri=CELEX:32025D0949,663,,
Commission Implementing Decision (EU) 2025/951 of 22 May 2025 postponing the expiry date of the approval of polyvinylpyrrolidone iodine for use in biocidal products of product-types 1 and 3 in accordance with Regulation (EU) No 528/2012 of the European Parliament and of the Council,C/2025/3118,"OJ L, 2025/951,  26.5.2025, ELI:http://data.europa.eu/eli/dec_impl/2025/951/oj(BG, ES, CS, DA, DE, ET, EL, EN, FR, GA, HR, IT, LV, LT, HU, MT, NL, PL, PT, RO, SK, SL, FI, SV)",In force,32025D0951,"BG, ES, CS, DA, DE, ET, EL, EN, FR, GA, HR, IT, LV, LT, HU, MT, NL, PL, PT, RO, SK, SL, FI, SV",Implementing decision,"European Commission, Directorate-General for Health and Food Safety",22/05/2025; Date of adoption,https://eur-lex.europa.eu/legal-content/AUTO/?uri=CELEX:32025D0951,663,,
Commission Implementing Decision (EU) 2025/946 of 22 May 2025 postponing the expiry date of the approval of octanoic acid for use in biocidal products of product-type 4 in accordance with Regulation (EU) No 528/2012 of the European Parliament and of the Council,C/2025/3111,"OJ L, 2025/946,  23.5.2025, ELI:http://data.europa.eu/eli/dec_impl/2025/946/oj(BG, ES, CS, DA, DE, ET, EL, EN, FR, GA, HR, IT, LV, LT, HU, MT, NL, PL, PT, RO, SK, SL, FI, SV)",In force,32025D0946,"BG, ES, CS, DA, DE, ET, EL, EN, FR, GA, HR, IT, LV, LT, HU, MT, NL, PL, PT, RO, SK, SL, FI, SV",Implementing decision,"European Commission, Directorate-General for Health and Food Safety",22/05/2025; Date of adoption,https://eur-lex.europa.eu/legal-content/AUTO/?uri=CELEX:32025D0946,663,,
Commission Implementing Decision (EU) 2025/360 of 21 February 2025 postponing the expiry date of the approval of bromoacetic acid for use in biocidal products of product-type 4 in accordance with Regulation (EU) No 528/2012 of the European Parliament and of the Council,C/2025/1038,"OJ L, 2025/360,  25.2.2025, ELI:http://data.europa.eu/eli/dec_impl/2025/360/oj(BG, ES, CS, DA, DE, ET, EL, EN, FR, GA, HR, IT, LV, LT, HU, MT, NL, PL, PT, RO, SK, SL, FI, SV)",In force,32025D0360,"BG, ES, CS, DA, DE, ET, EL, EN, FR, GA, HR, IT, LV, LT, HU, MT, NL, PL, PT, RO, SK, SL, FI, SV",Implementing decision,"European Commission, Directorate-General for Health and Food Safety",21/02/2025; Date of adoption,https://eur-lex.europa.eu/legal-content/AUTO/?uri=CELEX:32025D0360,663,,
Commission Implementing Regulation (EU) 2025/285 of 12 February 2025 amending Implementing Regulation (EU) 2023/1758 as regards administrative changes to the Union authorisation of the biocidal product family SALVECO SALVESAFE PRODUCTS,C/2025/826,"OJ L, 2025/285,  13.2.2025, ELI:http://data.europa.eu/eli/reg_impl/2025/285/oj(BG, ES, CS, DA, DE, ET, EL, EN, FR, GA, HR, IT, LV, LT, HU, MT, NL, PL, PT, RO, SK, SL, FI, SV)",In force,32025R0285,"BG, ES, CS, DA, DE, ET, EL, EN, FR, GA, HR, IT, LV, LT, HU, MT, NL, PL, PT, RO, SK, SL, FI, SV",Implementing regulation,"European Commission, Directorate-General for Health and Food Safety",12/02/2024; Date of adoption,https://eur-lex.europa.eu/legal-content/AUTO/?uri=CELEX:32025R0285,663,,
Commission Implementing Regulation (EU) 2024/1767 of 26 June 2024 granting a Union authorisation for the biocidal product family Sure Lactic Family in accordance with Regulation (EU) No 528/2012 of the European Parliament and of the Council,C/2024/4325,"OJ L, 2024/1767,  27.6.2024, ELI:http://data.europa.eu/eli/reg_impl/2024/1767/oj(BG, ES, CS, DA, DE, ET, EL, EN, FR, GA, HR, IT, LV, LT, HU, MT, NL, PL, PT, RO, SK, SL, FI, SV)",In force,32024R1767,"BG, ES, CS, DA, DE, ET, EL, EN, FR, GA, HR, IT, LV, LT, HU, MT, NL, PL, PT, RO, SK, SL, FI, SV",Implementing regulation,"European Commission, Directorate-General for Health and Food Safety",26/06/2024; Date of adoption,https://eur-lex.europa.eu/legal-content/AUTO/?uri=CELEX:32024R1767,663,,
Commission Implementing Regulation (EU) 2024/819 of 8 March 2024 imposing a definitive anti-dumping duty on imports of certain corrosion resistant steels originating in the People’s Republic of China following an expiry review pursuant to Article 11(2) of Regulation (EU) 2016/1036 of the European Parliament and of the Council,C/2024/1378,"OJ L, 2024/819,  11.3.2024, ELI:http://data.europa.eu/eli/reg_impl/2024/819/oj(BG, ES, CS, DA, DE, ET, EL, EN, FR, GA, HR, IT, LV, LT, HU, MT, NL, PL, PT, RO, SK, SL, FI, SV)",In force,32024R0819,"BG, ES, CS, DA, DE, ET, EL, EN, FR, GA, HR, IT, LV, LT, HU, MT, NL, PL, PT, RO, SK, SL, FI, SV",Implementing regulation,"European Commission, Directorate-General for Trade and Economic Security",08/03/2024; Date of adoption,https://eur-lex.europa.eu/legal-content/AUTO/?uri=CELEX:32024R0819,666,,
Commission Implementing Regulation (EU) 2024/819 of 8 March 2024 imposing a definitive anti-dumping duty on imports of certain corrosion resistant steels originating in the People’s Republic of China following an expiry review pursuant to Article 11(2) of Regulation (EU) 2016/1036 of the European Parliament and of the Council,C/2024/1378,"OJ L, 2024/819,  11.3.2024, ELI:http://data.europa.eu/eli/reg_impl/2024/819/oj(BG, ES, CS, DA, DE, ET, EL, EN, FR, GA, HR, IT, LV, LT, HU, MT, NL, PL, PT, RO, SK, SL, FI, SV)",In force,32024R0819,"BG, ES, CS, DA, DE, ET, EL, EN, FR, GA, HR, IT, LV, LT, HU, MT, NL, PL, PT, RO, SK, SL, FI, SV",Implementing regulation,"European Commission, Directorate-General for Trade and Economic Security",08/03/2024; Date of adoption,https://eur-lex.europa.eu/legal-content/AUTO/?uri=CELEX:32024R0819,667,,
Commission Implementing Regulation (EU) 2024/870 of 13 March 2024 amending Annex I to Implementing Regulation (EU) 2023/594 laying down special control measures for African swine fever,C/2024/1758,"OJ L, 2024/870,  14.3.2024, ELI:http://data.europa.eu/eli/reg_impl/2024/870/oj(BG, ES, CS, DA, DE, ET, EL, EN, FR, GA, HR, IT, LV, LT, HU, MT, NL, PL, PT, RO, SK, SL, FI, SV)",In force,32024R0870,"BG, ES, CS, DA, DE, ET, EL, EN, FR, GA, HR, IT, LV, LT, HU, MT, NL, PL, PT, RO, SK, SL, FI, SV",Implementing regulation,"European Commission, Directorate-General for Health and Food Safety",13/03/2024; Date of adoption,https://eur-lex.europa.eu/legal-content/AUTO/?uri=CELEX:32024R0870,667,,
Decision No S12 of 16 October 2024 concerning the reimbursement of healthcare in connection to patients’ transfer to another Member State in case of mass casualties following disasters,PUB/2025/236,"OJ C, C/2025/1598,  13.3.2025, ELI:http://data.europa.eu/eli/C/2025/1598/oj(BG, ES, CS, DA, DE, ET, EL, EN, FR, GA, HR, IT, LV, LT, HU, MT, NL, PL, PT, RO, SK, SL, FI, SV)",In force,32025D01598,"BG, ES, CS, DA, DE, ET, EL, EN, FR, GA, HR, IT, LV, LT, HU, MT, NL, PL, PT, RO, SK, SL, FI, SV",Decision,Administrative Commission for the Coordination of Social Security Systems,16/10/2024; Date of adoption,https://eur-lex.europa.eu/legal-content/AUTO/?uri=CELEX:32025D01598,673,,
"Council Decision (EU) 2025/521 of 10 March 2025 on the signing, on behalf of the European Union, of the Agreement between the European Union and the Republic of Lebanon, in the form of an Exchange of Letters, amending and supplementing the Agreement for scientific and technological cooperation between the European Union and the Republic of Lebanon setting out the terms and conditions for the participation of the Republic of Lebanon in the Partnership for Research and Innovation in the Mediterranean Area (PRIMA)",ST/5943/2025/INIT,"OJ L, 2025/521,  18.3.2025, ELI:http://data.europa.eu/eli/dec/2025/521/oj(BG, ES, CS, DA, DE, ET, EL, EN, FR, GA, HR, IT, LV, LT, HU, MT, NL, PL, PT, RO, SK, SL, FI, SV)",In force,32025D0521,"BG, ES, CS, DA, DE, ET, EL, EN, FR, GA, HR, IT, LV, LT, HU, MT, NL, PL, PT, RO, SK, SL, FI, SV",Decision,Council of the European Union,10/03/2025; Date of adoption,https://eur-lex.europa.eu/legal-content/AUTO/?uri=CELEX:32025D0521,674,,
"Commission Regulation (EU) 2025/351 of 21 February 2025 amending Regulation (EU) No 10/2011 on plastic materials and articles intended to come into contact with food, amending Regulation (EU) 2022/1616 on recycled plastic materials and articles intended to come into contact with foods, and repealing Regulation (EC) No 282/2008, and amending Regulation (EC) No 2023/2006 on good manufacturing practice for materials and articles intended to come into contact with food as regards recycled plastic and other matters related to quality control and manufacturing of plastic materials and articles intended to come into contact with food",C/2025/1085,"OJ L, 2025/351,  24.2.2025, ELI:http://data.europa.eu/eli/reg/2025/351/oj(BG, ES, CS, DA, DE, ET, EL, EN, FR, GA, HR, IT, LV, LT, HU, MT, NL, PL, PT, RO, SK, SL, FI, SV)",In force,32025R0351,"BG, ES, CS, DA, DE, ET, EL, EN, FR, GA, HR, IT, LV, LT, HU, MT, NL, PL, PT, RO, SK, SL, FI, SV",Regulation,"European Commission, Directorate-General for Health and Food Safety",21/02/2025; Date of adoption,https://eur-lex.europa.eu/legal-content/AUTO/?uri=CELEX:32025R0351,675,,
"Commission Regulation (EU) 2025/351 of 21 February 2025 amending Regulation (EU) No 10/2011 on plastic materials and articles intended to come into contact with food, amending Regulation (EU) 2022/1616 on recycled plastic materials and articles intended to come into contact with foods, and repealing Regulation (EC) No 282/2008, and amending Regulation (EC) No 2023/2006 on good manufacturing practice for materials and articles intended to come into contact with food as regards recycled plastic and other matters related to quality control and manufacturing of plastic materials and articles intended to come into contact with food",C/2025/1085,"OJ L, 2025/351,  24.2.2025, ELI:http://data.europa.eu/eli/reg/2025/351/oj(BG, ES, CS, DA, DE, ET, EL, EN, FR, GA, HR, IT, LV, LT, HU, MT, NL, PL, PT, RO, SK, SL, FI, SV)",In force,32025R0351,"BG, ES, CS, DA, DE, ET, EL, EN, FR, GA, HR, IT, LV, LT, HU, MT, NL, PL, PT, RO, SK, SL, FI, SV",Regulation,"European Commission, Directorate-General for Health and Food Safety",21/02/2025; Date of adoption,https://eur-lex.europa.eu/legal-content/AUTO/?uri=CELEX:32025R0351,676,,
Commission Implementing Decision (EU) 2024/1736 of 21 June 2024 laying down the final import response on behalf of the Union concerning the future import of terbufos pursuant to Regulation (EU) No 649/2012 of the European Parliament and of the Council,C/2024/4212,"OJ L, 2024/1736,  24.6.2024, ELI:http://data.europa.eu/eli/dec_impl/2024/1736/oj(BG, ES, CS, DA, DE, ET, EL, EN, FR, GA, HR, IT, LV, LT, HU, MT, NL, PL, PT, RO, SK, SL, FI, SV)",In force,32024D1736,"BG, ES, CS, DA, DE, ET, EL, EN, FR, GA, HR, IT, LV, LT, HU, MT, NL, PL, PT, RO, SK, SL, FI, SV",Implementing decision,"European Commission, Directorate-General for Environment",21/06/2024; Date of adoption,https://eur-lex.europa.eu/legal-content/AUTO/?uri=CELEX:32024D1736,681,,
Commission Regulation (EU) 2024/1595 of 5 June 2024 correcting certain language versions of Regulation (EU) 2023/1783 as regards the transitional provision on the applicability of Regulation (EC) No 396/2005 of the European Parliament and of the Council to certain active substances,C/2024/3657,"OJ L, 2024/1595,  6.6.2024, ELI:http://data.europa.eu/eli/reg/2024/1595/oj(BG, ES, CS, DA, DE, ET, EL, EN, FR, GA, HR, IT, LV, LT, HU, MT, NL, PL, PT, RO, SK, SL, FI, SV)",In force,32024R1595,"BG, ES, CS, DA, DE, ET, EL, EN, FR, GA, HR, IT, LV, LT, HU, MT, NL, PL, PT, RO, SK, SL, FI, SV",Regulation,"European Commission, Directorate-General for Translation",05/06/2024; Date of adoption,https://eur-lex.europa.eu/legal-content/AUTO/?uri=CELEX:32024R1595,681,,
"Commission Regulation (EU) 2024/1439 of 24 May 2024 amending Annexes II and III to Regulation (EC) No 396/2005 of the European Parliament and of the Council as regards maximum residue levels for fenazaquin, mepiquat and propamocarb in or on certain products",C/2024/3344,"OJ L, 2024/1439,  27.5.2024, ELI:http://data.europa.eu/eli/reg/2024/1439/oj(BG, ES, CS, DA, DE, ET, EL, EN, FR, GA, HR, IT, LV, LT, HU, MT, NL, PL, PT, RO, SK, SL, FI, SV)",In force,32024R1439,"BG, ES, CS, DA, DE, ET, EL, EN, FR, GA, HR, IT, LV, LT, HU, MT, NL, PL, PT, RO, SK, SL, FI, SV",Regulation,"European Commission, Directorate-General for Health and Food Safety",24/05/2024; Date of adoption,https://eur-lex.europa.eu/legal-content/AUTO/?uri=CELEX:32024R1439,681,,
"Commission Regulation (EU) 2024/1076 of 15 April 2024 amending Annexes II and V to Regulation (EC) No 396/2005 of the European Parliament and of the Council as regards maximum residue levels for bispyribac, metosulam, oryzalin, oxasulfuron and triazoxide in or on certain products",C/2024/2345,"OJ L, 2024/1076,  16.4.2024, ELI:http://data.europa.eu/eli/reg/2024/1076/oj(BG, ES, CS, DA, DE, ET, EL, EN, FR, GA, HR, IT, LV, LT, HU, MT, NL, PL, PT, RO, SK, SL, FI, SV)",In force,32024R1076,"BG, ES, CS, DA, DE, ET, EL, EN, FR, GA, HR, IT, LV, LT, HU, MT, NL, PL, PT, RO, SK, SL, FI, SV",Regulation,"European Commission, Directorate-General for Health and Food Safety",15/04/2024; Date of adoption,https://eur-lex.europa.eu/legal-content/AUTO/?uri=CELEX:32024R1076,681,,
Commission Regulation (EU) 2024/451 of 5 February 2024 amending Annex III to Regulation (EC) No 396/2005 of the European Parliament and of the Council as regards maximum residue levels for nicotine in or on certain products,C/2024/633,"OJ L, 2024/451,  6.2.2024, ELI:http://data.europa.eu/eli/reg/2024/451/oj(BG, ES, CS, DA, DE, ET, EL, EN, FR, GA, HR, IT, LV, LT, HU, MT, NL, PL, PT, RO, SK, SL, FI, SV)",In force,32024R0451,"BG, ES, CS, DA, DE, ET, EL, EN, FR, GA, HR, IT, LV, LT, HU, MT, NL, PL, PT, RO, SK, SL, FI, SV",Regulation,"European Commission, Directorate-General for Health and Food Safety",05/02/2024; Date of adoption,https://eur-lex.europa.eu/legal-content/AUTO/?uri=CELEX:32024R0451,681,,
"Commission Regulation (EU) 2024/345 of 22 January 2024 amending Annexes II, III and V to Regulation (EC) No 396/2005 of the European Parliament and of the Council as regards maximum residue levels for desmedipham, etridiazole, flurtamone, profoxydim, difenacoum and potassium permanganate in or on certain products",C/2024/268,"OJ L, 2024/345,  23.1.2024, ELI:http://data.europa.eu/eli/reg/2024/345/oj(BG, ES, CS, DA, DE, ET, EL, EN, FR, GA, HR, IT, LV, LT, HU, MT, NL, PL, PT, RO, SK, SL, FI, SV)",In force,32024R0345,"BG, ES, CS, DA, DE, ET, EL, EN, FR, GA, HR, IT, LV, LT, HU, MT, NL, PL, PT, RO, SK, SL, FI, SV",Regulation,"European Commission, Directorate-General for Health and Food Safety",22/01/2024; Date of adoption,https://eur-lex.europa.eu/legal-content/AUTO/?uri=CELEX:32024R0345,681,,
"Commission Regulation (EU) 2024/341 of 22 January 2024 amending Annexes II and V to Regulation (EC) No 396/2005 of the European Parliament and of the Council as regards maximum residue levels for diethofencarb, fenoxycarb, flutriafol and pencycuron in or on certain products",C/2024/280,"OJ L, 2024/341,  23.1.2024, ELI:http://data.europa.eu/eli/reg/2024/341/oj(BG, ES, CS, DA, DE, ET, EL, EN, FR, GA, HR, IT, LV, LT, HU, MT, NL, PL, PT, RO, SK, SL, FI, SV)",In force,32024R0341,"BG, ES, CS, DA, DE, ET, EL, EN, FR, GA, HR, IT, LV, LT, HU, MT, NL, PL, PT, RO, SK, SL, FI, SV",Regulation,"European Commission, Directorate-General for Health and Food Safety",22/01/2024; Date of adoption,https://eur-lex.europa.eu/legal-content/AUTO/?uri=CELEX:32024R0341,681,,
Commission Regulation (EU) 2024/331 of 19 January 2024 amending Annexes II and V to Regulation (EC) No 396/2005 of the European Parliament and of the Council as regards maximum residue levels for oxamyl in or on certain products,C/2024/260,"OJ L, 2024/331,  22.1.2024, ELI:http://data.europa.eu/eli/reg/2024/331/oj(BG, ES, CS, DA, DE, ET, EL, EN, FR, GA, HR, IT, LV, LT, HU, MT, NL, PL, PT, RO, SK, SL, FI, SV)",In force,32024R0331,"BG, ES, CS, DA, DE, ET, EL, EN, FR, GA, HR, IT, LV, LT, HU, MT, NL, PL, PT, RO, SK, SL, FI, SV",Regulation,"European Commission, Directorate-General for Health and Food Safety",19/01/2024; Date of adoption,https://eur-lex.europa.eu/legal-content/AUTO/?uri=CELEX:32024R0331,681,,
"Commission Regulation (EU) 2024/246 of 16 January 2024 amending Annex IV to Regulation (EC) No 396/2005 of the European Parliament and of the Council as regards Pythium oligandrum strain M1, Trichoderma atroviride strain AGR2 and Trichoderma atroviride strain AT10",C/2024/118,"OJ L, 2024/246,  17.1.2024, ELI:http://data.europa.eu/eli/reg/2024/246/oj(BG, ES, CS, DA, DE, ET, EL, EN, FR, GA, HR, IT, LV, LT, HU, MT, NL, PL, PT, RO, SK, SL, FI, SV)",In force,32024R0246,"BG, ES, CS, DA, DE, ET, EL, EN, FR, GA, HR, IT, LV, LT, HU, MT, NL, PL, PT, RO, SK, SL, FI, SV",Regulation,"European Commission, Directorate-General for Health and Food Safety",16/01/2024; Date of adoption,https://eur-lex.europa.eu/legal-content/AUTO/?uri=CELEX:32024R0246,681,,
Commission Implementing Regulation (EU) 2024/1653 of 4 June 2024 granting a Union authorisation for the biocidal product family Thonhauser PAA in accordance with Regulation (EU) No 528/2012 of the European Parliament and of the Council,C/2024/3572,"OJ L, 2024/1653,  7.6.2024, ELI:http://data.europa.eu/eli/reg_impl/2024/1653/oj(BG, ES, CS, DA, DE, ET, EL, EN, FR, GA, HR, IT, LV, LT, HU, MT, NL, PL, PT, RO, SK, SL, FI, SV)",In force,32024R1653,"BG, ES, CS, DA, DE, ET, EL, EN, FR, GA, HR, IT, LV, LT, HU, MT, NL, PL, PT, RO, SK, SL, FI, SV",Implementing regulation,"European Commission, Directorate-General for Health and Food Safety",04/06/2024; Date of adoption,https://eur-lex.europa.eu/legal-content/AUTO/?uri=CELEX:32024R1653,694,,
Commission Implementing Decision (EU) 2024/237 of 15 January 2024 amending Implementing Decision (EU) 2019/450 as regards the publication of references of European Assessment Documents for three-layer polyethylene-based coating for corrosion protection of steel pipes and other construction products,C/2024/65,"OJ L, 2024/237,  17.1.2024, ELI:http://data.europa.eu/eli/dec_impl/2024/237/oj(BG, ES, CS, DA, DE, ET, EL, EN, FR, GA, HR, IT, LV, LT, HU, MT, NL, PL, PT, RO, SK, SL, FI, SV)",In force,32024D0237,"BG, ES, CS, DA, DE, ET, EL, EN, FR, GA, HR, IT, LV, LT, HU, MT, NL, PL, PT, RO, SK, SL, FI, SV",Implementing decision,"European Commission, Directorate-General for Internal Market, Industry, Entrepreneurship and SMEs",15/01/2024; Date of adoption,https://eur-lex.europa.eu/legal-content/AUTO/?uri=CELEX:32024D0237,696,,
Council Decision (EU) 2025/93 of 10 January 2025 on the position to be taken on behalf of the European Union in the written procedure by the Participants to the Arrangement on Officially Supported Export Credits as regards the adoption of a decision on amendments to that Arrangement,ST/16807/2024/INIT,"OJ L, 2025/93,  16.1.2025, ELI:http://data.europa.eu/eli/dec/2025/93/oj(BG, ES, CS, DA, DE, ET, EL, EN, FR, GA, HR, IT, LV, LT, HU, MT, NL, PL, PT, RO, SK, SL, FI, SV)",In force,32025D0093,"BG, ES, CS, DA, DE, ET, EL, EN, FR, GA, HR, IT, LV, LT, HU, MT, NL, PL, PT, RO, SK, SL, FI, SV",Decision,Council of the European Union,10/01/2025; Date of adoption,https://eur-lex.europa.eu/legal-content/AUTO/?uri=CELEX:32025D0093,697,,
Council Decision (CFSP) 2025/1554 of 25 July 2025 on an assistance measure under the European Peace Facility to support the Djibouti Armed Forces,ST/10363/2025/INIT,"OJ L, 2025/1554,  28.7.2025, ELI:http://data.europa.eu/eli/dec/2025/1554/oj(BG, ES, CS, DA, DE, ET, EL, EN, FR, GA, HR, IT, LV, LT, HU, MT, NL, PL, PT, RO, SK, SL, FI, SV)",In force,32025D1554,"BG, ES, CS, DA, DE, ET, EL, EN, FR, GA, HR, IT, LV, LT, HU, MT, NL, PL, PT, RO, SK, SL, FI, SV",Decision,Council of the European Union,25/07/2025; Date of adoption,https://eur-lex.europa.eu/legal-content/AUTO/?uri=CELEX:32025D1554,708,,
Political and Security Committee Decision (CFSP) 2024/2590 of 24 September 2024 extending the mandate of the Head of the Civilian Command and Support Cell of the European Union Security and Defence Initiative in support of West African countries of the Gulf of Guinea (EUSDI/2/2024),ST/13172/2024/INIT,"OJ L, 2024/2590,  30.9.2024, ELI:http://data.europa.eu/eli/dec/2024/2590/oj(BG, ES, CS, DA, DE, ET, EL, EN, FR, GA, HR, IT, LV, LT, HU, MT, NL, PL, PT, RO, SK, SL, FI, SV)",In force,32024D2590,"BG, ES, CS, DA, DE, ET, EL, EN, FR, GA, HR, IT, LV, LT, HU, MT, NL, PL, PT, RO, SK, SL, FI, SV",Decision,Political and Security Committee,24/09/2024; Date of adoption,https://eur-lex.europa.eu/legal-content/AUTO/?uri=CELEX:32024D2590,708,,
"Commission Regulation (EU) 2025/1305 of 2 July 2025 amending Annexes II, III and IV to Regulation (EC) No 396/2005 of the European Parliament and of the Council as regards maximum residue levels for amidosulfuron, azoxystrobin, hexythiazox, isoxaben, picloram, propamocarb, sodium silver thiosulfate and tefluthrin in or on certain products",C/2025/4303,"OJ L, 2025/1305,  3.7.2025, ELI:http://data.europa.eu/eli/reg/2025/1305/oj(BG, ES, CS, DA, DE, ET, EL, EN, FR, GA, HR, IT, LV, LT, HU, MT, NL, PL, PT, RO, SK, SL, FI, SV)",In force,32025R1305,"BG, ES, CS, DA, DE, ET, EL, EN, FR, GA, HR, IT, LV, LT, HU, MT, NL, PL, PT, RO, SK, SL, FI, SV",Regulation,"European Commission, Directorate-General for Health and Food Safety",02/07/2025; Date of adoption,https://eur-lex.europa.eu/legal-content/AUTO/?uri=CELEX:32025R1305,708,,
"Commission Regulation (EU) 2025/1090 of 2 June 2025 amending Annex XVII to Regulation (EC) No 1907/2006 of the European Parliament and of the Council as regards N,N-dimethylacetamide (DMAC) and 1-ethylpyrrolidin-2-one (NEP)",C/2025/3318,"OJ L, 2025/1090,  3.6.2025, ELI:http://data.europa.eu/eli/reg/2025/1090/oj(BG, ES, CS, DA, DE, ET, EL, EN, FR, GA, HR, IT, LV, LT, HU, MT, NL, PL, PT, RO, SK, SL, FI, SV)",In force,32025R1090,"BG, ES, CS, DA, DE, ET, EL, EN, FR, GA, HR, IT, LV, LT, HU, MT, NL, PL, PT, RO, SK, SL, FI, SV",Regulation,"European Commission, Directorate-General for Internal Market, Industry, Entrepreneurship and SMEs",02/06/2025; Date of adoption,https://eur-lex.europa.eu/legal-content/AUTO/?uri=CELEX:32025R1090,708,,
"Commission Implementing Regulation (EU) 2025/854 of 7 May 2025 concerning a coordinated multiannual control programme of the Union for 2026, 2027 and 2028 to ensure compliance with maximum residue levels of pesticides and to assess the consumer exposure to pesticide residues in and on food of plant and animal origin and repealing Implementing Regulation (EU) 2024/989",C/2025/2660,"OJ L, 2025/854,  8.5.2025, ELI:http://data.europa.eu/eli/reg_impl/2025/854/oj(BG, ES, CS, DA, DE, ET, EL, EN, FR, GA, HR, IT, LV, LT, HU, MT, NL, PL, PT, RO, SK, SL, FI, SV)",Date of entry into force unknown (pending notification) or not yet in force.,32025R0854,"BG, ES, CS, DA, DE, ET, EL, EN, FR, GA, HR, IT, LV, LT, HU, MT, NL, PL, PT, RO, SK, SL, FI, SV",Implementing regulation,"European Commission, Directorate-General for Health and Food Safety",07/05/2025; Date of adoption,https://eur-lex.europa.eu/legal-content/AUTO/?uri=CELEX:32025R0854,708,,
"Commission Regulation (EU) 2025/1305 of 2 July 2025 amending Annexes II, III and IV to Regulation (EC) No 396/2005 of the European Parliament and of the Council as regards maximum residue levels for amidosulfuron, azoxystrobin, hexythiazox, isoxaben, picloram, propamocarb, sodium silver thiosulfate and tefluthrin in or on certain products",C/2025/4303,"OJ L, 2025/1305,  3.7.2025, ELI:http://data.europa.eu/eli/reg/2025/1305/oj(BG, ES, CS, DA, DE, ET, EL, EN, FR, GA, HR, IT, LV, LT, HU, MT, NL, PL, PT, RO, SK, SL, FI, SV)",In force,32025R1305,"BG, ES, CS, DA, DE, ET, EL, EN, FR, GA, HR, IT, LV, LT, HU, MT, NL, PL, PT, RO, SK, SL, FI, SV",Regulation,"European Commission, Directorate-General for Health and Food Safety",02/07/2025; Date of adoption,https://eur-lex.europa.eu/legal-content/AUTO/?uri=CELEX:32025R1305,709,,
"Commission Regulation (EU) 2025/1090 of 2 June 2025 amending Annex XVII to Regulation (EC) No 1907/2006 of the European Parliament and of the Council as regards N,N-dimethylacetamide (DMAC) and 1-ethylpyrrolidin-2-one (NEP)",C/2025/3318,"OJ L, 2025/1090,  3.6.2025, ELI:http://data.europa.eu/eli/reg/2025/1090/oj(BG, ES, CS, DA, DE, ET, EL, EN, FR, GA, HR, IT, LV, LT, HU, MT, NL, PL, PT, RO, SK, SL, FI, SV)",In force,32025R1090,"BG, ES, CS, DA, DE, ET, EL, EN, FR, GA, HR, IT, LV, LT, HU, MT, NL, PL, PT, RO, SK, SL, FI, SV",Regulation,"European Commission, Directorate-General for Internal Market, Industry, Entrepreneurship and SMEs",02/06/2025; Date of adoption,https://eur-lex.europa.eu/legal-content/AUTO/?uri=CELEX:32025R1090,709,,
"Commission Implementing Regulation (EU) 2025/854 of 7 May 2025 concerning a coordinated multiannual control programme of the Union for 2026, 2027 and 2028 to ensure compliance with maximum residue levels of pesticides and to assess the consumer exposure to pesticide residues in and on food of plant and animal origin and repealing Implementing Regulation (EU) 2024/989",C/2025/2660,"OJ L, 2025/854,  8.5.2025, ELI:http://data.europa.eu/eli/reg_impl/2025/854/oj(BG, ES, CS, DA, DE, ET, EL, EN, FR, GA, HR, IT, LV, LT, HU, MT, NL, PL, PT, RO, SK, SL, FI, SV)",Date of entry into force unknown (pending notification) or not yet in force.,32025R0854,"BG, ES, CS, DA, DE, ET, EL, EN, FR, GA, HR, IT, LV, LT, HU, MT, NL, PL, PT, RO, SK, SL, FI, SV",Implementing regulation,"European Commission, Directorate-General for Health and Food Safety",07/05/2025; Date of adoption,https://eur-lex.europa.eu/legal-content/AUTO/?uri=CELEX:32025R0854,709,,
"Commission Implementing Regulation (EU) 2025/623 of 28 March 2025 establishing, pursuant to Regulation (EU) 2024/573 of the European Parliament and of the Council minimum requirements for certificates of natural persons and the conditions for the mutual recognition of such certificates as regards the recovery of fluorinated greenhouse gas-based solvents from equipment and repealing Commission Regulation (EC) No 306/2008",C/2025/1772,"OJ L, 2025/623,  31.3.2025, ELI:http://data.europa.eu/eli/reg_impl/2025/623/oj(BG, ES, CS, DA, DE, ET, EL, EN, FR, GA, HR, IT, LV, LT, HU, MT, NL, PL, PT, RO, SK, SL, FI, SV)",In force,32025R0623,"BG, ES, CS, DA, DE, ET, EL, EN, FR, GA, HR, IT, LV, LT, HU, MT, NL, PL, PT, RO, SK, SL, FI, SV",Implementing regulation,"European Commission, Directorate-General for Climate Action",28/03/2025; Date of adoption,https://eur-lex.europa.eu/legal-content/AUTO/?uri=CELEX:32025R0623,709,,
"Commission Regulation (EU) 2025/581 of 27 March 2025 amending Annexes II and IV to Regulation (EC) No 396/2005 of the European Parliament and of the Council as regards maximum residue levels for cycloxydim, dichlorprop-P, flupyradifurone, methyl nonyl ketone, plant oils/citronella oil, potassium sorbate and potassium phosphonate in or on certain products",C/2025/1799,"OJ L, 2025/581,  28.3.2025, ELI:http://data.europa.eu/eli/reg/2025/581/oj(BG, ES, CS, DA, DE, ET, EL, EN, FR, GA, HR, IT, LV, LT, HU, MT, NL, PL, PT, RO, SK, SL, FI, SV)",In force,32025R0581,"BG, ES, CS, DA, DE, ET, EL, EN, FR, GA, HR, IT, LV, LT, HU, MT, NL, PL, PT, RO, SK, SL, FI, SV",Regulation,"European Commission, Directorate-General for Health and Food Safety",27/03/2025; Date of adoption,https://eur-lex.europa.eu/legal-content/AUTO/?uri=CELEX:32025R0581,709,,
Commission Regulation (EU) 2025/195 of 3 February 2025 amending Annex II to Regulation (EC) No 396/2005 of the European Parliament and of the Council as regards maximum residue levels for fenbuconazole and penconazole in or on certain products,C/2025/612,"OJ L, 2025/195,  4.2.2025, ELI:http://data.europa.eu/eli/reg/2025/195/oj(BG, ES, CS, DA, DE, ET, EL, EN, FR, GA, HR, IT, LV, LT, HU, MT, NL, PL, PT, RO, SK, SL, FI, SV)",In force,32025R0195,"BG, ES, CS, DA, DE, ET, EL, EN, FR, GA, HR, IT, LV, LT, HU, MT, NL, PL, PT, RO, SK, SL, FI, SV",Regulation,"European Commission, Directorate-General for Health and Food Safety",03/02/2025; Date of adoption,https://eur-lex.europa.eu/legal-content/AUTO/?uri=CELEX:32025R0195,709,,
Commission Implementing Decision (EU) 2024/2073 of 31 July 2024 refusing the renewal of the authorisation of Smoke Concentrate 809045 (SF-003) as a smoke flavouring primary product (notified under document C(2024) 3703),C/2024/3703,"OJ L, 2024/2073,  1.8.2024, ELI:http://data.europa.eu/eli/dec_impl/2024/2073/oj(BG, ES, CS, DA, DE, ET, EL, EN, FR, GA, HR, IT, LV, LT, HU, MT, NL, PL, PT, RO, SK, SL, FI, SV)",In force,32024D2073,"BG, ES, CS, DA, DE, ET, EL, EN, FR, GA, HR, IT, LV, LT, HU, MT, NL, PL, PT, RO, SK, SL, FI, SV",Implementing decision,"European Commission, Directorate-General for Health and Food Safety",31/07/2024; Date of adoption,https://eur-lex.europa.eu/legal-content/AUTO/?uri=CELEX:32024D2073,710,,
Commission Implementing Decision (EU) 2024/2072 of 31 July 2024 refusing the renewal of the authorisation of Scansmoke SEF 7525 (SF-004) as a smoke flavouring primary product (notified under document C(2024) 3704),C/2024/3704,"OJ L, 2024/2072,  1.8.2024, ELI:http://data.europa.eu/eli/dec_impl/2024/2072/oj(BG, ES, CS, DA, DE, ET, EL, EN, FR, GA, HR, IT, LV, LT, HU, MT, NL, PL, PT, RO, SK, SL, FI, SV)",In force,32024D2072,"BG, ES, CS, DA, DE, ET, EL, EN, FR, GA, HR, IT, LV, LT, HU, MT, NL, PL, PT, RO, SK, SL, FI, SV",Implementing decision,"European Commission, Directorate-General for Health and Food Safety",31/07/2024; Date of adoption,https://eur-lex.europa.eu/legal-content/AUTO/?uri=CELEX:32024D2072,710,,
Commission Implementing Decision (EU) 2024/2079 of 31 July 2024 refusing the renewal of the authorisation of SmokEz C-10 (SF-005) as a smoke flavouring primary product (notified under document C(2024) 3705),C/2024/3705,"OJ L, 2024/2079,  1.8.2024, ELI:http://data.europa.eu/eli/dec_impl/2024/2079/oj(BG, ES, CS, DA, DE, ET, EL, EN, FR, GA, HR, IT, LV, LT, HU, MT, NL, PL, PT, RO, SK, SL, FI, SV)",In force,32024D2079,"BG, ES, CS, DA, DE, ET, EL, EN, FR, GA, HR, IT, LV, LT, HU, MT, NL, PL, PT, RO, SK, SL, FI, SV",Implementing decision,"European Commission, Directorate-General for Health and Food Safety",31/07/2024; Date of adoption,https://eur-lex.europa.eu/legal-content/AUTO/?uri=CELEX:32024D2079,710,,
Commission Implementing Decision (EU) 2024/2071 of 31 July 2024 refusing the renewal of the authorisation of Scansmoke PB 1110 (SF-001) as a smoke flavouring primary product (notified under document C(2024) 3700),C/2024/3700,"OJ L, 2024/2071,  1.8.2024, ELI:http://data.europa.eu/eli/dec_impl/2024/2071/oj(BG, ES, CS, DA, DE, ET, EL, EN, FR, GA, HR, IT, LV, LT, HU, MT, NL, PL, PT, RO, SK, SL, FI, SV)",In force,32024D2071,"BG, ES, CS, DA, DE, ET, EL, EN, FR, GA, HR, IT, LV, LT, HU, MT, NL, PL, PT, RO, SK, SL, FI, SV",Implementing decision,"European Commission, Directorate-General for Health and Food Safety",31/07/2024; Date of adoption,https://eur-lex.europa.eu/legal-content/AUTO/?uri=CELEX:32024D2071,710,,
"Commission Regulation (EU) 2024/1342 of 21 May 2024 amending Annex II to Regulation (EC) No 396/2005 of the European Parliament and of the Council as regards maximum residue levels for deltamethrin, metalaxyl, thiabendazole and trifloxystrobin in or on certain products",C/2024/3240,"OJ L, 2024/1342,  22.5.2024, ELI:http://data.europa.eu/eli/reg/2024/1342/oj(BG, ES, CS, DA, DE, ET, EL, EN, FR, GA, HR, IT, LV, LT, HU, MT, NL, PL, PT, RO, SK, SL, FI, SV)",In force,32024R1342,"BG, ES, CS, DA, DE, ET, EL, EN, FR, GA, HR, IT, LV, LT, HU, MT, NL, PL, PT, RO, SK, SL, FI, SV",Regulation,"European Commission, Directorate-General for Health and Food Safety",21/05/2024; Date of adoption,https://eur-lex.europa.eu/legal-content/AUTO/?uri=CELEX:32024R1342,710,,
"Commission Regulation (EU) 2024/1355 of 21 May 2024 amending Annexes II, III and V to Regulation (EC) No 396/2005 of the European Parliament and of the Council as regards maximum residue levels for benzovindiflupyr, chlorantraniliprole, emamectin, quinclorac, spiromesifen, and triflumuron in or on certain products",C/2024/3255,"OJ L, 2024/1355,  22.5.2024, ELI:http://data.europa.eu/eli/reg/2024/1355/oj(BG, ES, CS, DA, DE, ET, EL, EN, FR, GA, HR, IT, LV, LT, HU, MT, NL, PL, PT, RO, SK, SL, FI, SV)",In force,32024R1355,"BG, ES, CS, DA, DE, ET, EL, EN, FR, GA, HR, IT, LV, LT, HU, MT, NL, PL, PT, RO, SK, SL, FI, SV",Regulation,"European Commission, Directorate-General for Health and Food Safety",21/05/2024; Date of adoption,https://eur-lex.europa.eu/legal-content/AUTO/?uri=CELEX:32024R1355,710,,
Commission Regulation (EU) 2024/1314 of 15 May 2024 amending Annex III to Regulation (EC) No 396/2005 of the European Parliament and of the Council as regards maximum residue levels for dithianon in or on certain products,C/2024/3150,"OJ L, 2024/1314,  16.5.2024, ELI:http://data.europa.eu/eli/reg/2024/1314/oj(BG, ES, CS, DA, DE, ET, EL, EN, FR, GA, HR, IT, LV, LT, HU, MT, NL, PL, PT, RO, SK, SL, FI, SV)",In force,32024R1314,"BG, ES, CS, DA, DE, ET, EL, EN, FR, GA, HR, IT, LV, LT, HU, MT, NL, PL, PT, RO, SK, SL, FI, SV",Regulation,"European Commission, Directorate-General for Health and Food Safety",15/05/2024; Date of adoption,https://eur-lex.europa.eu/legal-content/AUTO/?uri=CELEX:32024R1314,710,,
"Commission Regulation (EU) 2024/1077 of 15 April 2024 amending Annex II to Regulation (EC) No 396/2005 of the European Parliament and of the Council as regards maximum residue levels for 2,4-DB, iodosulfuron-methyl, mesotrione and pyraflufen-ethyl in or on certain products",C/2024/2342,"OJ L, 2024/1077,  16.4.2024, ELI:http://data.europa.eu/eli/reg/2024/1077/oj(BG, ES, CS, DA, DE, ET, EL, EN, FR, GA, HR, IT, LV, LT, HU, MT, NL, PL, PT, RO, SK, SL, FI, SV)",In force,32024R1077,"BG, ES, CS, DA, DE, ET, EL, EN, FR, GA, HR, IT, LV, LT, HU, MT, NL, PL, PT, RO, SK, SL, FI, SV",Regulation,"European Commission, Directorate-General for Health and Food Safety",15/04/2024; Date of adoption,https://eur-lex.europa.eu/legal-content/AUTO/?uri=CELEX:32024R1077,710,,
"Commission Regulation (EU) 2024/996 of 3 April 2024 amending Regulation (EC) No 1223/2009 of the European Parliament and of the Council as regards the use of Vitamin A, Alpha-Arbutin and Arbutin and certain substances with potential endocrine disrupting properties in cosmetic products",C/2024/1768,"OJ L, 2024/996,  4.4.2024, ELI:http://data.europa.eu/eli/reg/2024/996/oj(BG, ES, CS, DA, DE, ET, EL, EN, FR, GA, HR, IT, LV, LT, HU, MT, NL, PL, PT, RO, SK, SL, FI, SV)",In force,32024R0996,"BG, ES, CS, DA, DE, ET, EL, EN, FR, GA, HR, IT, LV, LT, HU, MT, NL, PL, PT, RO, SK, SL, FI, SV",Regulation,"European Commission, Directorate-General for Internal Market, Industry, Entrepreneurship and SMEs",03/04/2024; Date of adoption,https://eur-lex.europa.eu/legal-content/AUTO/?uri=CELEX:32024R0996,710,,
"Commission Implementing Regulation (EU) 2024/989 of 2 April 2024 concerning a coordinated multiannual control programme of the Union for 2025, 2026 and 2027 to ensure compliance with maximum residue levels of pesticides and to assess the consumer exposure to pesticide residues in and on food of plant and animal origin and repealing Implementing Regulation (EU) 2023/731",C/2024/1939,"OJ L, 2024/989,  3.4.2024, ELI:http://data.europa.eu/eli/reg_impl/2024/989/oj(BG, ES, CS, DA, DE, ET, EL, EN, FR, GA, HR, IT, LV, LT, HU, MT, NL, PL, PT, RO, SK, SL, FI, SV)",In force,32024R0989,"BG, ES, CS, DA, DE, ET, EL, EN, FR, GA, HR, IT, LV, LT, HU, MT, NL, PL, PT, RO, SK, SL, FI, SV",Implementing regulation,"European Commission, Directorate-General for Health and Food Safety",02/04/2024; Date of adoption,https://eur-lex.europa.eu/legal-content/AUTO/?uri=CELEX:32024R0989,710,,
"Commission Regulation (EU) 2024/996 of 3 April 2024 amending Regulation (EC) No 1223/2009 of the European Parliament and of the Council as regards the use of Vitamin A, Alpha-Arbutin and Arbutin and certain substances with potential endocrine disrupting properties in cosmetic products",C/2024/1768,"OJ L, 2024/996,  4.4.2024, ELI:http://data.europa.eu/eli/reg/2024/996/oj(BG, ES, CS, DA, DE, ET, EL, EN, FR, GA, HR, IT, LV, LT, HU, MT, NL, PL, PT, RO, SK, SL, FI, SV)",In force,32024R0996,"BG, ES, CS, DA, DE, ET, EL, EN, FR, GA, HR, IT, LV, LT, HU, MT, NL, PL, PT, RO, SK, SL, FI, SV",Regulation,"European Commission, Directorate-General for Internal Market, Industry, Entrepreneurship and SMEs",03/04/2024; Date of adoption,https://eur-lex.europa.eu/legal-content/AUTO/?uri=CELEX:32024R0996,711,,
"Commission Implementing Regulation (EU) 2024/989 of 2 April 2024 concerning a coordinated multiannual control programme of the Union for 2025, 2026 and 2027 to ensure compliance with maximum residue levels of pesticides and to assess the consumer exposure to pesticide residues in and on food of plant and animal origin and repealing Implementing Regulation (EU) 2023/731",C/2024/1939,"OJ L, 2024/989,  3.4.2024, ELI:http://data.europa.eu/eli/reg_impl/2024/989/oj(BG, ES, CS, DA, DE, ET, EL, EN, FR, GA, HR, IT, LV, LT, HU, MT, NL, PL, PT, RO, SK, SL, FI, SV)",In force,32024R0989,"BG, ES, CS, DA, DE, ET, EL, EN, FR, GA, HR, IT, LV, LT, HU, MT, NL, PL, PT, RO, SK, SL, FI, SV",Implementing regulation,"European Commission, Directorate-General for Health and Food Safety",02/04/2024; Date of adoption,https://eur-lex.europa.eu/legal-content/AUTO/?uri=CELEX:32024R0989,711,,
Commission Regulation (EU) 2024/891 of 22 March 2024 amending Annexes II and V to Regulation (EC) No 396/2005 of the European Parliament and of the Council as regards maximum residue levels for bifenazate in or on certain products,C/2024/1806,"OJ L, 2024/891,  25.3.2024, ELI:http://data.europa.eu/eli/reg/2024/891/oj(BG, ES, CS, DA, DE, ET, EL, EN, FR, GA, HR, IT, LV, LT, HU, MT, NL, PL, PT, RO, SK, SL, FI, SV)",In force,32024R0891,"BG, ES, CS, DA, DE, ET, EL, EN, FR, GA, HR, IT, LV, LT, HU, MT, NL, PL, PT, RO, SK, SL, FI, SV",Regulation,"European Commission, Directorate-General for Health and Food Safety",22/03/2024; Date of adoption,https://eur-lex.europa.eu/legal-content/AUTO/?uri=CELEX:32024R0891,711,,
Commission Regulation (EU) 2024/398 of 29 January 2024 amending Annex II to Regulation (EC) No 396/2005 of the European Parliament and of the Council as regards maximum residue levels for haloxyfop in or on certain products,C/2024/446,"OJ L, 2024/398,  30.1.2024, ELI:http://data.europa.eu/eli/reg/2024/398/oj(BG, ES, CS, DA, DE, ET, EL, EN, FR, GA, HR, IT, LV, LT, HU, MT, NL, PL, PT, RO, SK, SL, FI, SV)",In force,32024R0398,"BG, ES, CS, DA, DE, ET, EL, EN, FR, GA, HR, IT, LV, LT, HU, MT, NL, PL, PT, RO, SK, SL, FI, SV",Regulation,"European Commission, Directorate-General for Health and Food Safety",29/01/2024; Date of adoption,https://eur-lex.europa.eu/legal-content/AUTO/?uri=CELEX:32024R0398,711,,
Commission Regulation (EU) 2024/344 of 22 January 2024 amending and correcting Annex II to Regulation (EC) No 396/2005 of the European Parliament and of the Council as regards maximum residue levels for mandipropamid in or on certain products,C/2024/342,"OJ L, 2024/344,  23.1.2024, ELI:http://data.europa.eu/eli/reg/2024/344/oj(BG, ES, CS, DA, DE, ET, EL, EN, FR, GA, HR, IT, LV, LT, HU, MT, NL, PL, PT, RO, SK, SL, FI, SV)",In force,32024R0344,"BG, ES, CS, DA, DE, ET, EL, EN, FR, GA, HR, IT, LV, LT, HU, MT, NL, PL, PT, RO, SK, SL, FI, SV",Regulation,"European Commission, Directorate-General for Health and Food Safety",22/01/2024; Date of adoption,https://eur-lex.europa.eu/legal-content/AUTO/?uri=CELEX:32024R0344,711,,
"Commission Regulation (EU) 2024/342 of 22 January 2024 amending Annex II to Regulation (EC) No 396/2005 of the European Parliament and of the Council as regards maximum residue levels for cyflumetofen, oxathiapiprolin and pyraclostrobin in or on certain products",C/2024/292,"OJ L, 2024/342,  23.1.2024, ELI:http://data.europa.eu/eli/reg/2024/342/oj(BG, ES, CS, DA, DE, ET, EL, EN, FR, GA, HR, IT, LV, LT, HU, MT, NL, PL, PT, RO, SK, SL, FI, SV)",In force,32024R0342,"BG, ES, CS, DA, DE, ET, EL, EN, FR, GA, HR, IT, LV, LT, HU, MT, NL, PL, PT, RO, SK, SL, FI, SV",Regulation,"European Commission, Directorate-General for Health and Food Safety",22/01/2024; Date of adoption,https://eur-lex.europa.eu/legal-content/AUTO/?uri=CELEX:32024R0342,711,,
"Commission Regulation (EU) 2024/352 of 22 January 2024 amending Annexes II and V to Regulation (EC) No 396/2005 of the European Parliament and of the Council as regards maximum residue levels for (Z)-13-hexadecen-11-yn-1-yl acetate, (Z,Z,Z,Z)-7,13,16,19-docosatetraen-1-yl isobutyrate, acrinathrin, azimsulfuron, famoxadone, prochloraz and sodium hypochlorite in or on certain products",C/2024/357,"OJ L, 2024/352,  23.1.2024, ELI:http://data.europa.eu/eli/reg/2024/352/oj(BG, ES, CS, DA, DE, ET, EL, EN, FR, GA, HR, IT, LV, LT, HU, MT, NL, PL, PT, RO, SK, SL, FI, SV)",In force,32024R0352,"BG, ES, CS, DA, DE, ET, EL, EN, FR, GA, HR, IT, LV, LT, HU, MT, NL, PL, PT, RO, SK, SL, FI, SV",Regulation,"European Commission, Directorate-General for Health and Food Safety",22/01/2024; Date of adoption,https://eur-lex.europa.eu/legal-content/AUTO/?uri=CELEX:32024R0352,711,,
"Commission Regulation (EU) 2024/3190 of 19 December 2024 on the use of bisphenol A (BPA) and other bisphenols and bisphenol derivatives with harmonised classification for specific hazardous properties in certain materials and articles intended to come into contact with food, amending Regulation (EU) No 10/2011 and repealing Regulation (EU) 2018/213",C/2024/8885,"OJ L, 2024/3190,  31.12.2024, ELI:http://data.europa.eu/eli/reg/2024/3190/oj(BG, ES, CS, DA, DE, ET, EL, EN, FR, GA, HR, IT, LV, LT, HU, MT, NL, PL, PT, RO, SK, SL, FI, SV)",In force,32024R3190,"BG, ES, CS, DA, DE, ET, EL, EN, FR, GA, HR, IT, LV, LT, HU, MT, NL, PL, PT, RO, SK, SL, FI, SV",Regulation,"European Commission, Directorate-General for Health and Food Safety",19/12/2024; Date of adoption,https://eur-lex.europa.eu/legal-content/AUTO/?uri=CELEX:32024R3190,715,,
"Commission Regulation (EU) 2024/2492 of 23 September 2024 amending Regulation (EC) No 440/2008 as regards the test methods, to adapt them to technical progress",C/2024/6545,"OJ L, 2024/2492,  24.9.2024, ELI:http://data.europa.eu/eli/reg/2024/2492/oj(BG, ES, CS, DA, DE, ET, EL, EN, FR, GA, HR, IT, LV, LT, HU, MT, NL, PL, PT, RO, SK, SL, FI, SV)",In force,32024R2492,"BG, ES, CS, DA, DE, ET, EL, EN, FR, GA, HR, IT, LV, LT, HU, MT, NL, PL, PT, RO, SK, SL, FI, SV",Regulation,"European Commission, Directorate-General for Environment",23/09/2024; Date of adoption,https://eur-lex.europa.eu/legal-content/AUTO/?uri=CELEX:32024R2492,715,,
"Commission Regulation (EU) 2024/3190 of 19 December 2024 on the use of bisphenol A (BPA) and other bisphenols and bisphenol derivatives with harmonised classification for specific hazardous properties in certain materials and articles intended to come into contact with food, amending Regulation (EU) No 10/2011 and repealing Regulation (EU) 2018/213",C/2024/8885,"OJ L, 2024/3190,  31.12.2024, ELI:http://data.europa.eu/eli/reg/2024/3190/oj(BG, ES, CS, DA, DE, ET, EL, EN, FR, GA, HR, IT, LV, LT, HU, MT, NL, PL, PT, RO, SK, SL, FI, SV)",In force,32024R3190,"BG, ES, CS, DA, DE, ET, EL, EN, FR, GA, HR, IT, LV, LT, HU, MT, NL, PL, PT, RO, SK, SL, FI, SV",Regulation,"European Commission, Directorate-General for Health and Food Safety",19/12/2024; Date of adoption,https://eur-lex.europa.eu/legal-content/AUTO/?uri=CELEX:32024R3190,716,,
"Commission Regulation (EU) 2024/2492 of 23 September 2024 amending Regulation (EC) No 440/2008 as regards the test methods, to adapt them to technical progress",C/2024/6545,"OJ L, 2024/2492,  24.9.2024, ELI:http://data.europa.eu/eli/reg/2024/2492/oj(BG, ES, CS, DA, DE, ET, EL, EN, FR, GA, HR, IT, LV, LT, HU, MT, NL, PL, PT, RO, SK, SL, FI, SV)",In force,32024R2492,"BG, ES, CS, DA, DE, ET, EL, EN, FR, GA, HR, IT, LV, LT, HU, MT, NL, PL, PT, RO, SK, SL, FI, SV",Regulation,"European Commission, Directorate-General for Environment",23/09/2024; Date of adoption,https://eur-lex.europa.eu/legal-content/AUTO/?uri=CELEX:32024R2492,716,,
Commission Implementing Regulation (EU) 2025/223 of 6 February 2025 amending Implementing Regulation (EU) 2022/1423 as regards minor changes to the Union authorisation for the biocidal product family Hydrogen Peroxide Family 1,C/2025/708,"OJ L, 2025/223,  12.2.2025, ELI:http://data.europa.eu/eli/reg_impl/2025/223/oj(BG, ES, CS, DA, DE, ET, EL, EN, FR, GA, HR, IT, LV, LT, HU, MT, NL, PL, PT, RO, SK, SL, FI, SV)",In force,32025R0223,"BG, ES, CS, DA, DE, ET, EL, EN, FR, GA, HR, IT, LV, LT, HU, MT, NL, PL, PT, RO, SK, SL, FI, SV",Implementing regulation,"European Commission, Directorate-General for Health and Food Safety",06/02/2025; Date of adoption,https://eur-lex.europa.eu/legal-content/AUTO/?uri=CELEX:32025R0223,720,,
Commission Implementing Regulation (EU) 2024/772 of 4 March 2024 granting a Union authorisation for the single biocidal product AEROCLEAN in accordance with Regulation (EU) No 528/2012 of the European Parliament and of the Council,C/2024/1301,"OJ L, 2024/772,  5.3.2024, ELI:http://data.europa.eu/eli/reg_impl/2024/772/oj(BG, ES, CS, DA, DE, ET, EL, EN, FR, GA, HR, IT, LV, LT, HU, MT, NL, PL, PT, RO, SK, SL, FI, SV)",In force,32024R0772,"BG, ES, CS, DA, DE, ET, EL, EN, FR, GA, HR, IT, LV, LT, HU, MT, NL, PL, PT, RO, SK, SL, FI, SV",Implementing regulation,"European Commission, Directorate-General for Health and Food Safety",04/03/2024; Date of adoption,https://eur-lex.europa.eu/legal-content/AUTO/?uri=CELEX:32024R0772,720,,
"Commission Implementing Regulation (EU) 2024/885 of 20 March 2024 amending Implementing Regulation (EU) 2023/2782 laying down the methods of sampling and analysis for the control of the levels of mycotoxins in food as regards the method of sampling for dried herbs, herbal infusions (dried product), teas (dried product) and powdered spices",C/2024/1736,"OJ L, 2024/885,  21.3.2024, ELI:http://data.europa.eu/eli/reg_impl/2024/885/oj(BG, ES, CS, DA, DE, ET, EL, EN, FR, GA, HR, IT, LV, LT, HU, MT, NL, PL, PT, RO, SK, SL, FI, SV)",In force,32024R0885,"BG, ES, CS, DA, DE, ET, EL, EN, FR, GA, HR, IT, LV, LT, HU, MT, NL, PL, PT, RO, SK, SL, FI, SV",Implementing regulation,"European Commission, Directorate-General for Health and Food Safety",20/03/2024; Date of adoption,https://eur-lex.europa.eu/legal-content/AUTO/?uri=CELEX:32024R0885,726,,
Commission Regulation (EU) 2024/1002 of 4 April 2024 amending Regulation (EU) 2023/915 as regards the maximum levels of perchlorate in beans (Phaseolus vulgaris) with pods,C/2024/1957,"OJ L, 2024/1002,  5.4.2024, ELI:http://data.europa.eu/eli/reg/2024/1002/oj(BG, ES, CS, DA, DE, ET, EL, EN, FR, GA, HR, IT, LV, LT, HU, MT, NL, PL, PT, RO, SK, SL, FI, SV)",In force,32024R1002,"BG, ES, CS, DA, DE, ET, EL, EN, FR, GA, HR, IT, LV, LT, HU, MT, NL, PL, PT, RO, SK, SL, FI, SV",Regulation,"European Commission, Directorate-General for Health and Food Safety",04/04/2024; Date of adoption,https://eur-lex.europa.eu/legal-content/AUTO/?uri=CELEX:32024R1002,728,,
"Commission Implementing Regulation (EU) 2025/627 of 28 March 2025 establishing, pursuant to Regulation (EU) 2024/573 of the European Parliament and of the Council, minimum requirements for certificates of natural persons and the conditions for the mutual recognition of such certificates, as regards the installation, maintenance or servicing, repair or decommissioning of stationary electrical switchgear containing fluorinated greenhouse gases and recovery of fluorinated greenhouse gases from stationary electrical switchgear and repealing Commission Implementing Regulation (EU) 2015/2066",C/2025/1779,"OJ L, 2025/627,  31.3.2025, ELI:http://data.europa.eu/eli/reg_impl/2025/627/oj(BG, ES, CS, DA, DE, ET, EL, EN, FR, GA, HR, IT, LV, LT, HU, MT, NL, PL, PT, RO, SK, SL, FI, SV)",In force,32025R0627,"BG, ES, CS, DA, DE, ET, EL, EN, FR, GA, HR, IT, LV, LT, HU, MT, NL, PL, PT, RO, SK, SL, FI, SV",Implementing regulation,"European Commission, Directorate-General for Climate Action",28/03/2025; Date of adoption,https://eur-lex.europa.eu/legal-content/AUTO/?uri=CELEX:32025R0627,736,,
"Commission Regulation (EU) 2024/2856 of 12 November 2024 amending Annex I to Regulation (EC) No 1334/2008 of the European Parliament and of the Council as regards the removal of the flavouring substance Benzene-1,2-diol (FL No. 04.029) from the Union list",C/2024/7790,"OJ L, 2024/2856,  13.11.2024, ELI:http://data.europa.eu/eli/reg/2024/2856/oj(BG, ES, CS, DA, DE, ET, EL, EN, FR, GA, HR, IT, LV, LT, HU, MT, NL, PL, PT, RO, SK, SL, FI, SV)",In force,32024R2856,"BG, ES, CS, DA, DE, ET, EL, EN, FR, GA, HR, IT, LV, LT, HU, MT, NL, PL, PT, RO, SK, SL, FI, SV",Regulation,"European Commission, Directorate-General for Health and Food Safety",12/11/2024; Date of adoption,https://eur-lex.europa.eu/legal-content/AUTO/?uri=CELEX:32024R2856,736,,
"Commission Regulation (EU) 2024/2633 of 8 October 2024 amending Annex II to Regulation (EC) No 396/2005 of the European Parliament and of the Council as regards maximum residue levels for azoxystrobin, famoxadone, flutriafol, mandipropamid and mefentrifluconazole in or on certain products",C/2024/6887,"OJ L, 2024/2633,  9.10.2024, ELI:http://data.europa.eu/eli/reg/2024/2633/oj(BG, ES, CS, DA, DE, ET, EL, EN, FR, GA, HR, IT, LV, LT, HU, MT, NL, PL, PT, RO, SK, SL, FI, SV)",In force,32024R2633,"BG, ES, CS, DA, DE, ET, EL, EN, FR, GA, HR, IT, LV, LT, HU, MT, NL, PL, PT, RO, SK, SL, FI, SV",Regulation,"European Commission, Directorate-General for Health and Food Safety",08/10/2024; Date of adoption,https://eur-lex.europa.eu/legal-content/AUTO/?uri=CELEX:32024R2633,736,,
"Commission Implementing Regulation (EU) 2024/2215 of 6 September 2024 establishing, pursuant to Regulation (EU) 2024/573 of the European Parliament and of the Council, minimum requirements for the issuance of certificates to natural and legal persons and the conditions for the mutual recognition of such certificates, as regards stationary refrigeration, air conditioning and heat pump equipment, organic Rankine cycles and refrigeration units of refrigerated trucks, refrigerated trailers, refrigerated light-duty vehicles, intermodal containers and train wagons containing fluorinated greenhouse gases or their alternatives, and repealing Commission Implementing Regulation (EU) 2015/2067",C/2024/6151,"OJ L, 2024/2215,  9.9.2024, ELI:http://data.europa.eu/eli/reg_impl/2024/2215/oj(BG, ES, CS, DA, DE, ET, EL, EN, FR, GA, HR, IT, LV, LT, HU, MT, NL, PL, PT, RO, SK, SL, FI, SV)",In force,32024R2215,"BG, ES, CS, DA, DE, ET, EL, EN, FR, GA, HR, IT, LV, LT, HU, MT, NL, PL, PT, RO, SK, SL, FI, SV",Implementing regulation,"European Commission, Directorate-General for Climate Action",06/09/2024; Date of adoption,https://eur-lex.europa.eu/legal-content/AUTO/?uri=CELEX:32024R2215,736,,
Commission Implementing Regulation (EU) 2024/2067 of 31 July 2024 amending Implementing Regulation (EU) No 1321/2013 as regards the deletion of entries SF-001 to SF-010 from the Union list of authorised smoke flavouring primary products,C/2024/3709,"OJ L, 2024/2067,  1.8.2024, ELI:http://data.europa.eu/eli/reg_impl/2024/2067/oj(BG, ES, CS, DA, DE, ET, EL, EN, FR, GA, HR, IT, LV, LT, HU, MT, NL, PL, PT, RO, SK, SL, FI, SV)",In force,32024R2067,"BG, ES, CS, DA, DE, ET, EL, EN, FR, GA, HR, IT, LV, LT, HU, MT, NL, PL, PT, RO, SK, SL, FI, SV",Implementing regulation,"European Commission, Directorate-General for Health and Food Safety",31/07/2024; Date of adoption,https://eur-lex.europa.eu/legal-content/AUTO/?uri=CELEX:32024R2067,736,,
Commission Regulation (EU) 2024/2041 of 29 July 2024 amending Regulation (EU) No 432/2012 as regards the health claim on monacolin K from red yeast rice,C/2024/5349,"OJ L, 2024/2041,  30.7.2024, ELI:http://data.europa.eu/eli/reg/2024/2041/oj(BG, ES, CS, DA, DE, ET, EL, EN, FR, GA, HR, IT, LV, LT, HU, MT, NL, PL, PT, RO, SK, SL, FI, SV)",In force,32024R2041,"BG, ES, CS, DA, DE, ET, EL, EN, FR, GA, HR, IT, LV, LT, HU, MT, NL, PL, PT, RO, SK, SL, FI, SV",Regulation,"European Commission, Directorate-General for Health and Food Safety",29/07/2024; Date of adoption,https://eur-lex.europa.eu/legal-content/AUTO/?uri=CELEX:32024R2041,736,,
Commission Regulation (EU) 2024/347 of 22 January 2024 amending Annexes II and V to Regulation (EC) No 396/2005 of the European Parliament and of the Council as regards maximum residue levels for fipronil in or on certain products,C/2024/352,"OJ L, 2024/347,  23.1.2024, ELI:http://data.europa.eu/eli/reg/2024/347/oj(BG, ES, CS, DA, DE, ET, EL, EN, FR, GA, HR, IT, LV, LT, HU, MT, NL, PL, PT, RO, SK, SL, FI, SV)",In force,32024R0347,"BG, ES, CS, DA, DE, ET, EL, EN, FR, GA, HR, IT, LV, LT, HU, MT, NL, PL, PT, RO, SK, SL, FI, SV",Regulation,"European Commission, Directorate-General for Health and Food Safety",22/01/2024; Date of adoption,https://eur-lex.europa.eu/legal-content/AUTO/?uri=CELEX:32024R0347,736,,
"Council Decision (EU) 2024/1687 of 10 June 2024 on the position to be taken on behalf of the European Union at the 16th session of the Committee of Technical Experts of the Intergovernmental Organisation for International Carriage by Rail (OTIF) as regards the revision of the Uniform Technical Prescription applicable to the subsystem ‘rolling stock – freight wagons’, to the subsystem ‘rolling stock – noise’, to train composition and route compatibility checks, as well as to the subsystem ‘telematics applications for freight services’",ST/10063/2024/INIT,"OJ L, 2024/1687,  13.6.2024, ELI:http://data.europa.eu/eli/dec/2024/1687/oj(BG, ES, CS, DA, DE, ET, EL, EN, FR, GA, HR, IT, LV, LT, HU, MT, NL, PL, PT, RO, SK, SL, FI, SV)",In force,32024D1687,"BG, ES, CS, DA, DE, ET, EL, EN, FR, GA, HR, IT, LV, LT, HU, MT, NL, PL, PT, RO, SK, SL, FI, SV",Decision,Council of the European Union,10/06/2024; Date of adoption,https://eur-lex.europa.eu/legal-content/AUTO/?uri=CELEX:32024D1687,738,,
"Council Decision (EU) 2024/1687 of 10 June 2024 on the position to be taken on behalf of the European Union at the 16th session of the Committee of Technical Experts of the Intergovernmental Organisation for International Carriage by Rail (OTIF) as regards the revision of the Uniform Technical Prescription applicable to the subsystem ‘rolling stock – freight wagons’, to the subsystem ‘rolling stock – noise’, to train composition and route compatibility checks, as well as to the subsystem ‘telematics applications for freight services’",ST/10063/2024/INIT,"OJ L, 2024/1687,  13.6.2024, ELI:http://data.europa.eu/eli/dec/2024/1687/oj(BG, ES, CS, DA, DE, ET, EL, EN, FR, GA, HR, IT, LV, LT, HU, MT, NL, PL, PT, RO, SK, SL, FI, SV)",In force,32024D1687,"BG, ES, CS, DA, DE, ET, EL, EN, FR, GA, HR, IT, LV, LT, HU, MT, NL, PL, PT, RO, SK, SL, FI, SV",Decision,Council of the European Union,10/06/2024; Date of adoption,https://eur-lex.europa.eu/legal-content/AUTO/?uri=CELEX:32024D1687,740,,
Commission Implementing Decision (EU) 2025/871 of 30 April 2025 amending Implementing Decision (EU) 2019/450 as regards the publication of references of European Assessment Documents for insulating foils as barrier against substances with relevance to indoor air quality and polyethylene terephthalate-based foils with coating for insulating glass units and other construction products,C/2025/2746,"OJ L, 2025/871,  7.5.2025, ELI:http://data.europa.eu/eli/dec_impl/2025/871/oj(BG, ES, CS, DA, DE, ET, EL, EN, FR, GA, HR, IT, LV, LT, HU, MT, NL, PL, PT, RO, SK, SL, FI, SV)",In force,32025D0871,"BG, ES, CS, DA, DE, ET, EL, EN, FR, GA, HR, IT, LV, LT, HU, MT, NL, PL, PT, RO, SK, SL, FI, SV",Implementing decision,"European Commission, Directorate-General for Internal Market, Industry, Entrepreneurship and SMEs",30/04/2025; Date of adoption,https://eur-lex.europa.eu/legal-content/AUTO/?uri=CELEX:32025D0871,756,,
Commission Implementing Regulation (EU) 2024/3153 of 18 December 2024 amending Implementing Regulation (EU) 2019/1793 on the temporary increase of official controls and emergency measures governing the entry into the Union of certain goods from certain third countries implementing Regulations (EU) 2017/625 and (EC) No 178/2002 of the European Parliament and of the Council,C/2024/8856,"OJ L, 2024/3153,  19.12.2024, ELI:http://data.europa.eu/eli/reg_impl/2024/3153/oj(BG, ES, CS, DA, DE, ET, EL, EN, FR, GA, HR, IT, LV, LT, HU, MT, NL, PL, PT, RO, SK, SL, FI, SV)",In force,32024R3153,"BG, ES, CS, DA, DE, ET, EL, EN, FR, GA, HR, IT, LV, LT, HU, MT, NL, PL, PT, RO, SK, SL, FI, SV",Implementing regulation,"European Commission, Directorate-General for Health and Food Safety",18/12/2024; Date of adoption,https://eur-lex.europa.eu/legal-content/AUTO/?uri=CELEX:32024R3153,757,,
Commission Implementing Regulation (EU) 2024/1662 of 11 June 2024 amending Implementing Regulation (EU) 2019/1793 on the temporary increase of official controls and emergency measures governing the entry into the Union of certain goods from certain third countries implementing Regulations (EU) 2017/625 and (EC) No 178/2002 of the European Parliament and of the Council,C/2024/3730,"OJ L, 2024/1662,  12.6.2024, ELI:http://data.europa.eu/eli/reg_impl/2024/1662/oj(BG, ES, CS, DA, DE, ET, EL, EN, FR, GA, HR, IT, LV, LT, HU, MT, NL, PL, PT, RO, SK, SL, FI, SV)",In force,32024R1662,"BG, ES, CS, DA, DE, ET, EL, EN, FR, GA, HR, IT, LV, LT, HU, MT, NL, PL, PT, RO, SK, SL, FI, SV",Implementing regulation,"European Commission, Directorate-General for Health and Food Safety",11/06/2024; Date of adoption,https://eur-lex.europa.eu/legal-content/AUTO/?uri=CELEX:32024R1662,757,,
Commission Delegated Regulation (EU) 2024/1229 of 20 February 2024 supplementing Regulation (EU) 2019/4 of the European Parliament and of the Council by establishing specific maximum levels of cross-contamination of antimicrobial active substances in non-target feed and methods of analysis for these substances in feed,C/2024/954,"OJ L, 2024/1229,  30.4.2024, ELI:http://data.europa.eu/eli/reg_del/2024/1229/oj(BG, ES, CS, DA, DE, ET, EL, EN, FR, GA, HR, IT, LV, LT, HU, MT, NL, PL, PT, RO, SK, SL, FI, SV)",In force,32024R1229,"BG, ES, CS, DA, DE, ET, EL, EN, FR, GA, HR, IT, LV, LT, HU, MT, NL, PL, PT, RO, SK, SL, FI, SV",Delegated regulation,"European Commission, Directorate-General for Health and Food Safety",20/02/2024; Date of adoption,https://eur-lex.europa.eu/legal-content/AUTO/?uri=CELEX:32024R1229,757,,
Commission Implementing Regulation (EU) 2024/286 of 16 January 2024 amending Implementing Regulation (EU) 2019/1793 on the temporary increase of official controls and emergency measures governing the entry into the Union of certain goods from certain third countries implementing Regulations (EU) 2017/625 and (EC) No 178/2002 of the European Parliament and of the Council,C/2024/95,"OJ L, 2024/286,  17.1.2024, ELI:http://data.europa.eu/eli/reg_impl/2024/286/oj(BG, ES, CS, DA, DE, ET, EL, EN, FR, GA, HR, IT, LV, LT, HU, MT, NL, PL, PT, RO, SK, SL, FI, SV)",In force,32024R0286,"BG, ES, CS, DA, DE, ET, EL, EN, FR, GA, HR, IT, LV, LT, HU, MT, NL, PL, PT, RO, SK, SL, FI, SV",Implementing regulation,"European Commission, Directorate-General for Health and Food Safety",16/01/2024; Date of adoption,https://eur-lex.europa.eu/legal-content/AUTO/?uri=CELEX:32024R0286,757,,
"Commission Implementing Regulation (EU) 2025/1078 of 2 June 2025 establishing a derogation from Implementing Regulation (EU) 2019/2072 concerning the introduction into the Union territory of unrooted cuttings for planting of Calibrachoa spp., Petunia spp. and their hybrids from Guatemala",C/2025/3321,"OJ L, 2025/1078,  3.6.2025, ELI:http://data.europa.eu/eli/reg_impl/2025/1078/oj(BG, ES, CS, DA, DE, ET, EL, EN, FR, GA, HR, IT, LV, LT, HU, MT, NL, PL, PT, RO, SK, SL, FI, SV)",In force,32025R1078,"BG, ES, CS, DA, DE, ET, EL, EN, FR, GA, HR, IT, LV, LT, HU, MT, NL, PL, PT, RO, SK, SL, FI, SV",Implementing regulation,"European Commission, Directorate-General for Health and Food Safety",02/06/2025; Date of adoption,https://eur-lex.europa.eu/legal-content/AUTO/?uri=CELEX:32025R1078,761,,
Commission Implementing Regulation (EU) 2024/2491 of 16 September 2024 amending Annex I to Implementing Regulation (EU) 2023/594 laying down special control measures for African swine fever,C/2024/6595,"OJ L, 2024/2491,  18.9.2024, ELI:http://data.europa.eu/eli/reg_impl/2024/2491/oj(BG, ES, CS, DA, DE, ET, EL, EN, FR, GA, HR, IT, LV, LT, HU, MT, NL, PL, PT, RO, SK, SL, FI, SV)",In force,32024R2491,"BG, ES, CS, DA, DE, ET, EL, EN, FR, GA, HR, IT, LV, LT, HU, MT, NL, PL, PT, RO, SK, SL, FI, SV",Implementing regulation,"European Commission, Directorate-General for Health and Food Safety",16/09/2024; Date of adoption,https://eur-lex.europa.eu/legal-content/AUTO/?uri=CELEX:32024R2491,761,,
Commission Implementing Regulation (EU) 2024/589 of 20 February 2024 amending Implementing Regulation (EU) 2022/1927 as regards the list of demarcated areas for containment of Aleurocanthus spiniferus (Quaintance),C/2024/948,"OJ L, 2024/589,  21.2.2024, ELI:http://data.europa.eu/eli/reg_impl/2024/589/oj(BG, ES, CS, DA, DE, ET, EL, EN, FR, GA, HR, IT, LV, LT, HU, MT, NL, PL, PT, RO, SK, SL, FI, SV)",In force,32024R0589,"BG, ES, CS, DA, DE, ET, EL, EN, FR, GA, HR, IT, LV, LT, HU, MT, NL, PL, PT, RO, SK, SL, FI, SV",Implementing regulation,"European Commission, Directorate-General for Health and Food Safety",20/02/2024; Date of adoption,https://eur-lex.europa.eu/legal-content/AUTO/?uri=CELEX:32024R0589,761,,
Commission Decision (EU) 2024/2779 of 24 October 2024 setting up the group of experts on ecodesign for sustainable products and energy labelling (the Ecodesign Forum),C/2024/7356,"OJ L, 2024/2779,  29.10.2024, ELI:http://data.europa.eu/eli/dec/2024/2779/oj(BG, ES, CS, DA, DE, ET, EL, EN, FR, GA, HR, IT, LV, LT, HU, MT, NL, PL, PT, RO, SK, SL, FI, SV)",In force,32024D2779,"BG, ES, CS, DA, DE, ET, EL, EN, FR, GA, HR, IT, LV, LT, HU, MT, NL, PL, PT, RO, SK, SL, FI, SV",Decision,"European Commission, Directorate-General for Environment",24/10/2024; Date of adoption,https://eur-lex.europa.eu/legal-content/AUTO/?uri=CELEX:32024D2779,762,,
"Commission Regulation (EU) 2024/1078 of 15 April 2024 amending Annexes II and IV to Regulation (EC) No 396/2005 of the European Parliament and of the Council as regards maximum residue levels for azoxystrobin, flonicamid, isofetamid, mefentrifluconazole, metazachlor, pyrimethanil and quartz sand in or on certain products",C/2024/2341,"OJ L, 2024/1078,  16.4.2024, ELI:http://data.europa.eu/eli/reg/2024/1078/oj(BG, ES, CS, DA, DE, ET, EL, EN, FR, GA, HR, IT, LV, LT, HU, MT, NL, PL, PT, RO, SK, SL, FI, SV)",In force,32024R1078,"BG, ES, CS, DA, DE, ET, EL, EN, FR, GA, HR, IT, LV, LT, HU, MT, NL, PL, PT, RO, SK, SL, FI, SV",Regulation,"European Commission, Directorate-General for Health and Food Safety",15/04/2024; Date of adoption,https://eur-lex.europa.eu/legal-content/AUTO/?uri=CELEX:32024R1078,763,,
Commission Regulation (EU) 2024/376 of 24 January 2024 amending Annex II to Regulation (EC) No 396/2005 of the European Parliament and of the Council as regards maximum residue levels for indoxacarb in or on certain products,C/2024/363,"OJ L, 2024/376,  25.1.2024, ELI:http://data.europa.eu/eli/reg/2024/376/oj(BG, ES, CS, DA, DE, ET, EL, EN, FR, GA, HR, IT, LV, LT, HU, MT, NL, PL, PT, RO, SK, SL, FI, SV)",In force,32024R0376,"BG, ES, CS, DA, DE, ET, EL, EN, FR, GA, HR, IT, LV, LT, HU, MT, NL, PL, PT, RO, SK, SL, FI, SV",Regulation,"European Commission, Directorate-General for Health and Food Safety",24/01/2024; Date of adoption,https://eur-lex.europa.eu/legal-content/AUTO/?uri=CELEX:32024R0376,764,,
"Council Decision (EU) 2025/1302 of 17 June 2025 establishing the position to be taken on behalf of the European Union in the Partnership Council established by the Trade and Cooperation Agreement between the European Union and the European Atomic Energy Community, of the one part, and the United Kingdom of Great Britain and Northern Ireland, of the other part, as regards decision No 2/2025 of the Partnership Council",ST/9309/2025/INIT,"OJ L, 2025/1302,  2.7.2025, ELI:http://data.europa.eu/eli/dec/2025/1302/oj(BG, ES, CS, DA, DE, ET, EL, EN, FR, GA, HR, IT, LV, LT, HU, MT, NL, PL, PT, RO, SK, SL, FI, SV)",In force,32025D1302,"BG, ES, CS, DA, DE, ET, EL, EN, FR, GA, HR, IT, LV, LT, HU, MT, NL, PL, PT, RO, SK, SL, FI, SV",Decision,Council of the European Union,17/06/2025; Date of adoption,https://eur-lex.europa.eu/legal-content/AUTO/?uri=CELEX:32025D1302,766,,
"Council Decision (EU) 2025/1295 of 17 June 2025 establishing the position to be taken on behalf of the European Union in the Partnership Council established by the Trade and Cooperation Agreement between the European Union and the European Atomic Energy Community, of the one part, and the United Kingdom of Great Britain and Northern Ireland, of the other part, as regards a joint declaration of the Union and the United Kingdom in the Partnership Council of that Agreement",ST/9315/2025/INIT,"OJ L, 2025/1295,  30.6.2025, ELI:http://data.europa.eu/eli/dec/2025/1295/oj(BG, ES, CS, DA, DE, ET, EL, EN, FR, GA, HR, IT, LV, LT, HU, MT, NL, PL, PT, RO, SK, SL, FI, SV)",In force,32025D1295,"BG, ES, CS, DA, DE, ET, EL, EN, FR, GA, HR, IT, LV, LT, HU, MT, NL, PL, PT, RO, SK, SL, FI, SV",Decision,Council of the European Union,17/06/2025; Date of adoption,https://eur-lex.europa.eu/legal-content/AUTO/?uri=CELEX:32025D1295,766,,
"Political and Security Committee Decision (CFSP) 2025/1431 of 9 July 2025 on the appointment of the head of the military command and support cell of the European Union Security and Defence Initiative in support of West African countries of the Gulf of Guinea, and repealing Decision (CFSP) 2025/69 (EUSDI/2/2025)",ST/10769/2025/INIT,"OJ L, 2025/1431,  17.7.2025, ELI:http://data.europa.eu/eli/dec/2025/1431/oj(BG, ES, CS, DA, DE, ET, EL, EN, FR, GA, HR, IT, LV, LT, HU, MT, NL, PL, PT, RO, SK, SL, FI, SV)",In force,32025D1431,"BG, ES, CS, DA, DE, ET, EL, EN, FR, GA, HR, IT, LV, LT, HU, MT, NL, PL, PT, RO, SK, SL, FI, SV",Decision,Political and Security Committee,09/07/2025; Date of adoption,https://eur-lex.europa.eu/legal-content/AUTO/?uri=CELEX:32025D1431,776,,
Commission Regulation (EU) 2025/712 of 4 April 2025 establishing a fisheries closure for undulate ray in Union waters of 9 for vessels flying the flag of Spain,C/2025/2156,"OJ L, 2025/712,  9.4.2025, ELI:http://data.europa.eu/eli/reg/2025/712/oj(BG, ES, CS, DA, DE, ET, EL, EN, FR, GA, HR, IT, LV, LT, HU, MT, NL, PL, PT, RO, SK, SL, FI, SV)",In force,32025R0712,"BG, ES, CS, DA, DE, ET, EL, EN, FR, GA, HR, IT, LV, LT, HU, MT, NL, PL, PT, RO, SK, SL, FI, SV",Regulation,"European Commission, Directorate-General for Maritime Affairs and Fisheries",04/04/2025; Date of adoption,https://eur-lex.europa.eu/legal-content/AUTO/?uri=CELEX:32025R0712,776,,
"Commission Delegated Regulation (EU) 2025/283 of 28 November 2024 amending Regulation (EU) 2019/1241 of the European Parliament and of the Council as regards technical measures for certain demersal and pelagic fisheries in the Celtic Sea, the Irish Sea and the West of Scotland",C/2024/8285,"OJ L, 2025/283,  10.2.2025, ELI:http://data.europa.eu/eli/reg_del/2025/283/oj(BG, ES, CS, DA, DE, ET, EL, EN, FR, GA, HR, IT, LV, LT, HU, MT, NL, PL, PT, RO, SK, SL, FI, SV)",In force,32025R0283,"BG, ES, CS, DA, DE, ET, EL, EN, FR, GA, HR, IT, LV, LT, HU, MT, NL, PL, PT, RO, SK, SL, FI, SV",Delegated regulation,"European Commission, Directorate-General for Maritime Affairs and Fisheries",28/11/2024; Date of adoption,https://eur-lex.europa.eu/legal-content/AUTO/?uri=CELEX:32025R0283,779,,
Council Decision (EU) 2024/1644 of 30 May 2024 on the position to be taken on behalf of the European Union in the Energy Charter Conference,ST/9616/2024/INIT,"OJ L, 2024/1644,  6.6.2024, ELI:http://data.europa.eu/eli/dec/2024/1644/oj(BG, ES, CS, DA, DE, ET, EL, EN, FR, GA, HR, IT, LV, LT, HU, MT, NL, PL, PT, RO, SK, SL, FI, SV)",In force,32024D1644,"BG, ES, CS, DA, DE, ET, EL, EN, FR, GA, HR, IT, LV, LT, HU, MT, NL, PL, PT, RO, SK, SL, FI, SV",Decision,Council of the European Union,30/05/2024; Date of adoption,https://eur-lex.europa.eu/legal-content/AUTO/?uri=CELEX:32024D1644,789,,
Commission Delegated Regulation (EU) 2024/1108 of 13 March 2024 amending Regulation (EU) No 748/2012 as regards the initial airworthiness of unmanned aircraft systems subject to certification and Delegated Regulation (EU) 2019/945 as regards unmanned aircraft systems and third-country operators of unmanned aircraft systems,C/2024/1570,"OJ L, 2024/1108,  23.5.2024, ELI:http://data.europa.eu/eli/reg_del/2024/1108/oj(BG, ES, CS, DA, DE, ET, EL, EN, FR, GA, HR, IT, LV, LT, HU, MT, NL, PL, PT, RO, SK, SL, FI, SV)",In force,32024R1108,"BG, ES, CS, DA, DE, ET, EL, EN, FR, GA, HR, IT, LV, LT, HU, MT, NL, PL, PT, RO, SK, SL, FI, SV",Delegated regulation,"European Commission, Directorate-General for Mobility and Transport",13/03/2024; Date of adoption,https://eur-lex.europa.eu/legal-content/AUTO/?uri=CELEX:32024R1108,789,,
"Commission Implementing Regulation (EU) 2025/355 of 21 February 2025 amending Implementing Regulation (EU) 2022/2389 concerning the establishment of frequency rates for identity checks and physical checks on consignments of plants, plant products and other objects entering the Union",C/2025/1039,"OJ L, 2025/355,  24.2.2025, ELI:http://data.europa.eu/eli/reg_impl/2025/355/oj(BG, ES, CS, DA, DE, ET, EL, EN, FR, GA, HR, IT, LV, LT, HU, MT, NL, PL, PT, RO, SK, SL, FI, SV)",In force,32025R0355,"BG, ES, CS, DA, DE, ET, EL, EN, FR, GA, HR, IT, LV, LT, HU, MT, NL, PL, PT, RO, SK, SL, FI, SV",Implementing regulation,"European Commission, Directorate-General for Health and Food Safety",21/02/2025; Date of adoption,https://eur-lex.europa.eu/legal-content/AUTO/?uri=CELEX:32025R0355,790,,
UN Regulation No 34 – Uniform provisions concerning the approval of vehicles with regard to the prevention of fire risks [2025/1454],PUB/2025/106,"OJ L, 2025/1454,  29.7.2025, ELI:http://data.europa.eu/eli/reg/2025/1454/oj(BG, ES, CS, DA, DE, ET, EL, EN, FR, GA, HR, IT, LV, LT, HU, MT, NL, PL, PT, RO, SK, SL, FI, SV)",In force,42025X1454,"BG, ES, CS, DA, DE, ET, EL, EN, FR, GA, HR, IT, LV, LT, HU, MT, NL, PL, PT, RO, SK, SL, FI, SV",Regulation adopted by bodies created by international agreements,United Nations Economic Commission for Europe,29/07/2025; Date of publication,https://eur-lex.europa.eu/legal-content/AUTO/?uri=CELEX:42025X1454,791,,
UN Regulation No 34 – Uniform provisions concerning the approval of vehicles with regard to the prevention of fire risks [2025/1454],PUB/2025/106,"OJ L, 2025/1454,  29.7.2025, ELI:http://data.europa.eu/eli/reg/2025/1454/oj(BG, ES, CS, DA, DE, ET, EL, EN, FR, GA, HR, IT, LV, LT, HU, MT, NL, PL, PT, RO, SK, SL, FI, SV)",In force,42025X1454,"BG, ES, CS, DA, DE, ET, EL, EN, FR, GA, HR, IT, LV, LT, HU, MT, NL, PL, PT, RO, SK, SL, FI, SV",Regulation adopted by bodies created by international agreements,United Nations Economic Commission for Europe,29/07/2025; Date of publication,https://eur-lex.europa.eu/legal-content/AUTO/?uri=CELEX:42025X1454,792,,
Commission Implementing Regulation (EU) 2024/755 of 29 February 2024 on extending the derogation from Council Regulation (EC) No 1967/2006 as regards the minimum distance from the coast and the minimum sea depth for boat seines fishing for transparent and Ferrer’s gobies (Aphia minuta and Pseudaphia ferreri) and Lowbody picarel (Spicara smaris) in certain territorial waters of Spain (Balearic Islands),C/2024/1286,"OJ L, 2024/755,  1.3.2024, ELI:http://data.europa.eu/eli/reg_impl/2024/755/oj(BG, ES, CS, DA, DE, ET, EL, EN, FR, GA, HR, IT, LV, LT, HU, MT, NL, PL, PT, RO, SK, SL, FI, SV)",In force,32024R0755,"BG, ES, CS, DA, DE, ET, EL, EN, FR, GA, HR, IT, LV, LT, HU, MT, NL, PL, PT, RO, SK, SL, FI, SV",Implementing regulation,"European Commission, Directorate-General for Maritime Affairs and Fisheries",29/02/2024; Date of adoption,https://eur-lex.europa.eu/legal-content/AUTO/?uri=CELEX:32024R0755,794,,
Commission Implementing Regulation (EU) 2025/268 of 4 February 2025 amending Annex I to Implementing Regulation (EU) 2023/594 laying down special disease control measures for African swine fever,C/2025/865,"OJ L, 2025/268,  6.2.2025, ELI:http://data.europa.eu/eli/reg_impl/2025/268/oj(BG, ES, CS, DA, DE, ET, EL, EN, FR, GA, HR, IT, LV, LT, HU, MT, NL, PL, PT, RO, SK, SL, FI, SV)",In force,32025R0268,"BG, ES, CS, DA, DE, ET, EL, EN, FR, GA, HR, IT, LV, LT, HU, MT, NL, PL, PT, RO, SK, SL, FI, SV",Implementing regulation,"European Commission, Directorate-General for Health and Food Safety",04/02/2025; Date of adoption,https://eur-lex.europa.eu/legal-content/AUTO/?uri=CELEX:32025R0268,797,,
Commission Implementing Regulation (EU) 2024/594 of 20 February 2024 amending Implementing Regulation (EU) 2022/1629 as regards the list of demarcated areas for containment of Ceratocystis platani (J.M. Walter) Engelbr. &amp; T.C. Harr.,C/2024/952,"OJ L, 2024/594,  21.2.2024, ELI:http://data.europa.eu/eli/reg_impl/2024/594/oj(BG, ES, CS, DA, DE, ET, EL, EN, FR, GA, HR, IT, LV, LT, HU, MT, NL, PL, PT, RO, SK, SL, FI, SV)",In force,32024R0594,"BG, ES, CS, DA, DE, ET, EL, EN, FR, GA, HR, IT, LV, LT, HU, MT, NL, PL, PT, RO, SK, SL, FI, SV",Implementing regulation,"European Commission, Directorate-General for Health and Food Safety",20/02/2024; Date of adoption,https://eur-lex.europa.eu/legal-content/AUTO/?uri=CELEX:32024R0594,799,,
"Commission Implementing Regulation (EU) 2025/1015 of 26 May 2025 on temporary emergency measures for Spain derogating from certain provisions of Regulation (EU) No 1308/2013 of the European Parliament and of the Council, Commission Delegated Regulation (EU) 2017/891 and Commission Implementing Regulation (EU) 2017/892, to resolve specific problems in the fruit and vegetables sector caused by severe adverse meteorological events",C/2025/3236,"OJ L, 2025/1015,  27.5.2025, ELI:http://data.europa.eu/eli/reg_impl/2025/1015/oj(BG, ES, CS, DA, DE, ET, EL, EN, FR, GA, HR, IT, LV, LT, HU, MT, NL, PL, PT, RO, SK, SL, FI, SV)",In force,32025R1015,"BG, ES, CS, DA, DE, ET, EL, EN, FR, GA, HR, IT, LV, LT, HU, MT, NL, PL, PT, RO, SK, SL, FI, SV",Implementing regulation,"European Commission, Directorate-General for Agriculture and Rural Development",26/05/2025; Date of adoption,https://eur-lex.europa.eu/legal-content/AUTO/?uri=CELEX:32025R1015,801,,
Commission Implementing Regulation (EU) 2025/1075 of 2 June 2025 amending Implementing Regulation (EU) 2022/1927 as regards the list of demarcated areas for containment of Aleurocanthus spiniferus (Quaintance),C/2025/3313,"OJ L, 2025/1075,  3.6.2025, ELI:http://data.europa.eu/eli/reg_impl/2025/1075/oj(BG, ES, CS, DA, DE, ET, EL, EN, FR, GA, HR, IT, LV, LT, HU, MT, NL, PL, PT, RO, SK, SL, FI, SV)",In force,32025R1075,"BG, ES, CS, DA, DE, ET, EL, EN, FR, GA, HR, IT, LV, LT, HU, MT, NL, PL, PT, RO, SK, SL, FI, SV",Implementing regulation,"European Commission, Directorate-General for Health and Food Safety",02/06/2025; Date of adoption,https://eur-lex.europa.eu/legal-content/AUTO/?uri=CELEX:32025R1075,804,,
Commission Implementing Regulation (EU) 2025/916 of 15 May 2025 operating a deduction from the fishing effort available to Italy in 2025 on account of overfishing in the previous year,C/2025/2892,"OJ L, 2025/916,  16.5.2025, ELI:http://data.europa.eu/eli/reg_impl/2025/916/oj(BG, ES, CS, DA, DE, ET, EL, EN, FR, GA, HR, IT, LV, LT, HU, MT, NL, PL, PT, RO, SK, SL, FI, SV)",In force,32025R0916,"BG, ES, CS, DA, DE, ET, EL, EN, FR, GA, HR, IT, LV, LT, HU, MT, NL, PL, PT, RO, SK, SL, FI, SV",Implementing regulation,"European Commission, Directorate-General for Maritime Affairs and Fisheries",15/05/2025; Date of adoption,https://eur-lex.europa.eu/legal-content/AUTO/?uri=CELEX:32025R0916,805,,
Commission Regulation (EU) 2025/806 of 15 April 2025 establishing a fisheries closure for blue marlin in the Atlantic Ocean for vessels flying the flag of Spain,C/2025/2434,"OJ L, 2025/806,  24.4.2025, ELI:http://data.europa.eu/eli/reg/2025/806/oj(BG, ES, CS, DA, DE, ET, EL, EN, FR, GA, HR, IT, LV, LT, HU, MT, NL, PL, PT, RO, SK, SL, FI, SV)",In force,32025R0806,"BG, ES, CS, DA, DE, ET, EL, EN, FR, GA, HR, IT, LV, LT, HU, MT, NL, PL, PT, RO, SK, SL, FI, SV",Regulation,"European Commission, Directorate-General for Maritime Affairs and Fisheries",15/04/2025; Date of adoption,https://eur-lex.europa.eu/legal-content/AUTO/?uri=CELEX:32025R0806,805,,
Commission Implementing Regulation (EU) 2024/1742 of 21 June 2024 extending the derogation from Council Regulation (EC) No 1967/2006 as regards the minimum distance from the coast and depth for shore seines fishing in territorial waters of France adjacent to the coast of Occitanie and the coast of Provence-Alpes-Côte d’Azur,C/2024/4146,"OJ L, 2024/1742,  24.6.2024, ELI:http://data.europa.eu/eli/reg_impl/2024/1742/oj(BG, ES, CS, DA, DE, ET, EL, EN, FR, GA, HR, IT, LV, LT, HU, MT, NL, PL, PT, RO, SK, SL, FI, SV)",In force,32024R1742,"BG, ES, CS, DA, DE, ET, EL, EN, FR, GA, HR, IT, LV, LT, HU, MT, NL, PL, PT, RO, SK, SL, FI, SV",Implementing regulation,"European Commission, Directorate-General for Maritime Affairs and Fisheries",21/06/2024; Date of adoption,https://eur-lex.europa.eu/legal-content/AUTO/?uri=CELEX:32024R1742,806,,
"Council Decision (EU) 2025/1430 of 8 July 2025 on the position to be adopted, on behalf of the European Union, within the EEA Joint Committee concerning an amendment to Annex IV (Energy) to the EEA Agreement (RED II) (Text with EEA relevance)",ST/10121/2025/INIT,"OJ L, 2025/1430,  17.7.2025, ELI:http://data.europa.eu/eli/dec/2025/1430/oj(BG, ES, CS, DA, DE, ET, EL, EN, FR, GA, HR, IT, LV, LT, HU, MT, NL, PL, PT, RO, SK, SL, FI, SV)",In force,32025D1430,"BG, ES, CS, DA, DE, ET, EL, EN, FR, GA, HR, IT, LV, LT, HU, MT, NL, PL, PT, RO, SK, SL, FI, SV",Decision,Council of the European Union,08/07/2025; Date of adoption,https://eur-lex.europa.eu/legal-content/AUTO/?uri=CELEX:32025D1430,807,,
Council Decision (EU) 2024/3086 of 2 December 2024 on the position to be taken on behalf of the European Union in the Energy Charter Conference,ST/15656/2024/INIT,"OJ L, 2024/3086,  11.12.2024, ELI:http://data.europa.eu/eli/dec/2024/3086/oj(BG, ES, CS, DA, DE, ET, EL, EN, FR, GA, HR, IT, LV, LT, HU, MT, NL, PL, PT, RO, SK, SL, FI, SV)",In force,32024D3086,"BG, ES, CS, DA, DE, ET, EL, EN, FR, GA, HR, IT, LV, LT, HU, MT, NL, PL, PT, RO, SK, SL, FI, SV",Decision,Council of the European Union,02/12/2024; Date of adoption,https://eur-lex.europa.eu/legal-content/AUTO/?uri=CELEX:32024D3086,807,,
"Council Decision (EU) 2025/1430 of 8 July 2025 on the position to be adopted, on behalf of the European Union, within the EEA Joint Committee concerning an amendment to Annex IV (Energy) to the EEA Agreement (RED II) (Text with EEA relevance)",ST/10121/2025/INIT,"OJ L, 2025/1430,  17.7.2025, ELI:http://data.europa.eu/eli/dec/2025/1430/oj(BG, ES, CS, DA, DE, ET, EL, EN, FR, GA, HR, IT, LV, LT, HU, MT, NL, PL, PT, RO, SK, SL, FI, SV)",In force,32025D1430,"BG, ES, CS, DA, DE, ET, EL, EN, FR, GA, HR, IT, LV, LT, HU, MT, NL, PL, PT, RO, SK, SL, FI, SV",Decision,Council of the European Union,08/07/2025; Date of adoption,https://eur-lex.europa.eu/legal-content/AUTO/?uri=CELEX:32025D1430,809,,
Council Decision (EU) 2024/3086 of 2 December 2024 on the position to be taken on behalf of the European Union in the Energy Charter Conference,ST/15656/2024/INIT,"OJ L, 2024/3086,  11.12.2024, ELI:http://data.europa.eu/eli/dec/2024/3086/oj(BG, ES, CS, DA, DE, ET, EL, EN, FR, GA, HR, IT, LV, LT, HU, MT, NL, PL, PT, RO, SK, SL, FI, SV)",In force,32024D3086,"BG, ES, CS, DA, DE, ET, EL, EN, FR, GA, HR, IT, LV, LT, HU, MT, NL, PL, PT, RO, SK, SL, FI, SV",Decision,Council of the European Union,02/12/2024; Date of adoption,https://eur-lex.europa.eu/legal-content/AUTO/?uri=CELEX:32024D3086,809,,
Commission Delegated Regulation (EU) 2024/2788 of 23 July 2024 amending Annex II to Regulation (EU) 2019/1009 of the European Parliament and of the Council as regards the polymers in Component Material Category 11,C/2024/5128,"OJ L, 2024/2788,  31.10.2024, ELI:http://data.europa.eu/eli/reg_del/2024/2788/oj(BG, ES, CS, DA, DE, ET, EL, EN, FR, GA, HR, IT, LV, LT, HU, MT, NL, PL, PT, RO, SK, SL, FI, SV)",In force,32024R2788,"BG, ES, CS, DA, DE, ET, EL, EN, FR, GA, HR, IT, LV, LT, HU, MT, NL, PL, PT, RO, SK, SL, FI, SV",Delegated regulation,"European Commission, Directorate-General for Internal Market, Industry, Entrepreneurship and SMEs",23/07/2024; Date of adoption,https://eur-lex.europa.eu/legal-content/AUTO/?uri=CELEX:32024R2788,811,,
Commission Delegated Regulation (EU) 2024/2790 of 23 July 2024 amending Annex II to Regulation (EU) 2019/1009 of the European Parliament and of the Council as regards the polymers in Component Material Category 1,C/2024/5142,"OJ L, 2024/2790,  31.10.2024, ELI:http://data.europa.eu/eli/reg_del/2024/2790/oj(BG, ES, CS, DA, DE, ET, EL, EN, FR, GA, HR, IT, LV, LT, HU, MT, NL, PL, PT, RO, SK, SL, FI, SV)",In force,32024R2790,"BG, ES, CS, DA, DE, ET, EL, EN, FR, GA, HR, IT, LV, LT, HU, MT, NL, PL, PT, RO, SK, SL, FI, SV",Delegated regulation,"European Commission, Directorate-General for Internal Market, Industry, Entrepreneurship and SMEs",23/07/2024; Date of adoption,https://eur-lex.europa.eu/legal-content/AUTO/?uri=CELEX:32024R2790,811,,
Commission Delegated Regulation (EU) 2024/2788 of 23 July 2024 amending Annex II to Regulation (EU) 2019/1009 of the European Parliament and of the Council as regards the polymers in Component Material Category 11,C/2024/5128,"OJ L, 2024/2788,  31.10.2024, ELI:http://data.europa.eu/eli/reg_del/2024/2788/oj(BG, ES, CS, DA, DE, ET, EL, EN, FR, GA, HR, IT, LV, LT, HU, MT, NL, PL, PT, RO, SK, SL, FI, SV)",In force,32024R2788,"BG, ES, CS, DA, DE, ET, EL, EN, FR, GA, HR, IT, LV, LT, HU, MT, NL, PL, PT, RO, SK, SL, FI, SV",Delegated regulation,"European Commission, Directorate-General for Internal Market, Industry, Entrepreneurship and SMEs",23/07/2024; Date of adoption,https://eur-lex.europa.eu/legal-content/AUTO/?uri=CELEX:32024R2788,813,,
Commission Delegated Regulation (EU) 2024/2790 of 23 July 2024 amending Annex II to Regulation (EU) 2019/1009 of the European Parliament and of the Council as regards the polymers in Component Material Category 1,C/2024/5142,"OJ L, 2024/2790,  31.10.2024, ELI:http://data.europa.eu/eli/reg_del/2024/2790/oj(BG, ES, CS, DA, DE, ET, EL, EN, FR, GA, HR, IT, LV, LT, HU, MT, NL, PL, PT, RO, SK, SL, FI, SV)",In force,32024R2790,"BG, ES, CS, DA, DE, ET, EL, EN, FR, GA, HR, IT, LV, LT, HU, MT, NL, PL, PT, RO, SK, SL, FI, SV",Delegated regulation,"European Commission, Directorate-General for Internal Market, Industry, Entrepreneurship and SMEs",23/07/2024; Date of adoption,https://eur-lex.europa.eu/legal-content/AUTO/?uri=CELEX:32024R2790,813,,
Commission Implementing Regulation (EU) 2024/2656 of 4 October 2024 amending Annex I to Implementing Regulation (EU) 2023/594 laying down special control measures for African swine fever,C/2024/7055,"OJ L, 2024/2656,  7.10.2024, ELI:http://data.europa.eu/eli/reg_impl/2024/2656/oj(BG, ES, CS, DA, DE, ET, EL, EN, FR, GA, HR, IT, LV, LT, HU, MT, NL, PL, PT, RO, SK, SL, FI, SV)",In force,32024R2656,"BG, ES, CS, DA, DE, ET, EL, EN, FR, GA, HR, IT, LV, LT, HU, MT, NL, PL, PT, RO, SK, SL, FI, SV",Implementing regulation,"European Commission, Directorate-General for Health and Food Safety",04/10/2024; Date of adoption,https://eur-lex.europa.eu/legal-content/AUTO/?uri=CELEX:32024R2656,814,,
Commission Implementing Regulation (EU) 2024/483 of 5 February 2024 amending Annexes I and II to Implementing Regulation (EU) 2023/594 laying down special control measures for African swine fever,C/2024/812,"OJ L, 2024/483,  6.2.2024, ELI:http://data.europa.eu/eli/reg_impl/2024/483/oj(BG, ES, CS, DA, DE, ET, EL, EN, FR, GA, HR, IT, LV, LT, HU, MT, NL, PL, PT, RO, SK, SL, FI, SV)",In force,32024R0483,"BG, ES, CS, DA, DE, ET, EL, EN, FR, GA, HR, IT, LV, LT, HU, MT, NL, PL, PT, RO, SK, SL, FI, SV",Implementing regulation,"European Commission, Directorate-General for Health and Food Safety",05/02/2024; Date of adoption,https://eur-lex.europa.eu/legal-content/AUTO/?uri=CELEX:32024R0483,814,,
Commission Implementing Regulation (EU) 2025/221 of 6 February 2025 granting a Union authorisation for the single biocidal product Neporex 2SG in accordance with Regulation (EU) No 528/2012 of the European Parliament and of the Council,C/2025/715,"OJ L, 2025/221,  7.2.2025, ELI:http://data.europa.eu/eli/reg_impl/2025/221/oj(BG, ES, CS, DA, DE, ET, EL, EN, FR, GA, HR, IT, LV, LT, HU, MT, NL, PL, PT, RO, SK, SL, FI, SV)",In force,32025R0221,"BG, ES, CS, DA, DE, ET, EL, EN, FR, GA, HR, IT, LV, LT, HU, MT, NL, PL, PT, RO, SK, SL, FI, SV",Implementing regulation,"European Commission, Directorate-General for Health and Food Safety",06/02/2025; Date of adoption,https://eur-lex.europa.eu/legal-content/AUTO/?uri=CELEX:32025R0221,815,,
Commission Regulation (EU) 2024/2929 of 27 November 2024 correcting the French language version of Annex XVII to Regulation (EC) No 1907/2006 of the European Parliament and of the Council as regards the concentration levels of some substances,C/2024/8166,"OJ L, 2024/2929,  28.11.2024, ELI:http://data.europa.eu/eli/reg/2024/2929/oj(BG, ES, CS, DA, DE, ET, EL, EN, FR, GA, HR, IT, LV, LT, HU, MT, NL, PL, PT, RO, SK, SL, FI, SV)",In force,32024R2929,"BG, ES, CS, DA, DE, ET, EL, EN, FR, GA, HR, IT, LV, LT, HU, MT, NL, PL, PT, RO, SK, SL, FI, SV",Regulation,"European Commission, Directorate-General for Translation",27/11/2024; Date of adoption,https://eur-lex.europa.eu/legal-content/AUTO/?uri=CELEX:32024R2929,816,,
Commission Delegated Regulation (EU) 2024/2623 of 30 July 2024 supplementing Regulation (EU) 2016/429 of the European Parliament and of the Council as regards rules for approval and recognition of disease-free status of compartments keeping terrestrial animals,C/2024/5315,"OJ L, 2024/2623,  4.10.2024, ELI:http://data.europa.eu/eli/reg_del/2024/2623/oj(BG, ES, CS, DA, DE, ET, EL, EN, FR, GA, HR, IT, LV, LT, HU, MT, NL, PL, PT, RO, SK, SL, FI, SV)",In force,32024R2623,"BG, ES, CS, DA, DE, ET, EL, EN, FR, GA, HR, IT, LV, LT, HU, MT, NL, PL, PT, RO, SK, SL, FI, SV",Delegated regulation,"European Commission, Directorate-General for Health and Food Safety",30/07/2024; Date of adoption,https://eur-lex.europa.eu/legal-content/AUTO/?uri=CELEX:32024R2623,816,,
Commission Implementing Regulation (EU) 2024/2043 of 29 July 2024 amending Annex II to Implementing Regulation (EU) 2020/690 as regards the listed diseases for which the disease-free status of compartments may be established,C/2024/5271,"OJ L, 2024/2043,  30.7.2024, ELI:http://data.europa.eu/eli/reg_impl/2024/2043/oj(BG, ES, CS, DA, DE, ET, EL, EN, FR, GA, HR, IT, LV, LT, HU, MT, NL, PL, PT, RO, SK, SL, FI, SV)",In force,32024R2043,"BG, ES, CS, DA, DE, ET, EL, EN, FR, GA, HR, IT, LV, LT, HU, MT, NL, PL, PT, RO, SK, SL, FI, SV",Implementing regulation,"European Commission, Directorate-General for Health and Food Safety",29/07/2024; Date of adoption,https://eur-lex.europa.eu/legal-content/AUTO/?uri=CELEX:32024R2043,816,,
Commission Delegated Regulation (EU) 2024/1682 of 4 March 2024 amending Regulation (EU) 2019/1009 of the European Parliament and of the Council as regards adding processed manure as a component material in EU fertilising products,C/2024/1309,"OJ L, 2024/1682,  13.6.2024, ELI:http://data.europa.eu/eli/reg_del/2024/1682/oj(BG, ES, CS, DA, DE, ET, EL, EN, FR, GA, HR, IT, LV, LT, HU, MT, NL, PL, PT, RO, SK, SL, FI, SV)",In force,32024R1682,"BG, ES, CS, DA, DE, ET, EL, EN, FR, GA, HR, IT, LV, LT, HU, MT, NL, PL, PT, RO, SK, SL, FI, SV",Delegated regulation,"European Commission, Directorate-General for Internal Market, Industry, Entrepreneurship and SMEs",04/03/2024; Date of adoption,https://eur-lex.europa.eu/legal-content/AUTO/?uri=CELEX:32024R1682,816,,
Commission Regulation (EU) 2024/1487 of 29 May 2024 defining data requirements for the approval of safeners and synergists and establishing a work programme for the gradual review of safeners and synergists on the market in accordance with Regulation (EC) No 1107/2009 of the European Parliament and of the Council,C/2024/3484,"OJ L, 2024/1487,  30.5.2024, ELI:http://data.europa.eu/eli/reg/2024/1487/oj(BG, ES, CS, DA, DE, ET, EL, EN, FR, GA, HR, IT, LV, LT, HU, MT, NL, PL, PT, RO, SK, SL, FI, SV)",In force,32024R1487,"BG, ES, CS, DA, DE, ET, EL, EN, FR, GA, HR, IT, LV, LT, HU, MT, NL, PL, PT, RO, SK, SL, FI, SV",Regulation,"European Commission, Directorate-General for Health and Food Safety",29/05/2024; Date of adoption,https://eur-lex.europa.eu/legal-content/AUTO/?uri=CELEX:32024R1487,816,,
Commission Delegated Regulation (EU) 2024/1295 of 26 February 2024 on harmonised technical specifications and testing standards for fire hoses,C/2024/890,"OJ L, 2024/1295,  6.5.2024, ELI:http://data.europa.eu/eli/reg_del/2024/1295/oj(BG, ES, CS, DA, DE, ET, EL, EN, FR, GA, HR, IT, LV, LT, HU, MT, NL, PL, PT, RO, SK, SL, FI, SV)",In force,32024R1295,"BG, ES, CS, DA, DE, ET, EL, EN, FR, GA, HR, IT, LV, LT, HU, MT, NL, PL, PT, RO, SK, SL, FI, SV",Delegated regulation,"European Commission, Directorate-General for Mobility and Transport",26/02/2024; Date of adoption,https://eur-lex.europa.eu/legal-content/AUTO/?uri=CELEX:32024R1295,816,,
"Commission Implementing Regulation (EU) 2025/1017 of 26 May 2025 on temporary emergency measures for Spain derogating from certain provisions of Regulation (EU) 2021/2115 of the European Parliament and of the Council and from Commission Delegated Regulation (EU) 2022/126, to resolve specific problems in the fruit and vegetables and wine sectors caused by severe adverse meteorological events",C/2025/3235,"OJ L, 2025/1017,  27.5.2025, ELI:http://data.europa.eu/eli/reg_impl/2025/1017/oj(BG, ES, CS, DA, DE, ET, EL, EN, FR, GA, HR, IT, LV, LT, HU, MT, NL, PL, PT, RO, SK, SL, FI, SV)",In force,32025R1017,"BG, ES, CS, DA, DE, ET, EL, EN, FR, GA, HR, IT, LV, LT, HU, MT, NL, PL, PT, RO, SK, SL, FI, SV",Implementing regulation,"European Commission, Directorate-General for Agriculture and Rural Development",26/05/2025; Date of adoption,https://eur-lex.europa.eu/legal-content/AUTO/?uri=CELEX:32025R1017,818,,
Commission Implementing Decision (EU) 2024/2797 of 31 October 2024 on authorising temporarily the measure taken by the French Republic on the labelling of products containing dinitrogen oxide only,C/2024/7503,"OJ L, 2024/2797,  4.11.2024, ELI:http://data.europa.eu/eli/dec_impl/2024/2797/oj(BG, ES, CS, DA, DE, ET, EL, EN, FR, GA, HR, IT, LV, LT, HU, MT, NL, PL, PT, RO, SK, SL, FI, SV)",In force,32024D2797,"BG, ES, CS, DA, DE, ET, EL, EN, FR, GA, HR, IT, LV, LT, HU, MT, NL, PL, PT, RO, SK, SL, FI, SV",Implementing decision,"European Commission, Directorate-General for Environment",31/10/2024; Date of adoption,https://eur-lex.europa.eu/legal-content/AUTO/?uri=CELEX:32024D2797,826,,
Commission Implementing Decision (EU) 2024/1284 of 13 May 2024 concerning the extension of the action taken by the Environment Agency of Luxembourg permitting the making available on the market and use of the biocidal product Raidox 35% in accordance with Regulation (EU) No 528/2012 of the European Parliament and of the Council,C/2024/2954,"OJ L, 2024/1284,  15.5.2024, ELI:http://data.europa.eu/eli/dec_impl/2024/1284/oj(BG, ES, CS, DA, DE, ET, EL, EN, FR, GA, HR, IT, LV, LT, HU, MT, NL, PL, PT, RO, SK, SL, FI, SV)",In force,32024D1284,"BG, ES, CS, DA, DE, ET, EL, EN, FR, GA, HR, IT, LV, LT, HU, MT, NL, PL, PT, RO, SK, SL, FI, SV",Implementing decision,"European Commission, Directorate-General for Health and Food Safety",13/05/2024; Date of adoption,https://eur-lex.europa.eu/legal-content/AUTO/?uri=CELEX:32024D1284,827,,
Commission Implementing Decision (EU) 2025/597 of 28 March 2025 amending Implementing Decision (EU) 2022/1668 as regards harmonised standard on explosion prevention and protection in underground mines - equipment and protective systems for firedamp drainage,C/2025/1797,"OJ L, 2025/597,  1.4.2025, ELI:http://data.europa.eu/eli/dec_impl/2025/597/oj(BG, ES, CS, DA, DE, ET, EL, EN, FR, GA, HR, IT, LV, LT, HU, MT, NL, PL, PT, RO, SK, SL, FI, SV)",In force,32025D0597,"BG, ES, CS, DA, DE, ET, EL, EN, FR, GA, HR, IT, LV, LT, HU, MT, NL, PL, PT, RO, SK, SL, FI, SV",Implementing decision,"European Commission, Directorate-General for Internal Market, Industry, Entrepreneurship and SMEs",28/03/2025; Date of adoption,https://eur-lex.europa.eu/legal-content/AUTO/?uri=CELEX:32025D0597,830,,
Commission Delegated Regulation (EU) 2024/1403 of 12 March 2024 supplementing Regulation (EU) 2018/1139 of the European Parliament and of the Council by laying down the conditions and procedures for the accreditation by the European Union Aviation Safety Agency of qualified entities,C/2024/1490,"OJ L, 2024/1403,  24.5.2024, ELI:http://data.europa.eu/eli/reg_del/2024/1403/oj(BG, ES, CS, DA, DE, ET, EL, EN, FR, GA, HR, IT, LV, LT, HU, MT, NL, PL, PT, RO, SK, SL, FI, SV)",In force,32024R1403,"BG, ES, CS, DA, DE, ET, EL, EN, FR, GA, HR, IT, LV, LT, HU, MT, NL, PL, PT, RO, SK, SL, FI, SV",Delegated regulation,"European Commission, Directorate-General for Mobility and Transport",12/03/2024; Date of adoption,https://eur-lex.europa.eu/legal-content/AUTO/?uri=CELEX:32024R1403,830,,
Commission Delegated Regulation (EU) 2024/1403 of 12 March 2024 supplementing Regulation (EU) 2018/1139 of the European Parliament and of the Council by laying down the conditions and procedures for the accreditation by the European Union Aviation Safety Agency of qualified entities,C/2024/1490,"OJ L, 2024/1403,  24.5.2024, ELI:http://data.europa.eu/eli/reg_del/2024/1403/oj(BG, ES, CS, DA, DE, ET, EL, EN, FR, GA, HR, IT, LV, LT, HU, MT, NL, PL, PT, RO, SK, SL, FI, SV)",In force,32024R1403,"BG, ES, CS, DA, DE, ET, EL, EN, FR, GA, HR, IT, LV, LT, HU, MT, NL, PL, PT, RO, SK, SL, FI, SV",Delegated regulation,"European Commission, Directorate-General for Mobility and Transport",12/03/2024; Date of adoption,https://eur-lex.europa.eu/legal-content/AUTO/?uri=CELEX:32024R1403,831,,
Commission Implementing Regulation (EU) 2025/902 of 12 May 2025 amending Annex I to Implementing Regulation (EU) 2023/594 laying down special disease control measures for African swine fever,C/2025/3057,"OJ L, 2025/902,  14.5.2025, ELI:http://data.europa.eu/eli/reg_impl/2025/902/oj(BG, ES, CS, DA, DE, ET, EL, EN, FR, GA, HR, IT, LV, LT, HU, MT, NL, PL, PT, RO, SK, SL, FI, SV)",In force,32025R0902,"BG, ES, CS, DA, DE, ET, EL, EN, FR, GA, HR, IT, LV, LT, HU, MT, NL, PL, PT, RO, SK, SL, FI, SV",Implementing regulation,"European Commission, Directorate-General for Health and Food Safety",12/05/2025; Date of adoption,https://eur-lex.europa.eu/legal-content/AUTO/?uri=CELEX:32025R0902,845,,
Commission Implementing Regulation (EU) 2024/808 of 29 February 2024 amending Annexes I and II to Implementing Regulation (EU) 2023/594 laying down special control measures for African swine fever,C/2024/1435,"OJ L, 2024/808,  1.3.2024, ELI:http://data.europa.eu/eli/reg_impl/2024/808/oj(BG, ES, CS, DA, DE, ET, EL, EN, FR, GA, HR, IT, LV, LT, HU, MT, NL, PL, PT, RO, SK, SL, FI, SV)",In force,32024R0808,"BG, ES, CS, DA, DE, ET, EL, EN, FR, GA, HR, IT, LV, LT, HU, MT, NL, PL, PT, RO, SK, SL, FI, SV",Implementing regulation,"European Commission, Directorate-General for Health and Food Safety",29/02/2024; Date of adoption,https://eur-lex.europa.eu/legal-content/AUTO/?uri=CELEX:32024R0808,845,,
Commission Delegated Regulation (EU) 2025/65 of 31 October 2024 amending Delegated Regulation (EU) 2019/2123 as regards the conditions under which a separate Common Health Entry Document is submitted for consignments leaving a border control post for a control point where identity and physical checks are to be performed,C/2024/7560,"OJ L, 2025/65,  14.1.2025, ELI:http://data.europa.eu/eli/reg_del/2025/65/oj(BG, ES, CS, DA, DE, ET, EL, EN, FR, GA, HR, IT, LV, LT, HU, MT, NL, PL, PT, RO, SK, SL, FI, SV)",In force,32025R0065,"BG, ES, CS, DA, DE, ET, EL, EN, FR, GA, HR, IT, LV, LT, HU, MT, NL, PL, PT, RO, SK, SL, FI, SV",Delegated regulation,"European Commission, Directorate-General for Health and Food Safety",31/10/2024; Date of adoption,https://eur-lex.europa.eu/legal-content/AUTO/?uri=CELEX:32025R0065,845,,
Commission Delegated Regulation (EU) 2024/1681 of 6 March 2024 supplementing Regulation (EU) No 305/2011 of the European Parliament and of the Council by establishing classes of performance in relation to the resistance to fire of construction products,C/2024/1356,"OJ L, 2024/1681,  13.6.2024, ELI:http://data.europa.eu/eli/reg_del/2024/1681/oj(BG, ES, CS, DA, DE, ET, EL, EN, FR, GA, HR, IT, LV, LT, HU, MT, NL, PL, PT, RO, SK, SL, FI, SV)",In force,32024R1681,"BG, ES, CS, DA, DE, ET, EL, EN, FR, GA, HR, IT, LV, LT, HU, MT, NL, PL, PT, RO, SK, SL, FI, SV",Delegated regulation,"European Commission, Directorate-General for Internal Market, Industry, Entrepreneurship and SMEs",06/03/2024; Date of adoption,https://eur-lex.europa.eu/legal-content/AUTO/?uri=CELEX:32024R1681,846,,
Commission Delegated Regulation (EU) 2025/65 of 31 October 2024 amending Delegated Regulation (EU) 2019/2123 as regards the conditions under which a separate Common Health Entry Document is submitted for consignments leaving a border control post for a control point where identity and physical checks are to be performed,C/2024/7560,"OJ L, 2025/65,  14.1.2025, ELI:http://data.europa.eu/eli/reg_del/2025/65/oj(BG, ES, CS, DA, DE, ET, EL, EN, FR, GA, HR, IT, LV, LT, HU, MT, NL, PL, PT, RO, SK, SL, FI, SV)",In force,32025R0065,"BG, ES, CS, DA, DE, ET, EL, EN, FR, GA, HR, IT, LV, LT, HU, MT, NL, PL, PT, RO, SK, SL, FI, SV",Delegated regulation,"European Commission, Directorate-General for Health and Food Safety",31/10/2024; Date of adoption,https://eur-lex.europa.eu/legal-content/AUTO/?uri=CELEX:32025R0065,854,,
Commission Delegated Regulation (EU) 2024/1681 of 6 March 2024 supplementing Regulation (EU) No 305/2011 of the European Parliament and of the Council by establishing classes of performance in relation to the resistance to fire of construction products,C/2024/1356,"OJ L, 2024/1681,  13.6.2024, ELI:http://data.europa.eu/eli/reg_del/2024/1681/oj(BG, ES, CS, DA, DE, ET, EL, EN, FR, GA, HR, IT, LV, LT, HU, MT, NL, PL, PT, RO, SK, SL, FI, SV)",In force,32024R1681,"BG, ES, CS, DA, DE, ET, EL, EN, FR, GA, HR, IT, LV, LT, HU, MT, NL, PL, PT, RO, SK, SL, FI, SV",Delegated regulation,"European Commission, Directorate-General for Internal Market, Industry, Entrepreneurship and SMEs",06/03/2024; Date of adoption,https://eur-lex.europa.eu/legal-content/AUTO/?uri=CELEX:32024R1681,854,,
Commission Implementing Regulation (EU) 2024/760 of 23 February 2024 amending Annex I to Implementing Regulation (EU) 2023/594 laying down special control measures for African swine fever,C/2024/1280,"OJ L, 2024/760,  26.2.2024, ELI:http://data.europa.eu/eli/reg_impl/2024/760/oj(BG, ES, CS, DA, DE, ET, EL, EN, FR, GA, HR, IT, LV, LT, HU, MT, NL, PL, PT, RO, SK, SL, FI, SV)",In force,32024R0760,"BG, ES, CS, DA, DE, ET, EL, EN, FR, GA, HR, IT, LV, LT, HU, MT, NL, PL, PT, RO, SK, SL, FI, SV",Implementing regulation,"European Commission, Directorate-General for Health and Food Safety",23/02/2024; Date of adoption,https://eur-lex.europa.eu/legal-content/AUTO/?uri=CELEX:32024R0760,857,,
Commission Implementing Regulation (EU) 2024/1171 of 16 April 2024 amending Annexes I and II to Implementing Regulation (EU) 2023/594 laying down special control measures for African swine fever and repealing Implementing Decision (EU) 2024/1039,C/2024/2570,"OJ L, 2024/1171,  17.4.2024, ELI:http://data.europa.eu/eli/reg_impl/2024/1171/oj(BG, ES, CS, DA, DE, ET, EL, EN, FR, GA, HR, IT, LV, LT, HU, MT, NL, PL, PT, RO, SK, SL, FI, SV)",In force,32024R1171,"BG, ES, CS, DA, DE, ET, EL, EN, FR, GA, HR, IT, LV, LT, HU, MT, NL, PL, PT, RO, SK, SL, FI, SV",Implementing regulation,"European Commission, Directorate-General for Health and Food Safety",16/04/2024; Date of adoption,https://eur-lex.europa.eu/legal-content/AUTO/?uri=CELEX:32024R1171,884,,
Commission Implementing Regulation (EU) 2025/498 of 11 March 2025 amending Annex I to Implementing Regulation (EU) 2023/594 laying down special disease control measures for African swine fever,C/2025/1627,"OJ L, 2025/498,  13.3.2025, ELI:http://data.europa.eu/eli/reg_impl/2025/498/oj(BG, ES, CS, DA, DE, ET, EL, EN, FR, GA, HR, IT, LV, LT, HU, MT, NL, PL, PT, RO, SK, SL, FI, SV)",In force,32025R0498,"BG, ES, CS, DA, DE, ET, EL, EN, FR, GA, HR, IT, LV, LT, HU, MT, NL, PL, PT, RO, SK, SL, FI, SV",Implementing regulation,"European Commission, Directorate-General for Health and Food Safety",11/03/2025; Date of adoption,https://eur-lex.europa.eu/legal-content/AUTO/?uri=CELEX:32025R0498,886,,
Commission Implementing Regulation (EU) 2024/1661 of 5 June 2024 amending Annex I to Implementing Regulation (EU) 2023/594 laying down special control measures for African swine fever,C/2024/3849,"OJ L, 2024/1661,  6.6.2024, ELI:http://data.europa.eu/eli/reg_impl/2024/1661/oj(BG, ES, CS, DA, DE, ET, EL, EN, FR, GA, HR, IT, LV, LT, HU, MT, NL, PL, PT, RO, SK, SL, FI, SV)",In force,32024R1661,"BG, ES, CS, DA, DE, ET, EL, EN, FR, GA, HR, IT, LV, LT, HU, MT, NL, PL, PT, RO, SK, SL, FI, SV",Implementing regulation,"European Commission, Directorate-General for Health and Food Safety",05/06/2024; Date of adoption,https://eur-lex.europa.eu/legal-content/AUTO/?uri=CELEX:32024R1661,886,,
"Council Decision (EU) 2025/1300 of 17 June 2025 establishing the position to be taken on behalf of the European Union in the Partnership Council established by the Trade and Cooperation Agreement between the European Union and the European Atomic Energy Community, of the one part, and the United Kingdom of Great Britain and Northern Ireland, of the other part, as regards decision No 1/2025 of the Partnership Council",ST/8843/2025/INIT,"OJ L, 2025/1300,  2.7.2025, ELI:http://data.europa.eu/eli/dec/2025/1300/oj(BG, ES, CS, DA, DE, ET, EL, EN, FR, GA, HR, IT, LV, LT, HU, MT, NL, PL, PT, RO, SK, SL, FI, SV)",In force,32025D1300,"BG, ES, CS, DA, DE, ET, EL, EN, FR, GA, HR, IT, LV, LT, HU, MT, NL, PL, PT, RO, SK, SL, FI, SV",Decision,Council of the European Union,17/06/2025; Date of adoption,https://eur-lex.europa.eu/legal-content/AUTO/?uri=CELEX:32025D1300,887,,
Council Implementing Decision (EU) 2024/831 of 4 March 2024 authorising Sweden to apply reduced excise duty rates on electricity consumed by households and service sector companies located in certain areas in the North of Sweden,ST/6411/2024/INIT,"OJ L, 2024/831,  6.3.2024, ELI:http://data.europa.eu/eli/dec_impl/2024/831/oj(BG, ES, CS, DA, DE, ET, EL, EN, FR, GA, HR, IT, LV, LT, HU, MT, NL, PL, PT, RO, SK, SL, FI, SV)",In force,32024D0831,"BG, ES, CS, DA, DE, ET, EL, EN, FR, GA, HR, IT, LV, LT, HU, MT, NL, PL, PT, RO, SK, SL, FI, SV",Implementing decision,Council of the European Union,04/03/2024; Date of adoption,https://eur-lex.europa.eu/legal-content/AUTO/?uri=CELEX:32024D0831,891,,
Commission Implementing Decision 2024/266 of 17 January 2024 designating a European Union reference centre for the welfare of aquatic animals in accordance with Regulation (EU) 2017/625 of the European Parliament and of the Council (notified under document C(2024) 209),C/2024/209,"OJ L, 2024/266,  19.1.2024, ELI:http://data.europa.eu/eli/dec_impl/2024/266/oj(BG, ES, CS, DA, DE, ET, EL, EN, FR, GA, HR, IT, LV, LT, HU, MT, NL, PL, PT, RO, SK, SL, FI, SV)",In force,32024D0266,"BG, ES, CS, DA, DE, ET, EL, EN, FR, GA, HR, IT, LV, LT, HU, MT, NL, PL, PT, RO, SK, SL, FI, SV",Implementing decision,"European Commission, Directorate-General for Health and Food Safety",17/01/2024; Date of adoption,https://eur-lex.europa.eu/legal-content/AUTO/?uri=CELEX:32024D0266,893,,
Commission Implementing Regulation (EU) 2024/2167 of 19 August 2024 amending Annex I to Implementing Regulation (EU) 2023/594 laying down special control measures for African swine fever,C/2024/5913,"OJ L, 2024/2167,  20.8.2024, ELI:http://data.europa.eu/eli/reg_impl/2024/2167/oj(BG, ES, CS, DA, DE, ET, EL, EN, FR, GA, HR, IT, LV, LT, HU, MT, NL, PL, PT, RO, SK, SL, FI, SV)",In force,32024R2167,"BG, ES, CS, DA, DE, ET, EL, EN, FR, GA, HR, IT, LV, LT, HU, MT, NL, PL, PT, RO, SK, SL, FI, SV",Implementing regulation,"European Commission, Directorate-General for Health and Food Safety",19/08/2024; Date of adoption,https://eur-lex.europa.eu/legal-content/AUTO/?uri=CELEX:32024R2167,893,,
Commission Implementing Regulation (EU) 2024/1454 of 17 May 2024 amending Annexes I and II to Implementing Regulation (EU) 2023/594 laying down special control measures for African swine fever and repealing Implementing Decision (EU) 2024/1310,C/2024/3457,"OJ L, 2024/1454,  21.5.2024, ELI:http://data.europa.eu/eli/reg_impl/2024/1454/oj(BG, ES, CS, DA, DE, ET, EL, EN, FR, GA, HR, IT, LV, LT, HU, MT, NL, PL, PT, RO, SK, SL, FI, SV)",In force,32024R1454,"BG, ES, CS, DA, DE, ET, EL, EN, FR, GA, HR, IT, LV, LT, HU, MT, NL, PL, PT, RO, SK, SL, FI, SV",Implementing regulation,"European Commission, Directorate-General for Health and Food Safety",17/05/2024; Date of adoption,https://eur-lex.europa.eu/legal-content/AUTO/?uri=CELEX:32024R1454,894,,
Commission Implementing Regulation (EU) 2024/1454 of 17 May 2024 amending Annexes I and II to Implementing Regulation (EU) 2023/594 laying down special control measures for African swine fever and repealing Implementing Decision (EU) 2024/1310,C/2024/3457,"OJ L, 2024/1454,  21.5.2024, ELI:http://data.europa.eu/eli/reg_impl/2024/1454/oj(BG, ES, CS, DA, DE, ET, EL, EN, FR, GA, HR, IT, LV, LT, HU, MT, NL, PL, PT, RO, SK, SL, FI, SV)",In force,32024R1454,"BG, ES, CS, DA, DE, ET, EL, EN, FR, GA, HR, IT, LV, LT, HU, MT, NL, PL, PT, RO, SK, SL, FI, SV",Implementing regulation,"European Commission, Directorate-General for Health and Food Safety",17/05/2024; Date of adoption,https://eur-lex.europa.eu/legal-content/AUTO/?uri=CELEX:32024R1454,895,,
"Commission Implementing Regulation (EU) 2025/505 of 19 March 2025 amending Implementing Regulation (EU) 2022/632 as regards the prolongation of the temporary measures concerning specified fruits originating in Argentina, Brazil, South Africa, Uruguay and Zimbabwe to prevent the introduction into and the spread within the Union territory of the pest Phyllosticta citricarpa (McAlpine) Van der Aa",C/2025/1606,"OJ L, 2025/505,  20.3.2025, ELI:http://data.europa.eu/eli/reg_impl/2025/505/oj(BG, ES, CS, DA, DE, ET, EL, EN, FR, GA, HR, IT, LV, LT, HU, MT, NL, PL, PT, RO, SK, SL, FI, SV)",In force,32025R0505,"BG, ES, CS, DA, DE, ET, EL, EN, FR, GA, HR, IT, LV, LT, HU, MT, NL, PL, PT, RO, SK, SL, FI, SV",Implementing regulation,"European Commission, Directorate-General for Health and Food Safety",19/03/2025; Date of adoption,https://eur-lex.europa.eu/legal-content/AUTO/?uri=CELEX:32025R0505,896,,
"Commission Implementing Regulation (EU) 2024/2030 of 23 July 2024 providing for emergency financial support for the fruit and vegetables sector and the wine sector affected by adverse climatic events in Austria, Czechia and Poland, in accordance with Regulation (EU) No 1308/2013 of the European Parliament and of the Council",C/2024/5108,"OJ L, 2024/2030,  24.7.2024, ELI:http://data.europa.eu/eli/reg_impl/2024/2030/oj(BG, ES, CS, DA, DE, ET, EL, EN, FR, GA, HR, IT, LV, LT, HU, MT, NL, PL, PT, RO, SK, SL, FI, SV)",In force,32024R2030,"BG, ES, CS, DA, DE, ET, EL, EN, FR, GA, HR, IT, LV, LT, HU, MT, NL, PL, PT, RO, SK, SL, FI, SV",Implementing regulation,"European Commission, Directorate-General for Agriculture and Rural Development",23/07/2024; Date of adoption,https://eur-lex.europa.eu/legal-content/AUTO/?uri=CELEX:32024R2030,896,,
Commission Implementing Regulation (EU) 2024/2425 of 9 September 2024 amending Annex I to Implementing Regulation (EU) 2023/594 laying down special control measures for African swine fever,C/2024/6492,"OJ L, 2024/2425,  10.9.2024, ELI:http://data.europa.eu/eli/reg_impl/2024/2425/oj(BG, ES, CS, DA, DE, ET, EL, EN, FR, GA, HR, IT, LV, LT, HU, MT, NL, PL, PT, RO, SK, SL, FI, SV)",In force,32024R2425,"BG, ES, CS, DA, DE, ET, EL, EN, FR, GA, HR, IT, LV, LT, HU, MT, NL, PL, PT, RO, SK, SL, FI, SV",Implementing regulation,"European Commission, Directorate-General for Health and Food Safety",09/09/2024; Date of adoption,https://eur-lex.europa.eu/legal-content/AUTO/?uri=CELEX:32024R2425,896,,
Commission Implementing Regulation (EU) 2024/2187 of 27 August 2024 amending Annex I to Implementing Regulation (EU) 2023/594 laying down special control measures for African swine fever,C/2024/6126,"OJ L, 2024/2187,  28.8.2024, ELI:http://data.europa.eu/eli/reg_impl/2024/2187/oj(BG, ES, CS, DA, DE, ET, EL, EN, FR, GA, HR, IT, LV, LT, HU, MT, NL, PL, PT, RO, SK, SL, FI, SV)",In force,32024R2187,"BG, ES, CS, DA, DE, ET, EL, EN, FR, GA, HR, IT, LV, LT, HU, MT, NL, PL, PT, RO, SK, SL, FI, SV",Implementing regulation,"European Commission, Directorate-General for Health and Food Safety",27/08/2024; Date of adoption,https://eur-lex.europa.eu/legal-content/AUTO/?uri=CELEX:32024R2187,896,,
Commission Implementing Regulation (EU) 2024/1994 of 16 July 2024 amending Annexes I and II to Implementing Regulation (EU) 2023/594 laying down special control measures for African swine fever,C/2024/5175,"OJ L, 2024/1994,  18.7.2024, ELI:http://data.europa.eu/eli/reg_impl/2024/1994/oj(BG, ES, CS, DA, DE, ET, EL, EN, FR, GA, HR, IT, LV, LT, HU, MT, NL, PL, PT, RO, SK, SL, FI, SV)",In force,32024R1994,"BG, ES, CS, DA, DE, ET, EL, EN, FR, GA, HR, IT, LV, LT, HU, MT, NL, PL, PT, RO, SK, SL, FI, SV",Implementing regulation,"European Commission, Directorate-General for Health and Food Safety",16/07/2024; Date of adoption,https://eur-lex.europa.eu/legal-content/AUTO/?uri=CELEX:32024R1994,896,,
Commission Implementing Regulation (EU) 2024/2160 of 9 August 2024 amending Annex I to Implementing Regulation (EU) 2023/594 laying down special control measures for African swine fever,C/2024/5839,"OJ L, 2024/2160,  12.8.2024, ELI:http://data.europa.eu/eli/reg_impl/2024/2160/oj(BG, ES, CS, DA, DE, ET, EL, EN, FR, GA, HR, IT, LV, LT, HU, MT, NL, PL, PT, RO, SK, SL, FI, SV)",In force,32024R2160,"BG, ES, CS, DA, DE, ET, EL, EN, FR, GA, HR, IT, LV, LT, HU, MT, NL, PL, PT, RO, SK, SL, FI, SV",Implementing regulation,"European Commission, Directorate-General for Health and Food Safety",09/08/2024; Date of adoption,https://eur-lex.europa.eu/legal-content/AUTO/?uri=CELEX:32024R2160,898,,
Commission Implementing Regulation (EU) 2024/2051 of 23 July 2024 amending Annexes I and II to Implementing Regulation (EU) 2023/594 laying down special control measures for African swine fever,C/2024/5392,"OJ L, 2024/2051,  24.7.2024, ELI:http://data.europa.eu/eli/reg_impl/2024/2051/oj(BG, ES, CS, DA, DE, ET, EL, EN, FR, GA, HR, IT, LV, LT, HU, MT, NL, PL, PT, RO, SK, SL, FI, SV)",In force,32024R2051,"BG, ES, CS, DA, DE, ET, EL, EN, FR, GA, HR, IT, LV, LT, HU, MT, NL, PL, PT, RO, SK, SL, FI, SV",Implementing regulation,"European Commission, Directorate-General for Health and Food Safety",23/07/2024; Date of adoption,https://eur-lex.europa.eu/legal-content/AUTO/?uri=CELEX:32024R2051,898,,
Commission Implementing Regulation (EU) 2024/413 of 25 January 2024 amending Annexes I and II to Implementing Regulation (EU) 2023/594 laying down special control measures for African swine fever,C/2024/555,"OJ L, 2024/413,  26.1.2024, ELI:http://data.europa.eu/eli/reg_impl/2024/413/oj(BG, ES, CS, DA, DE, ET, EL, EN, FR, GA, HR, IT, LV, LT, HU, MT, NL, PL, PT, RO, SK, SL, FI, SV)",In force,32024R0413,"BG, ES, CS, DA, DE, ET, EL, EN, FR, GA, HR, IT, LV, LT, HU, MT, NL, PL, PT, RO, SK, SL, FI, SV",Implementing regulation,"European Commission, Directorate-General for Health and Food Safety",25/01/2024; Date of adoption,https://eur-lex.europa.eu/legal-content/AUTO/?uri=CELEX:32024R0413,898,,
Commission Implementing Regulation (EU) 2025/862 of 30 April 2025 amending Annex I to Implementing Regulation (EU) 2023/594 laying down special disease control measures for African swine fever,C/2025/2724,"OJ L, 2025/862,  2.5.2025, ELI:http://data.europa.eu/eli/reg_impl/2025/862/oj(BG, ES, CS, DA, DE, ET, EL, EN, FR, GA, HR, IT, LV, LT, HU, MT, NL, PL, PT, RO, SK, SL, FI, SV)",In force,32025R0862,"BG, ES, CS, DA, DE, ET, EL, EN, FR, GA, HR, IT, LV, LT, HU, MT, NL, PL, PT, RO, SK, SL, FI, SV",Implementing regulation,"European Commission, Directorate-General for Health and Food Safety",30/04/2025; Date of adoption,https://eur-lex.europa.eu/legal-content/AUTO/?uri=CELEX:32025R0862,899,,
Commission Implementing Regulation (EU) 2025/1072 of 22 May 2025 amending Annex I to Implementing Regulation (EU) 2023/594 laying down special disease control measures for African swine fever,C/2025/3423,"OJ L, 2025/1072,  23.5.2025, ELI:http://data.europa.eu/eli/reg_impl/2025/1072/oj(BG, ES, CS, DA, DE, ET, EL, EN, FR, GA, HR, IT, LV, LT, HU, MT, NL, PL, PT, RO, SK, SL, FI, SV)",In force,32025R1072,"BG, ES, CS, DA, DE, ET, EL, EN, FR, GA, HR, IT, LV, LT, HU, MT, NL, PL, PT, RO, SK, SL, FI, SV",Implementing regulation,"European Commission, Directorate-General for Health and Food Safety",22/05/2025; Date of adoption,https://eur-lex.europa.eu/legal-content/AUTO/?uri=CELEX:32025R1072,901,,
Commission Implementing Regulation (EU) 2024/2928 of 20 November 2024 amending Annex I to Implementing Regulation (EU) 2023/594 laying down special control measures for African swine fever,C/2024/8292,"OJ L, 2024/2928,  22.11.2024, ELI:http://data.europa.eu/eli/reg_impl/2024/2928/oj(BG, ES, CS, DA, DE, ET, EL, EN, FR, GA, HR, IT, LV, LT, HU, MT, NL, PL, PT, RO, SK, SL, FI, SV)",In force,32024R2928,"BG, ES, CS, DA, DE, ET, EL, EN, FR, GA, HR, IT, LV, LT, HU, MT, NL, PL, PT, RO, SK, SL, FI, SV",Implementing regulation,"European Commission, Directorate-General for Health and Food Safety",20/11/2024; Date of adoption,https://eur-lex.europa.eu/legal-content/AUTO/?uri=CELEX:32024R2928,902,,
Commission Implementing Regulation (EU) 2024/2139 of 1 August 2024 amending Annexes I and II to Implementing Regulation (EU) 2023/594 laying down special control measures for African swine fever,C/2024/5651,"OJ L, 2024/2139,  2.8.2024, ELI:http://data.europa.eu/eli/reg_impl/2024/2139/oj(BG, ES, CS, DA, DE, ET, EL, EN, FR, GA, HR, IT, LV, LT, HU, MT, NL, PL, PT, RO, SK, SL, FI, SV)",In force,32024R2139,"BG, ES, CS, DA, DE, ET, EL, EN, FR, GA, HR, IT, LV, LT, HU, MT, NL, PL, PT, RO, SK, SL, FI, SV",Implementing regulation,"European Commission, Directorate-General for Health and Food Safety",01/08/2024; Date of adoption,https://eur-lex.europa.eu/legal-content/AUTO/?uri=CELEX:32024R2139,902,,
Commission Implementing Regulation (EU) 2025/715 of 7 April 2025 amending Annex I to Implementing Regulation (EU) 2023/594 laying down special disease control measures for African swine fever,C/2025/2228,"OJ L, 2025/715,  8.4.2025, ELI:http://data.europa.eu/eli/reg_impl/2025/715/oj(BG, ES, CS, DA, DE, ET, EL, EN, FR, GA, HR, IT, LV, LT, HU, MT, NL, PL, PT, RO, SK, SL, FI, SV)",In force,32025R0715,"BG, ES, CS, DA, DE, ET, EL, EN, FR, GA, HR, IT, LV, LT, HU, MT, NL, PL, PT, RO, SK, SL, FI, SV",Implementing regulation,"European Commission, Directorate-General for Health and Food Safety",07/04/2025; Date of adoption,https://eur-lex.europa.eu/legal-content/AUTO/?uri=CELEX:32025R0715,903,,
Commission Implementing Regulation (EU) 2024/3245 of 19 December 2024 amending Annexes I and II to Implementing Regulation (EU) 2023/594 laying down special control measures for African swine fever and repealing Implementing Decision (EU) 2024/2976 concerning certain interim emergency measures relating to African swine fever in Germany,C/2024/9307,"OJ L, 2024/3245,  31.12.2024, ELI:http://data.europa.eu/eli/reg_impl/2024/3245/oj(BG, ES, CS, DA, DE, ET, EL, EN, FR, GA, HR, IT, LV, LT, HU, MT, NL, PL, PT, RO, SK, SL, FI, SV)",In force,32024R3245,"BG, ES, CS, DA, DE, ET, EL, EN, FR, GA, HR, IT, LV, LT, HU, MT, NL, PL, PT, RO, SK, SL, FI, SV",Implementing regulation,"European Commission, Directorate-General for Health and Food Safety",19/12/2024; Date of adoption,https://eur-lex.europa.eu/legal-content/AUTO/?uri=CELEX:32024R3245,903,,
Commission Implementing Regulation (EU) 2024/2825 of 29 October 2024 amending Annex I to Implementing Regulation (EU) 2023/594 laying down special control measures for African swine fever,C/2024/7722,"OJ L, 2024/2825,  31.10.2024, ELI:http://data.europa.eu/eli/reg_impl/2024/2825/oj(BG, ES, CS, DA, DE, ET, EL, EN, FR, GA, HR, IT, LV, LT, HU, MT, NL, PL, PT, RO, SK, SL, FI, SV)",In force,32024R2825,"BG, ES, CS, DA, DE, ET, EL, EN, FR, GA, HR, IT, LV, LT, HU, MT, NL, PL, PT, RO, SK, SL, FI, SV",Implementing regulation,"European Commission, Directorate-General for Health and Food Safety",29/10/2024; Date of adoption,https://eur-lex.europa.eu/legal-content/AUTO/?uri=CELEX:32024R2825,903,,
Commission Implementing Regulation (EU) 2024/1269 of 29 April 2024 amending Annex I to Implementing Regulation (EU) 2023/594 laying down special control measures for African swine fever,C/2024/2952,"OJ L, 2024/1269,  30.4.2024, ELI:http://data.europa.eu/eli/reg_impl/2024/1269/oj(BG, ES, CS, DA, DE, ET, EL, EN, FR, GA, HR, IT, LV, LT, HU, MT, NL, PL, PT, RO, SK, SL, FI, SV)",In force,32024R1269,"BG, ES, CS, DA, DE, ET, EL, EN, FR, GA, HR, IT, LV, LT, HU, MT, NL, PL, PT, RO, SK, SL, FI, SV",Implementing regulation,"European Commission, Directorate-General for Health and Food Safety",29/04/2024; Date of adoption,https://eur-lex.europa.eu/legal-content/AUTO/?uri=CELEX:32024R1269,903,,
Commission Implementing Regulation (EU) 2025/1242 of 19 June 2025 amending Annexes I and II to Implementing Regulation (EU) 2023/594 laying down special disease control measures for African swine fever,C/2025/4048,"OJ L, 2025/1242,  20.6.2025, ELI:http://data.europa.eu/eli/reg_impl/2025/1242/oj(BG, ES, CS, DA, DE, ET, EL, EN, FR, GA, HR, IT, LV, LT, HU, MT, NL, PL, PT, RO, SK, SL, FI, SV)",In force,32025R1242,"BG, ES, CS, DA, DE, ET, EL, EN, FR, GA, HR, IT, LV, LT, HU, MT, NL, PL, PT, RO, SK, SL, FI, SV",Implementing regulation,"European Commission, Directorate-General for Health and Food Safety",19/06/2025; Date of adoption,https://eur-lex.europa.eu/legal-content/AUTO/?uri=CELEX:32025R1242,905,,
Commission Implementing Regulation (EU) 2024/2526 of 23 September 2024 amending Annexes I and II to Implementing Regulation (EU) 2023/594 laying down special control measures for African swine fever,C/2024/6757,"OJ L, 2024/2526,  24.9.2024, ELI:http://data.europa.eu/eli/reg_impl/2024/2526/oj(BG, ES, CS, DA, DE, ET, EL, EN, FR, GA, HR, IT, LV, LT, HU, MT, NL, PL, PT, RO, SK, SL, FI, SV)",In force,32024R2526,"BG, ES, CS, DA, DE, ET, EL, EN, FR, GA, HR, IT, LV, LT, HU, MT, NL, PL, PT, RO, SK, SL, FI, SV",Implementing regulation,"European Commission, Directorate-General for Health and Food Safety",23/09/2024; Date of adoption,https://eur-lex.europa.eu/legal-content/AUTO/?uri=CELEX:32024R2526,905,,
Commission Implementing Regulation (EU) 2025/448 of 28 February 2025 amending Annexes I and II to Implementing Regulation (EU) 2023/594 laying down special disease control measures for African swine fever,C/2025/1441,"OJ L, 2025/448,  3.3.2025, ELI:http://data.europa.eu/eli/reg_impl/2025/448/oj(BG, ES, CS, DA, DE, ET, EL, EN, FR, GA, HR, IT, LV, LT, HU, MT, NL, PL, PT, RO, SK, SL, FI, SV)",In force,32025R0448,"BG, ES, CS, DA, DE, ET, EL, EN, FR, GA, HR, IT, LV, LT, HU, MT, NL, PL, PT, RO, SK, SL, FI, SV",Implementing regulation,"European Commission, Directorate-General for Health and Food Safety",28/02/2025; Date of adoption,https://eur-lex.europa.eu/legal-content/AUTO/?uri=CELEX:32025R0448,905,,
"Commission Implementing Regulation (EU) 2024/2675 of 10 October 2024 providing for emergency financial support for the agricultural sectors affected by adverse climatic events in Bulgaria, Germany, Estonia, Italy and Romania, in accordance with Regulation (EU) No 1308/2013 of the European Parliament and of the Council",C/2024/7150,"OJ L, 2024/2675,  10.10.2024, ELI:http://data.europa.eu/eli/reg_impl/2024/2675/oj(BG, ES, CS, DA, DE, ET, EL, EN, FR, GA, HR, IT, LV, LT, HU, MT, NL, PL, PT, RO, SK, SL, FI, SV)",In force,32024R2675,"BG, ES, CS, DA, DE, ET, EL, EN, FR, GA, HR, IT, LV, LT, HU, MT, NL, PL, PT, RO, SK, SL, FI, SV",Implementing regulation,"European Commission, Directorate-General for Agriculture and Rural Development",10/10/2024; Date of adoption,https://eur-lex.europa.eu/legal-content/AUTO/?uri=CELEX:32024R2675,906,,
Commission Implementing Regulation (EU) 2025/164 of 23 January 2025 amending Annex I to Implementing Regulation (EU) 2023/594 laying down special control measures for African swine fever,C/2025/614,"OJ L, 2025/164,  24.1.2025, ELI:http://data.europa.eu/eli/reg_impl/2025/164/oj(BG, ES, CS, DA, DE, ET, EL, EN, FR, GA, HR, IT, LV, LT, HU, MT, NL, PL, PT, RO, SK, SL, FI, SV)",In force,32025R0164,"BG, ES, CS, DA, DE, ET, EL, EN, FR, GA, HR, IT, LV, LT, HU, MT, NL, PL, PT, RO, SK, SL, FI, SV",Implementing regulation,"European Commission, Directorate-General for Health and Food Safety",23/01/2025; Date of adoption,https://eur-lex.europa.eu/legal-content/AUTO/?uri=CELEX:32025R0164,906,,
Commission Implementing Regulation (EU) 2024/968 of 21 March 2024 amending Annex I to Implementing Regulation (EU) 2023/594 laying down special control measures for African swine fever,C/2024/1982,"OJ L, 2024/968,  22.3.2024, ELI:http://data.europa.eu/eli/reg_impl/2024/968/oj(BG, ES, CS, DA, DE, ET, EL, EN, FR, GA, HR, IT, LV, LT, HU, MT, NL, PL, PT, RO, SK, SL, FI, SV)",In force,32024R0968,"BG, ES, CS, DA, DE, ET, EL, EN, FR, GA, HR, IT, LV, LT, HU, MT, NL, PL, PT, RO, SK, SL, FI, SV",Implementing regulation,"European Commission, Directorate-General for Health and Food Safety",21/03/2024; Date of adoption,https://eur-lex.europa.eu/legal-content/AUTO/?uri=CELEX:32024R0968,907,,
Commission Implementing Regulation (EU) 2024/1857 of 28 June 2024 amending Annexes I and II to Implementing Regulation (EU) 2023/594 laying down special control measures for African swine fever and repealing Commission Implementing Decision (EU) 2024/1695 and Commission Implementing Decision (EU) 2024/1790,C/2024/4581,"OJ L, 2024/1857,  1.7.2024, ELI:http://data.europa.eu/eli/reg_impl/2024/1857/oj(BG, ES, CS, DA, DE, ET, EL, EN, FR, GA, HR, IT, LV, LT, HU, MT, NL, PL, PT, RO, SK, SL, FI, SV)",In force,32024R1857,"BG, ES, CS, DA, DE, ET, EL, EN, FR, GA, HR, IT, LV, LT, HU, MT, NL, PL, PT, RO, SK, SL, FI, SV",Implementing regulation,"European Commission, Directorate-General for Health and Food Safety",28/06/2024; Date of adoption,https://eur-lex.europa.eu/legal-content/AUTO/?uri=CELEX:32024R1857,908,,
